Building Challenge
WARNING: THIS IS NOT REAL LANDRUN! UNSAFELY RUNNING exec lake build Challenge
⚠ [2565/2566] Replayed Challenge
warning: Challenge.lean:242:8: declaration uses `sorry`
Build completed successfully (2566 jobs).
WARNING: THIS IS NOT REAL LANDRUN! UNSAFELY RUNNING exec /home/runner/work/differential-geometry/differential-geometry/.lake/comparator-tools/v4.34.0-rc2/.lake/packages/lean4export/.lake/build/bin/lean4export Challenge -- Nat String String.mk Char Quot Quot.mk Quot.lift Quot.ind HamiltonPointwise.hamilton_positive_ricci propext Quot.sound Classical.choice Nat.add Nat.sub Nat.mul Nat.pow Nat.gcd Nat.div Nat.mod Nat.beq Nat.ble Nat.land Nat.lor Nat.xor Nat.shiftLeft Nat.shiftRight String.ofList Char.ofNat List eagerReduce
Exporting #[Nat, String, String.mk, Char, Quot, Quot.mk, Quot.lift, Quot.ind, HamiltonPointwise.hamilton_positive_ricci, propext, Quot.sound, Classical.choice, Nat.add, Nat.sub, Nat.mul, Nat.pow, Nat.gcd, Nat.div, Nat.mod, Nat.beq, Nat.ble, Nat.land, Nat.lor, Nat.xor, Nat.shiftLeft, Nat.shiftRight, String.ofList, Char.ofNat, List, eagerReduce] from Challenge
Building Solution
WARNING: THIS IS NOT REAL LANDRUN! UNSAFELY RUNNING exec lake build Solution
⚠ [2577/2633] Replayed DifferentialGeometry.Tensor.Multilinear.Basis
warning: DifferentialGeometry/Tensor/Multilinear/Basis.lean:74:51: `if_neg` has been deprecated: Use `ite_eq_right` instead
⚠ [2582/2633] Replayed DifferentialGeometry.Tensor.RSTensor.Coordinates.CoordinateBasis
warning: DifferentialGeometry/Tensor/RSTensor/Coordinates/CoordinateBasis.lean:59:51: `if_neg` has been deprecated: Use `ite_eq_right` instead
⚠ [2611/2633] Replayed DifferentialGeometry.Bundle.Equiv
warning: DifferentialGeometry/Bundle/Equiv.lean:291:4: `dif_pos` has been deprecated: Use `dite_eq_left` instead
warning: DifferentialGeometry/Bundle/Equiv.lean:311:4: `dif_pos` has been deprecated: Use `dite_eq_left` instead
⚠ [3032/3187] Replayed DifferentialGeometry.Tensor.RSTensor.Derivation.NablaOnTensors
warning: DifferentialGeometry/Tensor/RSTensor/Derivation/NablaOnTensors.lean:492:10: `if_pos` has been deprecated: Use `ite_eq_left` instead
warning: DifferentialGeometry/Tensor/RSTensor/Derivation/NablaOnTensors.lean:492:21: `if_pos` has been deprecated: Use `ite_eq_left` instead
warning: DifferentialGeometry/Tensor/RSTensor/Derivation/NablaOnTensors.lean:492:32: `if_pos` has been deprecated: Use `ite_eq_left` instead
warning: DifferentialGeometry/Tensor/RSTensor/Derivation/NablaOnTensors.lean:495:10: `if_neg` has been deprecated: Use `ite_eq_right` instead
warning: DifferentialGeometry/Tensor/RSTensor/Derivation/NablaOnTensors.lean:495:21: `if_neg` has been deprecated: Use `ite_eq_right` instead
warning: DifferentialGeometry/Tensor/RSTensor/Derivation/NablaOnTensors.lean:495:32: `if_neg` has been deprecated: Use `ite_eq_right` instead
warning: DifferentialGeometry/Tensor/RSTensor/Derivation/NablaOnTensors.lean:514:10: `if_pos` has been deprecated: Use `ite_eq_left` instead
warning: DifferentialGeometry/Tensor/RSTensor/Derivation/NablaOnTensors.lean:514:21: `if_pos` has been deprecated: Use `ite_eq_left` instead
warning: DifferentialGeometry/Tensor/RSTensor/Derivation/NablaOnTensors.lean:517:10: `if_neg` has been deprecated: Use `ite_eq_right` instead
warning: DifferentialGeometry/Tensor/RSTensor/Derivation/NablaOnTensors.lean:517:21: `if_neg` has been deprecated: Use `ite_eq_right` instead
warning: DifferentialGeometry/Tensor/RSTensor/Derivation/NablaOnTensors.lean:541:6: `if_pos` has been deprecated: Use `ite_eq_left` instead
warning: DifferentialGeometry/Tensor/RSTensor/Derivation/NablaOnTensors.lean:555:6: `if_neg` has been deprecated: Use `ite_eq_right` instead
⚠ [3034/3187] Replayed DifferentialGeometry.Tensor.RSTensor.NablaOnTensors.Model.TensorRS
warning: DifferentialGeometry/Tensor/RSTensor/NablaOnTensors/Model/TensorRS.lean:202:12: `if_pos` has been deprecated: Use `ite_eq_left` instead
warning: DifferentialGeometry/Tensor/RSTensor/NablaOnTensors/Model/TensorRS.lean:210:12: `if_neg` has been deprecated: Use `ite_eq_right` instead
warning: DifferentialGeometry/Tensor/RSTensor/NablaOnTensors/Model/TensorRS.lean:220:12: `if_pos` has been deprecated: Use `ite_eq_left` instead
warning: DifferentialGeometry/Tensor/RSTensor/NablaOnTensors/Model/TensorRS.lean:228:12: `if_neg` has been deprecated: Use `ite_eq_right` instead
⚠ [3038/3187] Replayed DifferentialGeometry.Tensor.RSTensor.NablaOnTensors.Connection.Endomorphism
warning: DifferentialGeometry/Tensor/RSTensor/NablaOnTensors/Connection/Endomorphism.lean:155:10: `if_pos` has been deprecated: Use `ite_eq_left` instead
warning: DifferentialGeometry/Tensor/RSTensor/NablaOnTensors/Connection/Endomorphism.lean:155:21: `if_pos` has been deprecated: Use `ite_eq_left` instead
warning: DifferentialGeometry/Tensor/RSTensor/NablaOnTensors/Connection/Endomorphism.lean:155:32: `if_pos` has been deprecated: Use `ite_eq_left` instead
warning: DifferentialGeometry/Tensor/RSTensor/NablaOnTensors/Connection/Endomorphism.lean:158:10: `if_neg` has been deprecated: Use `ite_eq_right` instead
warning: DifferentialGeometry/Tensor/RSTensor/NablaOnTensors/Connection/Endomorphism.lean:158:21: `if_neg` has been deprecated: Use `ite_eq_right` instead
warning: DifferentialGeometry/Tensor/RSTensor/NablaOnTensors/Connection/Endomorphism.lean:158:32: `if_neg` has been deprecated: Use `ite_eq_right` instead
warning: DifferentialGeometry/Tensor/RSTensor/NablaOnTensors/Connection/Endomorphism.lean:177:10: `if_pos` has been deprecated: Use `ite_eq_left` instead
warning: DifferentialGeometry/Tensor/RSTensor/NablaOnTensors/Connection/Endomorphism.lean:177:21: `if_pos` has been deprecated: Use `ite_eq_left` instead
warning: DifferentialGeometry/Tensor/RSTensor/NablaOnTensors/Connection/Endomorphism.lean:180:10: `if_neg` has been deprecated: Use `ite_eq_right` instead
warning: DifferentialGeometry/Tensor/RSTensor/NablaOnTensors/Connection/Endomorphism.lean:180:21: `if_neg` has been deprecated: Use `ite_eq_right` instead
warning: DifferentialGeometry/Tensor/RSTensor/NablaOnTensors/Connection/Endomorphism.lean:197:10: `if_pos` has been deprecated: Use `ite_eq_left` instead
warning: DifferentialGeometry/Tensor/RSTensor/NablaOnTensors/Connection/Endomorphism.lean:197:21: `if_pos` has been deprecated: Use `ite_eq_left` instead
warning: DifferentialGeometry/Tensor/RSTensor/NablaOnTensors/Connection/Endomorphism.lean:197:32: `if_pos` has been deprecated: Use `ite_eq_left` instead
warning: DifferentialGeometry/Tensor/RSTensor/NablaOnTensors/Connection/Endomorphism.lean:199:10: `if_neg` has been deprecated: Use `ite_eq_right` instead
warning: DifferentialGeometry/Tensor/RSTensor/NablaOnTensors/Connection/Endomorphism.lean:199:21: `if_neg` has been deprecated: Use `ite_eq_right` instead
warning: DifferentialGeometry/Tensor/RSTensor/NablaOnTensors/Connection/Endomorphism.lean:199:32: `if_neg` has been deprecated: Use `ite_eq_right` instead
warning: DifferentialGeometry/Tensor/RSTensor/NablaOnTensors/Connection/Endomorphism.lean:213:10: `if_pos` has been deprecated: Use `ite_eq_left` instead
warning: DifferentialGeometry/Tensor/RSTensor/NablaOnTensors/Connection/Endomorphism.lean:213:21: `if_pos` has been deprecated: Use `ite_eq_left` instead
warning: DifferentialGeometry/Tensor/RSTensor/NablaOnTensors/Connection/Endomorphism.lean:215:10: `if_neg` has been deprecated: Use `ite_eq_right` instead
warning: DifferentialGeometry/Tensor/RSTensor/NablaOnTensors/Connection/Endomorphism.lean:215:21: `if_neg` has been deprecated: Use `ite_eq_right` instead
warning: DifferentialGeometry/Tensor/RSTensor/NablaOnTensors/Connection/Endomorphism.lean:242:6: `if_pos` has been deprecated: Use `ite_eq_left` instead
warning: DifferentialGeometry/Tensor/RSTensor/NablaOnTensors/Connection/Endomorphism.lean:257:6: `if_neg` has been deprecated: Use `ite_eq_right` instead
⚠ [3101/3187] Replayed DifferentialGeometry.Geometry.Connection.Realization.Embedding
warning: DifferentialGeometry/Geometry/Connection/Realization/Embedding.lean:90:43: This simp argument is unused:
  ContinuousLinearEquiv.coe_mk

Hint: Omit it from the simp argument list.
  [apply] simp only [NormedSpace.fromTangentSpace]

Note: This linter can be disabled with `set_option linter.unusedSimpArgs false`
⚠ [3113/3187] Replayed DifferentialGeometry.Geometry.Operator.Gradient
warning: DifferentialGeometry/Geometry/Operator/Gradient.lean:482:8: `if_neg` has been deprecated: Use `ite_eq_right` instead
warning: DifferentialGeometry/Geometry/Operator/Gradient.lean:684:12: `if_neg` has been deprecated: Use `ite_eq_right` instead
⚠ [3114/3187] Replayed DifferentialGeometry.Analysis.Integration.Measure.JacobiFormula
warning: DifferentialGeometry/Analysis/Integration/Measure/JacobiFormula.lean:194:10: `if_neg` has been deprecated: Use `ite_eq_right` instead
⚠ [3117/3187] Replayed DifferentialGeometry.Analysis.Integration.Measure.FamilyDecomposition
warning: DifferentialGeometry/Analysis/Integration/Measure/FamilyDecomposition.lean:163:23: `if_pos` has been deprecated: Use `ite_eq_left` instead
warning: DifferentialGeometry/Analysis/Integration/Measure/FamilyDecomposition.lean:167:21: `if_pos` has been deprecated: Use `ite_eq_left` instead
⚠ [3118/3187] Replayed DifferentialGeometry.Analysis.Integration.Measure.Family
warning: DifferentialGeometry/Analysis/Integration/Measure/Family.lean:288:14: `if_neg` has been deprecated: Use `ite_eq_right` instead
⚠ [3174/3187] Replayed DifferentialGeometry.Geometry.Operator.HessianTraceChartInverseGramDerivative
warning: DifferentialGeometry/Geometry/Operator/HessianTraceChartInverseGramDerivative.lean:70:10: `if_neg` has been deprecated: Use `ite_eq_right` instead
warning: DifferentialGeometry/Geometry/Operator/HessianTraceChartInverseGramDerivative.lean:273:12: `if_neg` has been deprecated: Use `ite_eq_right` instead
warning: DifferentialGeometry/Geometry/Operator/HessianTraceChartInverseGramDerivative.lean:286:10: `if_pos` has been deprecated: Use `ite_eq_left` instead
warning: DifferentialGeometry/Geometry/Operator/HessianTraceChartInverseGramDerivative.lean:289:10: `if_neg` has been deprecated: Use `ite_eq_right` instead
⚠ [3180/3397] Replayed DifferentialGeometry.Geometry.Operator.HessianTrace
warning: DifferentialGeometry/Geometry/Operator/HessianTrace.lean:645:20: `if_pos` has been deprecated: Use `ite_eq_left` instead
warning: DifferentialGeometry/Geometry/Operator/HessianTrace.lean:648:20: `if_neg` has been deprecated: Use `ite_eq_right` instead
⚠ [3182/3397] Replayed DifferentialGeometry.Geometry.Connection.ChartFrame.ChartMetric
warning: DifferentialGeometry/Geometry/Connection/ChartFrame/ChartMetric.lean:141:8: `if_neg` has been deprecated: Use `ite_eq_right` instead
⚠ [3183/3397] Replayed DifferentialGeometry.Geometry.Connection.LeviCivita.LeviCivitaChartLocal
warning: DifferentialGeometry/Geometry/Connection/LeviCivita/LeviCivitaChartLocal.lean:259:30: `if_pos` has been deprecated: Use `ite_eq_left` instead
⚠ [3185/3397] Replayed DifferentialGeometry.Geometry.Connection.LeviCivita.LeviCivitaChartMetric
warning: DifferentialGeometry/Geometry/Connection/LeviCivita/LeviCivitaChartMetric.lean:417:8: `if_pos` has been deprecated: Use `ite_eq_left` instead
warning: DifferentialGeometry/Geometry/Connection/LeviCivita/LeviCivitaChartMetric.lean:423:8: `if_neg` has been deprecated: Use `ite_eq_right` instead
⚠ [3742/3855] Replayed DifferentialGeometry.Geometry.Coordinates.CoordinateFrame
warning: DifferentialGeometry/Geometry/Coordinates/CoordinateFrame.lean:333:6: `dif_pos` has been deprecated: Use `dite_eq_left` instead
warning: DifferentialGeometry/Geometry/Coordinates/CoordinateFrame.lean:525:8: `dif_pos` has been deprecated: Use `dite_eq_left` instead
⚠ [3761/3855] Replayed DifferentialGeometry.Geometry.Operator.RoughLaplacian
warning: DifferentialGeometry/Geometry/Operator/RoughLaplacian.lean:841:16: `if_pos` has been deprecated: Use `ite_eq_left` instead
⚠ [3762/3855] Replayed DifferentialGeometry.Geometry.Coordinates.NablaComponents.OneForm.Basic
warning: DifferentialGeometry/Geometry/Coordinates/NablaComponents/OneForm/Basic.lean:296:6: `dif_pos` has been deprecated: Use `dite_eq_left` instead
⚠ [3775/3855] Replayed DifferentialGeometry.Tensor.Auxiliary.SlotAlgebra
warning: DifferentialGeometry/Tensor/Auxiliary/SlotAlgebra.lean:176:8: `if_neg` has been deprecated: Use `ite_eq_right` instead
warning: DifferentialGeometry/Tensor/Auxiliary/SlotAlgebra.lean:176:20: `if_neg` has been deprecated: Use `ite_eq_right` instead
⚠ [3791/3855] Replayed DifferentialGeometry.Geometry.Curvature.CurvatureOperator.CurvatureBundling
warning: DifferentialGeometry/Geometry/Curvature/CurvatureOperator/CurvatureBundling.lean:309:6: try 'simp' instead of 'simpa'

Note: This linter can be disabled with `set_option linter.unnecessarySimpa false`
⚠ [3792/3855] Replayed DifferentialGeometry.Geometry.Connection.TensorNabla.CotangentExtension
warning: DifferentialGeometry/Geometry/Connection/TensorNabla/CotangentExtension.lean:205:6: `dif_pos` has been deprecated: Use `dite_eq_left` instead
warning: DifferentialGeometry/Geometry/Connection/TensorNabla/CotangentExtension.lean:216:6: `dif_neg` has been deprecated: Use `dite_eq_right` instead
⚠ [3793/3855] Replayed DifferentialGeometry.Geometry.Connection.TensorNabla.TensorExtension
warning: DifferentialGeometry/Geometry/Connection/TensorNabla/TensorExtension.lean:408:6: `dif_pos` has been deprecated: Use `dite_eq_left` instead
warning: DifferentialGeometry/Geometry/Connection/TensorNabla/TensorExtension.lean:435:6: `dif_neg` has been deprecated: Use `dite_eq_right` instead
⚠ [3794/3855] Replayed DifferentialGeometry.Geometry.Curvature.CurvatureOperator.RicciConnection
warning: DifferentialGeometry/Geometry/Curvature/CurvatureOperator/RicciConnection.lean:504:6: try 'simp' instead of 'simpa'

Note: This linter can be disabled with `set_option linter.unnecessarySimpa false`
⚠ [3810/3855] Replayed DifferentialGeometry.Geometry.Connection.LeviCivita.Uniqueness
warning: DifferentialGeometry/Geometry/Connection/LeviCivita/Uniqueness.lean:129:8: `dif_pos` has been deprecated: Use `dite_eq_left` instead
⚠ [3817/3855] Replayed DifferentialGeometry.Geometry.Connection.LeviCivita.Curvature.LeviCivita
warning: DifferentialGeometry/Geometry/Connection/LeviCivita/Curvature/LeviCivita.lean:851:8: try 'simp' instead of 'simpa'

Note: This linter can be disabled with `set_option linter.unnecessarySimpa false`
warning: DifferentialGeometry/Geometry/Connection/LeviCivita/Curvature/LeviCivita.lean:852:14: Unused tactic linter: `decide` does nothing

Note: This linter can be disabled with `set_option linter.unusedTactic false`
warning: DifferentialGeometry/Geometry/Connection/LeviCivita/Curvature/LeviCivita.lean:852:14: this tactic is never executed

Note: This linter can be disabled with `set_option linter.unreachableTactic false`
⚠ [3821/3855] Replayed DifferentialGeometry.Tensor.RSTensor.MetricTrace.NablaTraceGen
warning: DifferentialGeometry/Tensor/RSTensor/MetricTrace/NablaTraceGen.lean:573:8: `dif_neg` has been deprecated: Use `dite_eq_right` instead
warning: DifferentialGeometry/Tensor/RSTensor/MetricTrace/NablaTraceGen.lean:573:27: `dif_pos` has been deprecated: Use `dite_eq_left` instead
warning: DifferentialGeometry/Tensor/RSTensor/MetricTrace/NablaTraceGen.lean:575:8: `dif_neg` has been deprecated: Use `dite_eq_right` instead
warning: DifferentialGeometry/Tensor/RSTensor/MetricTrace/NablaTraceGen.lean:575:42: `dif_neg` has been deprecated: Use `dite_eq_right` instead
warning: DifferentialGeometry/Tensor/RSTensor/MetricTrace/NablaTraceGen.lean:768:12: `dif_neg` has been deprecated: Use `dite_eq_right` instead
warning: DifferentialGeometry/Tensor/RSTensor/MetricTrace/NablaTraceGen.lean:768:24: `dif_neg` has been deprecated: Use `dite_eq_right` instead
warning: DifferentialGeometry/Tensor/RSTensor/MetricTrace/NablaTraceGen.lean:768:36: `dif_neg` has been deprecated: Use `dite_eq_right` instead
warning: DifferentialGeometry/Tensor/RSTensor/MetricTrace/NablaTraceGen.lean:768:48: `dif_neg` has been deprecated: Use `dite_eq_right` instead
warning: DifferentialGeometry/Tensor/RSTensor/MetricTrace/NablaTraceGen.lean:782:8: `dif_neg` has been deprecated: Use `dite_eq_right` instead
warning: DifferentialGeometry/Tensor/RSTensor/MetricTrace/NablaTraceGen.lean:782:28: `dif_neg` has been deprecated: Use `dite_eq_right` instead
warning: DifferentialGeometry/Tensor/RSTensor/MetricTrace/NablaTraceGen.lean:862:20: `if_pos` has been deprecated: Use `ite_eq_left` instead
warning: DifferentialGeometry/Tensor/RSTensor/MetricTrace/NablaTraceGen.lean:865:16: `if_neg` has been deprecated: Use `ite_eq_right` instead
warning: DifferentialGeometry/Tensor/RSTensor/MetricTrace/NablaTraceGen.lean:865:35: `if_pos` has been deprecated: Use `ite_eq_left` instead
warning: DifferentialGeometry/Tensor/RSTensor/MetricTrace/NablaTraceGen.lean:868:18: `if_neg` has been deprecated: Use `ite_eq_right` instead
warning: DifferentialGeometry/Tensor/RSTensor/MetricTrace/NablaTraceGen.lean:868:37: `if_neg` has been deprecated: Use `ite_eq_right` instead
warning: DifferentialGeometry/Tensor/RSTensor/MetricTrace/NablaTraceGen.lean:868:56: `if_pos` has been deprecated: Use `ite_eq_left` instead
warning: DifferentialGeometry/Tensor/RSTensor/MetricTrace/NablaTraceGen.lean:869:53: `if_neg` has been deprecated: Use `ite_eq_right` instead
warning: DifferentialGeometry/Tensor/RSTensor/MetricTrace/NablaTraceGen.lean:869:64: `if_neg` has been deprecated: Use `ite_eq_right` instead
warning: DifferentialGeometry/Tensor/RSTensor/MetricTrace/NablaTraceGen.lean:869:75: `if_neg` has been deprecated: Use `ite_eq_right` instead
warning: DifferentialGeometry/Tensor/RSTensor/MetricTrace/NablaTraceGen.lean:891:45: `if_pos` has been deprecated: Use `ite_eq_left` instead
warning: DifferentialGeometry/Tensor/RSTensor/MetricTrace/NablaTraceGen.lean:894:59: `if_pos` has been deprecated: Use `ite_eq_left` instead
warning: DifferentialGeometry/Tensor/RSTensor/MetricTrace/NablaTraceGen.lean:897:68: `if_pos` has been deprecated: Use `ite_eq_left` instead
warning: DifferentialGeometry/Tensor/RSTensor/MetricTrace/NablaTraceGen.lean:903:42: `if_neg` has been deprecated: Use `ite_eq_right` instead
warning: DifferentialGeometry/Tensor/RSTensor/MetricTrace/NablaTraceGen.lean:903:53: `if_pos` has been deprecated: Use `ite_eq_left` instead
warning: DifferentialGeometry/Tensor/RSTensor/MetricTrace/NablaTraceGen.lean:908:49: `if_neg` has been deprecated: Use `ite_eq_right` instead
warning: DifferentialGeometry/Tensor/RSTensor/MetricTrace/NablaTraceGen.lean:908:60: `if_neg` has been deprecated: Use `ite_eq_right` instead
warning: DifferentialGeometry/Tensor/RSTensor/MetricTrace/NablaTraceGen.lean:908:71: `if_pos` has been deprecated: Use `ite_eq_left` instead
warning: DifferentialGeometry/Tensor/RSTensor/MetricTrace/NablaTraceGen.lean:911:58: `if_neg` has been deprecated: Use `ite_eq_right` instead
warning: DifferentialGeometry/Tensor/RSTensor/MetricTrace/NablaTraceGen.lean:911:69: `if_neg` has been deprecated: Use `ite_eq_right` instead
warning: DifferentialGeometry/Tensor/RSTensor/MetricTrace/NablaTraceGen.lean:911:80: `if_pos` has been deprecated: Use `ite_eq_left` instead
⚠ [3825/3855] Replayed DifferentialGeometry.Geometry.Connection.ChartBridge.Riemann
warning: DifferentialGeometry/Geometry/Connection/ChartBridge/Riemann.lean:381:25: `if_false` has been deprecated: Use `ite_false` instead
warning: DifferentialGeometry/Geometry/Connection/ChartBridge/Riemann.lean:386:23: `if_false` has been deprecated: Use `ite_false` instead
warning: DifferentialGeometry/Geometry/Connection/ChartBridge/Riemann.lean:392:21: `if_false` has been deprecated: Use `ite_false` instead
warning: DifferentialGeometry/Geometry/Connection/ChartBridge/Riemann.lean:410:51: `if_pos` has been deprecated: Use `ite_eq_left` instead
warning: DifferentialGeometry/Geometry/Connection/ChartBridge/Riemann.lean:415:8: `if_neg` has been deprecated: Use `ite_eq_right` instead
⚠ [3826/3855] Replayed DifferentialGeometry.Geometry.Connection.ChartBridge.Ricci
warning: DifferentialGeometry/Geometry/Connection/ChartBridge/Ricci.lean:283:12: `if_pos` has been deprecated: Use `ite_eq_left` instead
warning: DifferentialGeometry/Geometry/Connection/ChartBridge/Ricci.lean:285:49: `if_pos` has been deprecated: Use `ite_eq_left` instead
warning: DifferentialGeometry/Geometry/Connection/ChartBridge/Ricci.lean:289:12: `if_neg` has been deprecated: Use `ite_eq_right` instead
warning: DifferentialGeometry/Geometry/Connection/ChartBridge/Ricci.lean:302:47: `if_neg` has been deprecated: Use `ite_eq_right` instead
⚠ [3828/3855] Replayed DifferentialGeometry.Geometry.Curvature.CurvatureOperator.RicciIdentity
warning: DifferentialGeometry/Geometry/Curvature/CurvatureOperator/RicciIdentity.lean:74:6: try 'simp' instead of 'simpa'

Note: This linter can be disabled with `set_option linter.unnecessarySimpa false`
warning: DifferentialGeometry/Geometry/Curvature/CurvatureOperator/RicciIdentity.lean:488:4: try 'simp' instead of 'simpa'

Note: This linter can be disabled with `set_option linter.unnecessarySimpa false`
⚠ [3830/3855] Replayed DifferentialGeometry.Geometry.Connection.ChartBridge.Hessian
warning: DifferentialGeometry/Geometry/Connection/ChartBridge/Hessian.lean:85:4: try 'simp' instead of 'simpa'

Note: This linter can be disabled with `set_option linter.unnecessarySimpa false`
warning: DifferentialGeometry/Geometry/Connection/ChartBridge/Hessian.lean:656:29: `if_pos` has been deprecated: Use `ite_eq_left` instead
warning: DifferentialGeometry/Geometry/Connection/ChartBridge/Hessian.lean:658:29: `if_pos` has been deprecated: Use `ite_eq_left` instead
warning: DifferentialGeometry/Geometry/Connection/ChartBridge/Hessian.lean:663:30: `if_neg` has been deprecated: Use `ite_eq_right` instead
warning: DifferentialGeometry/Geometry/Connection/ChartBridge/Hessian.lean:671:28: `if_neg` has been deprecated: Use `ite_eq_right` instead
warning: DifferentialGeometry/Geometry/Connection/ChartBridge/Hessian.lean:1195:29: `if_pos` has been deprecated: Use `ite_eq_left` instead
warning: DifferentialGeometry/Geometry/Connection/ChartBridge/Hessian.lean:1197:29: `if_pos` has been deprecated: Use `ite_eq_left` instead
warning: DifferentialGeometry/Geometry/Connection/ChartBridge/Hessian.lean:1202:30: `if_neg` has been deprecated: Use `ite_eq_right` instead
warning: DifferentialGeometry/Geometry/Connection/ChartBridge/Hessian.lean:1210:28: `if_neg` has been deprecated: Use `ite_eq_right` instead
⚠ [3834/3855] Replayed DifferentialGeometry.Geometry.Connection.Realization.TensorNabla
warning: DifferentialGeometry/Geometry/Connection/Realization/TensorNabla.lean:175:6: `dif_pos` has been deprecated: Use `dite_eq_left` instead
warning: DifferentialGeometry/Geometry/Connection/Realization/TensorNabla.lean:188:6: `dif_neg` has been deprecated: Use `dite_eq_right` instead
⚠ [3835/3855] Replayed DifferentialGeometry.Geometry.Connection.Realization.HomNabla
warning: DifferentialGeometry/Geometry/Connection/Realization/HomNabla.lean:207:6: `dif_pos` has been deprecated: Use `dite_eq_left` instead
warning: DifferentialGeometry/Geometry/Connection/Realization/HomNabla.lean:236:6: `dif_neg` has been deprecated: Use `dite_eq_right` instead
⚠ [3837/3855] Replayed DifferentialGeometry.Geometry.Metric.PointwiseInner.DualMetric
warning: DifferentialGeometry/Geometry/Metric/PointwiseInner/DualMetric.lean:261:8: `if_neg` has been deprecated: Use `ite_eq_right` instead
warning: DifferentialGeometry/Geometry/Metric/PointwiseInner/DualMetric.lean:261:19: `if_neg` has been deprecated: Use `ite_eq_right` instead
warning: DifferentialGeometry/Geometry/Metric/PointwiseInner/DualMetric.lean:273:6: `if_neg` has been deprecated: Use `ite_eq_right` instead
warning: DifferentialGeometry/Geometry/Metric/PointwiseInner/DualMetric.lean:283:6: `if_neg` has been deprecated: Use `ite_eq_right` instead
warning: DifferentialGeometry/Geometry/Metric/PointwiseInner/DualMetric.lean:296:8: `if_neg` has been deprecated: Use `ite_eq_right` instead
warning: DifferentialGeometry/Geometry/Metric/PointwiseInner/DualMetric.lean:296:19: `if_neg` has been deprecated: Use `ite_eq_right` instead
warning: DifferentialGeometry/Geometry/Metric/PointwiseInner/DualMetric.lean:770:12: `if_neg` has been deprecated: Use `ite_eq_right` instead
warning: DifferentialGeometry/Geometry/Metric/PointwiseInner/DualMetric.lean:774:12: `if_neg` has been deprecated: Use `ite_eq_right` instead
warning: DifferentialGeometry/Geometry/Metric/PointwiseInner/DualMetric.lean:811:13: `if_pos` has been deprecated: Use `ite_eq_left` instead
⚠ [3844/3855] Replayed DifferentialGeometry.Geometry.Metric.TensorInner.Tensor0SInnerBridgeIdentity
warning: DifferentialGeometry/Geometry/Metric/TensorInner/Tensor0SInnerBridgeIdentity.lean:446:8: `if_pos` has been deprecated: Use `ite_eq_left` instead
warning: DifferentialGeometry/Geometry/Metric/TensorInner/Tensor0SInnerBridgeIdentity.lean:447:8: `if_pos` has been deprecated: Use `ite_eq_left` instead
warning: DifferentialGeometry/Geometry/Metric/TensorInner/Tensor0SInnerBridgeIdentity.lean:448:8: `if_neg` has been deprecated: Use `ite_eq_right` instead
warning: DifferentialGeometry/Geometry/Metric/TensorInner/Tensor0SInnerBridgeIdentity.lean:450:8: `if_neg` has been deprecated: Use `ite_eq_right` instead
warning: DifferentialGeometry/Geometry/Metric/TensorInner/Tensor0SInnerBridgeIdentity.lean:471:8: `if_pos` has been deprecated: Use `ite_eq_left` instead
warning: DifferentialGeometry/Geometry/Metric/TensorInner/Tensor0SInnerBridgeIdentity.lean:472:8: `if_pos` has been deprecated: Use `ite_eq_left` instead
warning: DifferentialGeometry/Geometry/Metric/TensorInner/Tensor0SInnerBridgeIdentity.lean:473:8: `if_neg` has been deprecated: Use `ite_eq_right` instead
warning: DifferentialGeometry/Geometry/Metric/TensorInner/Tensor0SInnerBridgeIdentity.lean:475:8: `if_neg` has been deprecated: Use `ite_eq_right` instead
⚠ [3853/4091] Replayed DifferentialGeometry.Geometry.Connection.ChartTensorNabla.Agreement.ChartTensor0SCovariantDerivativeAgreement
warning: DifferentialGeometry/Geometry/Connection/ChartTensorNabla/Agreement/ChartTensor0SCovariantDerivativeAgreement.lean:64:43: This simp argument is unused:
  ContinuousLinearEquiv.coe_mk

Hint: Omit it from the simp argument list.
  [apply] simp only [NormedSpace.fromTangentSpace]

Note: This linter can be disabled with `set_option linter.unusedSimpArgs false`
⚠ [3860/4091] Replayed DifferentialGeometry.Geometry.Connection.TensorNabla.HomBundleNabla
warning: DifferentialGeometry/Geometry/Connection/TensorNabla/HomBundleNabla.lean:247:6: `dif_pos` has been deprecated: Use `dite_eq_left` instead
warning: DifferentialGeometry/Geometry/Connection/TensorNabla/HomBundleNabla.lean:262:6: `dif_neg` has been deprecated: Use `dite_eq_right` instead
⚠ [3923/4091] Replayed DifferentialGeometry.Geometry.Connection.MetricCompatibility.ChartGramChristoffel
warning: DifferentialGeometry/Geometry/Connection/MetricCompatibility/ChartGramChristoffel.lean:67:8: `if_neg` has been deprecated: Use `ite_eq_right` instead
⚠ [3924/4091] Replayed DifferentialGeometry.Geometry.Connection.ParallelTransport.AlongCurve
warning: DifferentialGeometry/Geometry/Connection/ParallelTransport/AlongCurve.lean:498:39: `ContinuousLinearMap.lipschitz` has been deprecated: Use `ContinuousLinearMap.lipschitzWith` instead
warning: DifferentialGeometry/Geometry/Connection/ParallelTransport/AlongCurve.lean:858:39: `if_neg` has been deprecated: Use `ite_eq_right` instead
⚠ [3927/4091] Replayed DifferentialGeometry.Geometry.Geodesic.ChartTransitionJacobian
warning: DifferentialGeometry/Geometry/Geodesic/ChartTransitionJacobian.lean:89:10: `if_neg` has been deprecated: Use `ite_eq_right` instead
warning: DifferentialGeometry/Geometry/Geodesic/ChartTransitionJacobian.lean:89:48: `if_neg` has been deprecated: Use `ite_eq_right` instead
warning: DifferentialGeometry/Geometry/Geodesic/ChartTransitionJacobian.lean:145:8: `if_neg` has been deprecated: Use `ite_eq_right` instead
warning: DifferentialGeometry/Geometry/Geodesic/ChartTransitionJacobian.lean:145:46: `if_neg` has been deprecated: Use `ite_eq_right` instead
⚠ [3928/4091] Replayed DifferentialGeometry.Geometry.Connection.MetricCompatibility.ChartTransition
warning: DifferentialGeometry/Geometry/Connection/MetricCompatibility/ChartTransition.lean:256:16: `if_pos` has been deprecated: Use `ite_eq_left` instead
warning: DifferentialGeometry/Geometry/Connection/MetricCompatibility/ChartTransition.lean:256:26: `if_pos` has been deprecated: Use `ite_eq_left` instead
warning: DifferentialGeometry/Geometry/Connection/MetricCompatibility/ChartTransition.lean:257:16: `if_neg` has been deprecated: Use `ite_eq_right` instead
warning: DifferentialGeometry/Geometry/Connection/MetricCompatibility/ChartTransition.lean:257:26: `if_neg` has been deprecated: Use `ite_eq_right` instead
warning: DifferentialGeometry/Geometry/Connection/MetricCompatibility/ChartTransition.lean:260:12: `if_pos` has been deprecated: Use `ite_eq_left` instead
warning: DifferentialGeometry/Geometry/Connection/MetricCompatibility/ChartTransition.lean:277:16: `if_pos` has been deprecated: Use `ite_eq_left` instead
warning: DifferentialGeometry/Geometry/Connection/MetricCompatibility/ChartTransition.lean:277:26: `if_pos` has been deprecated: Use `ite_eq_left` instead
warning: DifferentialGeometry/Geometry/Connection/MetricCompatibility/ChartTransition.lean:278:16: `if_neg` has been deprecated: Use `ite_eq_right` instead
warning: DifferentialGeometry/Geometry/Connection/MetricCompatibility/ChartTransition.lean:278:26: `if_neg` has been deprecated: Use `ite_eq_right` instead
warning: DifferentialGeometry/Geometry/Connection/MetricCompatibility/ChartTransition.lean:281:12: `if_pos` has been deprecated: Use `ite_eq_left` instead
warning: DifferentialGeometry/Geometry/Connection/MetricCompatibility/ChartTransition.lean:285:14: `if_pos` has been deprecated: Use `ite_eq_left` instead
warning: DifferentialGeometry/Geometry/Connection/MetricCompatibility/ChartTransition.lean:285:24: `if_pos` has been deprecated: Use `ite_eq_left` instead
warning: DifferentialGeometry/Geometry/Connection/MetricCompatibility/ChartTransition.lean:286:14: `if_neg` has been deprecated: Use `ite_eq_right` instead
warning: DifferentialGeometry/Geometry/Connection/MetricCompatibility/ChartTransition.lean:286:24: `if_neg` has been deprecated: Use `ite_eq_right` instead
warning: DifferentialGeometry/Geometry/Connection/MetricCompatibility/ChartTransition.lean:834:10: `if_pos` has been deprecated: Use `ite_eq_left` instead
warning: DifferentialGeometry/Geometry/Connection/MetricCompatibility/ChartTransition.lean:835:24: `if_neg` has been deprecated: Use `ite_eq_right` instead
warning: DifferentialGeometry/Geometry/Connection/MetricCompatibility/ChartTransition.lean:987:12: `if_pos` has been deprecated: Use `ite_eq_left` instead
warning: DifferentialGeometry/Geometry/Connection/MetricCompatibility/ChartTransition.lean:991:12: `if_neg` has been deprecated: Use `ite_eq_right` instead
warning: DifferentialGeometry/Geometry/Connection/MetricCompatibility/ChartTransition.lean:1181:16: `if_pos` has been deprecated: Use `ite_eq_left` instead
warning: DifferentialGeometry/Geometry/Connection/MetricCompatibility/ChartTransition.lean:1181:26: `if_pos` has been deprecated: Use `ite_eq_left` instead
warning: DifferentialGeometry/Geometry/Connection/MetricCompatibility/ChartTransition.lean:1182:16: `if_neg` has been deprecated: Use `ite_eq_right` instead
warning: DifferentialGeometry/Geometry/Connection/MetricCompatibility/ChartTransition.lean:1182:26: `if_neg` has been deprecated: Use `ite_eq_right` instead
warning: DifferentialGeometry/Geometry/Connection/MetricCompatibility/ChartTransition.lean:1186:10: `if_pos` has been deprecated: Use `ite_eq_left` instead
warning: DifferentialGeometry/Geometry/Connection/MetricCompatibility/ChartTransition.lean:1266:39: `if_neg` has been deprecated: Use `ite_eq_right` instead
warning: DifferentialGeometry/Geometry/Connection/MetricCompatibility/ChartTransition.lean:1425:49: `if_pos` has been deprecated: Use `ite_eq_left` instead
warning: DifferentialGeometry/Geometry/Connection/MetricCompatibility/ChartTransition.lean:1428:49: `if_neg` has been deprecated: Use `ite_eq_right` instead
warning: DifferentialGeometry/Geometry/Connection/MetricCompatibility/ChartTransition.lean:1684:49: `if_pos` has been deprecated: Use `ite_eq_left` instead
warning: DifferentialGeometry/Geometry/Connection/MetricCompatibility/ChartTransition.lean:1687:49: `if_neg` has been deprecated: Use `ite_eq_right` instead
warning: DifferentialGeometry/Geometry/Connection/MetricCompatibility/ChartTransition.lean:1729:16: `if_pos` has been deprecated: Use `ite_eq_left` instead
warning: DifferentialGeometry/Geometry/Connection/MetricCompatibility/ChartTransition.lean:1731:16: `if_neg` has been deprecated: Use `ite_eq_right` instead
⚠ [3933/4091] Replayed DifferentialGeometry.Geometry.Connection.Chart.NablaComponents.Basic
warning: DifferentialGeometry/Geometry/Connection/Chart/NablaComponents/Basic.lean:105:8: `dif_pos` has been deprecated: Use `dite_eq_left` instead
⚠ [3934/4091] Replayed DifferentialGeometry.Geometry.Connection.Chart.NablaComponents.OneForm
warning: DifferentialGeometry/Geometry/Connection/Chart/NablaComponents/OneForm.lean:312:6: `dif_pos` has been deprecated: Use `dite_eq_left` instead
⚠ [3936/4091] Replayed DifferentialGeometry.Geometry.Connection.ParallelTransport.ParallelLocalODE
warning: DifferentialGeometry/Geometry/Connection/ParallelTransport/ParallelLocalODE.lean:194:54: `ContinuousLinearMap.lipschitz` has been deprecated: Use `ContinuousLinearMap.lipschitzWith` instead
warning: DifferentialGeometry/Geometry/Connection/ParallelTransport/ParallelLocalODE.lean:365:14: `if_pos` has been deprecated: Use `ite_eq_left` instead
warning: DifferentialGeometry/Geometry/Connection/ParallelTransport/ParallelLocalODE.lean:378:20: `if_pos` has been deprecated: Use `ite_eq_left` instead
warning: DifferentialGeometry/Geometry/Connection/ParallelTransport/ParallelLocalODE.lean:402:20: `if_pos` has been deprecated: Use `ite_eq_left` instead
warning: DifferentialGeometry/Geometry/Connection/ParallelTransport/ParallelLocalODE.lean:419:22: `if_pos` has been deprecated: Use `ite_eq_left` instead
warning: DifferentialGeometry/Geometry/Connection/ParallelTransport/ParallelLocalODE.lean:420:22: `if_neg` has been deprecated: Use `ite_eq_right` instead
warning: DifferentialGeometry/Geometry/Connection/ParallelTransport/ParallelLocalODE.lean:432:20: `if_pos` has been deprecated: Use `ite_eq_left` instead
warning: DifferentialGeometry/Geometry/Connection/ParallelTransport/ParallelLocalODE.lean:446:20: `if_pos` has been deprecated: Use `ite_eq_left` instead
warning: DifferentialGeometry/Geometry/Connection/ParallelTransport/ParallelLocalODE.lean:447:20: `if_neg` has been deprecated: Use `ite_eq_right` instead
warning: DifferentialGeometry/Geometry/Connection/ParallelTransport/ParallelLocalODE.lean:553:14: `if_neg` has been deprecated: Use `ite_eq_right` instead
warning: DifferentialGeometry/Geometry/Connection/ParallelTransport/ParallelLocalODE.lean:568:20: `if_pos` has been deprecated: Use `ite_eq_left` instead
warning: DifferentialGeometry/Geometry/Connection/ParallelTransport/ParallelLocalODE.lean:571:20: `if_neg` has been deprecated: Use `ite_eq_right` instead
warning: DifferentialGeometry/Geometry/Connection/ParallelTransport/ParallelLocalODE.lean:597:22: `if_pos` has been deprecated: Use `ite_eq_left` instead
warning: DifferentialGeometry/Geometry/Connection/ParallelTransport/ParallelLocalODE.lean:600:22: `if_neg` has been deprecated: Use `ite_eq_right` instead
warning: DifferentialGeometry/Geometry/Connection/ParallelTransport/ParallelLocalODE.lean:614:20: `if_neg` has been deprecated: Use `ite_eq_right` instead
warning: DifferentialGeometry/Geometry/Connection/ParallelTransport/ParallelLocalODE.lean:626:20: `if_neg` has been deprecated: Use `ite_eq_right` instead
warning: DifferentialGeometry/Geometry/Connection/ParallelTransport/ParallelLocalODE.lean:635:20: `if_neg` has been deprecated: Use `ite_eq_right` instead
warning: DifferentialGeometry/Geometry/Connection/ParallelTransport/ParallelLocalODE.lean:675:14: `if_pos` has been deprecated: Use `ite_eq_left` instead
warning: DifferentialGeometry/Geometry/Connection/ParallelTransport/ParallelLocalODE.lean:704:14: `if_pos` has been deprecated: Use `ite_eq_left` instead
warning: DifferentialGeometry/Geometry/Connection/ParallelTransport/ParallelLocalODE.lean:715:16: `if_pos` has been deprecated: Use `ite_eq_left` instead
warning: DifferentialGeometry/Geometry/Connection/ParallelTransport/ParallelLocalODE.lean:716:16: `if_neg` has been deprecated: Use `ite_eq_right` instead
warning: DifferentialGeometry/Geometry/Connection/ParallelTransport/ParallelLocalODE.lean:727:14: `if_pos` has been deprecated: Use `ite_eq_left` instead
warning: DifferentialGeometry/Geometry/Connection/ParallelTransport/ParallelLocalODE.lean:738:14: `if_pos` has been deprecated: Use `ite_eq_left` instead
warning: DifferentialGeometry/Geometry/Connection/ParallelTransport/ParallelLocalODE.lean:739:14: `if_neg` has been deprecated: Use `ite_eq_right` instead
warning: DifferentialGeometry/Geometry/Connection/ParallelTransport/ParallelLocalODE.lean:754:8: `if_pos` has been deprecated: Use `ite_eq_left` instead
warning: DifferentialGeometry/Geometry/Connection/ParallelTransport/ParallelLocalODE.lean:788:39: `ContinuousLinearMap.lipschitz` has been deprecated: Use `ContinuousLinearMap.lipschitzWith` instead
⚠ [3937/4091] Replayed DifferentialGeometry.Geometry.Connection.ParallelTransport.Existence
warning: DifferentialGeometry/Geometry/Connection/ParallelTransport/Existence.lean:992:12: `if_pos` has been deprecated: Use `ite_eq_left` instead
warning: DifferentialGeometry/Geometry/Connection/ParallelTransport/Existence.lean:1006:41: `if_pos` has been deprecated: Use `ite_eq_left` instead
warning: DifferentialGeometry/Geometry/Connection/ParallelTransport/Existence.lean:1015:18: `if_pos` has been deprecated: Use `ite_eq_left` instead
warning: DifferentialGeometry/Geometry/Connection/ParallelTransport/Existence.lean:1016:18: `if_neg` has been deprecated: Use `ite_eq_right` instead
warning: DifferentialGeometry/Geometry/Connection/ParallelTransport/Existence.lean:1025:41: `if_pos` has been deprecated: Use `ite_eq_left` instead
warning: DifferentialGeometry/Geometry/Connection/ParallelTransport/Existence.lean:1034:18: `if_pos` has been deprecated: Use `ite_eq_left` instead
warning: DifferentialGeometry/Geometry/Connection/ParallelTransport/Existence.lean:1035:18: `if_neg` has been deprecated: Use `ite_eq_right` instead
⚠ [3938/4091] Replayed DifferentialGeometry.Geometry.Connection.ChartBridge.RiemannBasisBracket
warning: DifferentialGeometry/Geometry/Connection/ChartBridge/RiemannBasisBracket.lean:281:44: `if_pos` has been deprecated: Use `ite_eq_left` instead
warning: DifferentialGeometry/Geometry/Connection/ChartBridge/RiemannBasisBracket.lean:281:56: `if_pos` has been deprecated: Use `ite_eq_left` instead
warning: DifferentialGeometry/Geometry/Connection/ChartBridge/RiemannBasisBracket.lean:285:27: `if_neg` has been deprecated: Use `ite_eq_right` instead
warning: DifferentialGeometry/Geometry/Connection/ChartBridge/RiemannBasisBracket.lean:288:25: `if_neg` has been deprecated: Use `ite_eq_right` instead
warning: DifferentialGeometry/Geometry/Connection/ChartBridge/RiemannBasisBracket.lean:446:58: `if_neg` has been deprecated: Use `ite_eq_right` instead
warning: DifferentialGeometry/Geometry/Connection/ChartBridge/RiemannBasisBracket.lean:448:38: `if_pos` has been deprecated: Use `ite_eq_left` instead
warning: DifferentialGeometry/Geometry/Connection/ChartBridge/RiemannBasisBracket.lean:505:24: `if_pos` has been deprecated: Use `ite_eq_left` instead
warning: DifferentialGeometry/Geometry/Connection/ChartBridge/RiemannBasisBracket.lean:507:22: `if_neg` has been deprecated: Use `ite_eq_right` instead
warning: DifferentialGeometry/Geometry/Connection/ChartBridge/RiemannBasisBracket.lean:545:58: `if_neg` has been deprecated: Use `ite_eq_right` instead
warning: DifferentialGeometry/Geometry/Connection/ChartBridge/RiemannBasisBracket.lean:547:36: `if_pos` has been deprecated: Use `ite_eq_left` instead
⚠ [3939/4091] Replayed DifferentialGeometry.Geometry.Comparison.Variation.FixedChartIdentities
warning: DifferentialGeometry/Geometry/Comparison/Variation/FixedChartIdentities.lean:693:57: `if_pos` has been deprecated: Use `ite_eq_left` instead
warning: DifferentialGeometry/Geometry/Comparison/Variation/FixedChartIdentities.lean:695:57: `if_neg` has been deprecated: Use `ite_eq_right` instead
⚠ [3947/4091] Replayed DifferentialGeometry.Geometry.Geodesic.MaximalInterval
warning: DifferentialGeometry/Geometry/Geodesic/MaximalInterval.lean:164:8: `dif_neg` has been deprecated: Use `dite_eq_right` instead
warning: DifferentialGeometry/Geometry/Geodesic/MaximalInterval.lean:175:8: `dif_pos` has been deprecated: Use `dite_eq_left` instead
⚠ [3966/4091] Replayed DifferentialGeometry.Analysis.ODE.Flow.SolutionOperator
warning: DifferentialGeometry/Analysis/ODE/Flow/SolutionOperator.lean:177:15: `dif_pos` has been deprecated: Use `dite_eq_left` instead
warning: DifferentialGeometry/Analysis/ODE/Flow/SolutionOperator.lean:179:15: `dif_neg` has been deprecated: Use `dite_eq_right` instead
warning: DifferentialGeometry/Analysis/ODE/Flow/SolutionOperator.lean:189:15: `dif_pos` has been deprecated: Use `dite_eq_left` instead
⚠ [3967/4091] Replayed DifferentialGeometry.Analysis.ODE.Flow.GlobalExistence
warning: DifferentialGeometry/Analysis/ODE/Flow/GlobalExistence.lean:674:8: `dif_pos` has been deprecated: Use `dite_eq_left` instead
warning: DifferentialGeometry/Analysis/ODE/Flow/GlobalExistence.lean:690:10: `dif_pos` has been deprecated: Use `dite_eq_left` instead
⚠ [3970/4091] Replayed DifferentialGeometry.Analysis.ODE.Flow.ParametricLinearODE
warning: DifferentialGeometry/Analysis/ODE/Flow/ParametricLinearODE.lean:1240:48: `if_pos` has been deprecated: Use `ite_eq_left` instead
warning: DifferentialGeometry/Analysis/ODE/Flow/ParametricLinearODE.lean:1241:52: `if_pos` has been deprecated: Use `ite_eq_left` instead
warning: DifferentialGeometry/Analysis/ODE/Flow/ParametricLinearODE.lean:1244:21: `if_neg` has been deprecated: Use `ite_eq_right` instead
warning: DifferentialGeometry/Analysis/ODE/Flow/ParametricLinearODE.lean:1246:21: `if_neg` has been deprecated: Use `ite_eq_right` instead
warning: DifferentialGeometry/Analysis/ODE/Flow/ParametricLinearODE.lean:1251:44: `if_pos` has been deprecated: Use `ite_eq_left` instead
warning: DifferentialGeometry/Analysis/ODE/Flow/ParametricLinearODE.lean:1254:21: `if_neg` has been deprecated: Use `ite_eq_right` instead
warning: DifferentialGeometry/Analysis/ODE/Flow/ParametricLinearODE.lean:1262:40: `if_pos` has been deprecated: Use `ite_eq_left` instead
warning: DifferentialGeometry/Analysis/ODE/Flow/ParametricLinearODE.lean:1264:61: `if_neg` has been deprecated: Use `ite_eq_right` instead
warning: DifferentialGeometry/Analysis/ODE/Flow/ParametricLinearODE.lean:1561:8: `dif_pos` has been deprecated: Use `dite_eq_left` instead
warning: DifferentialGeometry/Analysis/ODE/Flow/ParametricLinearODE.lean:1561:21: `dif_pos` has been deprecated: Use `dite_eq_left` instead
warning: DifferentialGeometry/Analysis/ODE/Flow/ParametricLinearODE.lean:1792:10: `dif_pos` has been deprecated: Use `dite_eq_left` instead
warning: DifferentialGeometry/Analysis/ODE/Flow/ParametricLinearODE.lean:1792:22: `dif_pos` has been deprecated: Use `dite_eq_left` instead
warning: DifferentialGeometry/Analysis/ODE/Flow/ParametricLinearODE.lean:2038:19: `dif_pos` has been deprecated: Use `dite_eq_left` instead
warning: DifferentialGeometry/Analysis/ODE/Flow/ParametricLinearODE.lean:2038:31: `dif_pos` has been deprecated: Use `dite_eq_left` instead
warning: DifferentialGeometry/Analysis/ODE/Flow/ParametricLinearODE.lean:2060:12: `dif_pos` has been deprecated: Use `dite_eq_left` instead
warning: DifferentialGeometry/Analysis/ODE/Flow/ParametricLinearODE.lean:2060:24: `dif_pos` has been deprecated: Use `dite_eq_left` instead
⚠ [3972/4091] Replayed DifferentialGeometry.Geometry.Geodesic.SmoothFlow
warning: DifferentialGeometry/Geometry/Geodesic/SmoothFlow.lean:244:4: try 'simp' instead of 'simpa'

Note: This linter can be disabled with `set_option linter.unnecessarySimpa false`
⚠ [3994/4091] Replayed DifferentialGeometry.Geometry.Exponential.Smoothness.OffZero
warning: DifferentialGeometry/Geometry/Exponential/Smoothness/OffZero.lean:633:6: try 'simp' instead of 'simpa'

Note: This linter can be disabled with `set_option linter.unnecessarySimpa false`
⚠ [4001/4091] Replayed DifferentialGeometry.Geometry.Geodesic.CrossVFReduction
warning: DifferentialGeometry/Geometry/Geodesic/CrossVFReduction.lean:740:42: `if_pos` has been deprecated: Use `ite_eq_left` instead
warning: DifferentialGeometry/Geometry/Geodesic/CrossVFReduction.lean:743:47: `if_neg` has been deprecated: Use `ite_eq_right` instead
warning: DifferentialGeometry/Geometry/Geodesic/CrossVFReduction.lean:753:44: `if_pos` has been deprecated: Use `ite_eq_left` instead
warning: DifferentialGeometry/Geometry/Geodesic/CrossVFReduction.lean:755:26: `if_pos` has been deprecated: Use `ite_eq_left` instead
warning: DifferentialGeometry/Geometry/Geodesic/CrossVFReduction.lean:763:29: `if_neg` has been deprecated: Use `ite_eq_right` instead
warning: DifferentialGeometry/Geometry/Geodesic/CrossVFReduction.lean:767:35: `if_neg` has been deprecated: Use `ite_eq_right` instead
warning: DifferentialGeometry/Geometry/Geodesic/CrossVFReduction.lean:772:29: `if_neg` has been deprecated: Use `ite_eq_right` instead
warning: DifferentialGeometry/Geometry/Geodesic/CrossVFReduction.lean:788:42: `if_pos` has been deprecated: Use `ite_eq_left` instead
warning: DifferentialGeometry/Geometry/Geodesic/CrossVFReduction.lean:791:47: `if_neg` has been deprecated: Use `ite_eq_right` instead
warning: DifferentialGeometry/Geometry/Geodesic/CrossVFReduction.lean:801:44: `if_pos` has been deprecated: Use `ite_eq_left` instead
warning: DifferentialGeometry/Geometry/Geodesic/CrossVFReduction.lean:803:26: `if_pos` has been deprecated: Use `ite_eq_left` instead
warning: DifferentialGeometry/Geometry/Geodesic/CrossVFReduction.lean:811:29: `if_neg` has been deprecated: Use `ite_eq_right` instead
warning: DifferentialGeometry/Geometry/Geodesic/CrossVFReduction.lean:815:35: `if_neg` has been deprecated: Use `ite_eq_right` instead
warning: DifferentialGeometry/Geometry/Geodesic/CrossVFReduction.lean:820:29: `if_neg` has been deprecated: Use `ite_eq_right` instead
⚠ [4016/4091] Replayed DifferentialGeometry.Geometry.Connection.ChartFrame.RicciIdentitySmoothFrame
warning: DifferentialGeometry/Geometry/Connection/ChartFrame/RicciIdentitySmoothFrame.lean:683:8: `if_neg` has been deprecated: Use `ite_eq_right` instead
warning: DifferentialGeometry/Geometry/Connection/ChartFrame/RicciIdentitySmoothFrame.lean:685:8: `if_pos` has been deprecated: Use `ite_eq_left` instead
warning: DifferentialGeometry/Geometry/Connection/ChartFrame/RicciIdentitySmoothFrame.lean:692:8: `if_neg` has been deprecated: Use `ite_eq_right` instead
warning: DifferentialGeometry/Geometry/Connection/ChartFrame/RicciIdentitySmoothFrame.lean:740:6: `if_pos` has been deprecated: Use `ite_eq_left` instead
warning: DifferentialGeometry/Geometry/Connection/ChartFrame/RicciIdentitySmoothFrame.lean:745:6: `if_neg` has been deprecated: Use `ite_eq_right` instead
⚠ [4024/4091] Replayed DifferentialGeometry.Geometry.Geodesic.LocalIsometry
warning: DifferentialGeometry/Geometry/Geodesic/LocalIsometry.lean:86:19: `dif_pos` has been deprecated: Use `dite_eq_left` instead
warning: DifferentialGeometry/Geometry/Geodesic/LocalIsometry.lean:169:21: `dif_pos` has been deprecated: Use `dite_eq_left` instead
warning: DifferentialGeometry/Geometry/Geodesic/LocalIsometry.lean:215:19: `dif_pos` has been deprecated: Use `dite_eq_left` instead
warning: DifferentialGeometry/Geometry/Geodesic/LocalIsometry.lean:262:21: `dif_pos` has been deprecated: Use `dite_eq_left` instead
⚠ [4041/4091] Replayed DifferentialGeometry.Geometry.Metric.BumpExtend
warning: DifferentialGeometry/Geometry/Metric/BumpExtend.lean:31:61: `dif_pos` has been deprecated: Use `dite_eq_left` instead
warning: DifferentialGeometry/Geometry/Metric/BumpExtend.lean:40:46: `dif_neg` has been deprecated: Use `dite_eq_right` instead
warning: DifferentialGeometry/Geometry/Metric/BumpExtend.lean:103:42: `dif_pos` has been deprecated: Use `dite_eq_left` instead
⚠ [4074/4091] Replayed DifferentialGeometry.Topology.Covering.CountablePi1
warning: DifferentialGeometry/Topology/Covering/CountablePi1.lean:215:17: `dif_pos` has been deprecated: Use `dite_eq_left` instead
warning: DifferentialGeometry/Topology/Covering/CountablePi1.lean:658:20: `dif_pos` has been deprecated: Use `dite_eq_left` instead
warning: DifferentialGeometry/Topology/Covering/CountablePi1.lean:665:20: `dif_pos` has been deprecated: Use `dite_eq_left` instead
warning: DifferentialGeometry/Topology/Covering/CountablePi1.lean:718:12: `dif_neg` has been deprecated: Use `dite_eq_right` instead
warning: DifferentialGeometry/Topology/Covering/CountablePi1.lean:738:12: `dif_pos` has been deprecated: Use `dite_eq_left` instead
warning: DifferentialGeometry/Topology/Covering/CountablePi1.lean:748:12: `dif_neg` has been deprecated: Use `dite_eq_right` instead
warning: DifferentialGeometry/Topology/Covering/CountablePi1.lean:770:12: `dif_pos` has been deprecated: Use `dite_eq_left` instead
warning: DifferentialGeometry/Topology/Covering/CountablePi1.lean:814:8: `dif_pos` has been deprecated: Use `dite_eq_left` instead
warning: DifferentialGeometry/Topology/Covering/CountablePi1.lean:904:16: `dif_pos` has been deprecated: Use `dite_eq_left` instead
⚠ [4078/4300] Replayed DifferentialGeometry.Geometry.Comparison.EndpointContinuation
warning: DifferentialGeometry/Geometry/Comparison/EndpointContinuation.lean:68:13: `if_pos` has been deprecated: Use `ite_eq_left` instead
warning: DifferentialGeometry/Geometry/Comparison/EndpointContinuation.lean:267:24: `if_pos` has been deprecated: Use `ite_eq_left` instead
warning: DifferentialGeometry/Geometry/Comparison/EndpointContinuation.lean:269:24: `if_neg` has been deprecated: Use `ite_eq_right` instead
⚠ [4079/4300] Replayed DifferentialGeometry.Geometry.Comparison.HopfRinow
warning: DifferentialGeometry/Geometry/Comparison/HopfRinow.lean:130:8: `dif_pos` has been deprecated: Use `dite_eq_left` instead
warning: DifferentialGeometry/Geometry/Comparison/HopfRinow.lean:371:27: `if_pos` has been deprecated: Use `ite_eq_left` instead
warning: DifferentialGeometry/Geometry/Comparison/HopfRinow.lean:376:25: `if_pos` has been deprecated: Use `ite_eq_left` instead
warning: DifferentialGeometry/Geometry/Comparison/HopfRinow.lean:384:31: `if_pos` has been deprecated: Use `ite_eq_left` instead
warning: DifferentialGeometry/Geometry/Comparison/HopfRinow.lean:388:29: `if_neg` has been deprecated: Use `ite_eq_right` instead
warning: DifferentialGeometry/Geometry/Comparison/HopfRinow.lean:398:25: `if_neg` has been deprecated: Use `ite_eq_right` instead
warning: DifferentialGeometry/Geometry/Comparison/HopfRinow.lean:403:27: `if_neg` has been deprecated: Use `ite_eq_right` instead
warning: DifferentialGeometry/Geometry/Comparison/HopfRinow.lean:407:27: `if_neg` has been deprecated: Use `ite_eq_right` instead
warning: DifferentialGeometry/Geometry/Comparison/HopfRinow.lean:412:21: `if_pos` has been deprecated: Use `ite_eq_left` instead
warning: DifferentialGeometry/Geometry/Comparison/HopfRinow.lean:487:8: `dif_pos` has been deprecated: Use `dite_eq_left` instead
⚠ [4080/4300] Replayed DifferentialGeometry.Geometry.Exponential.IntrinsicExp
warning: DifferentialGeometry/Geometry/Exponential/IntrinsicExp.lean:234:30: `if_pos` has been deprecated: Use `ite_eq_left` instead
warning: DifferentialGeometry/Geometry/Exponential/IntrinsicExp.lean:235:52: `if_false` has been deprecated: Use `ite_false` instead
warning: DifferentialGeometry/Geometry/Exponential/IntrinsicExp.lean:237:30: `if_neg` has been deprecated: Use `ite_eq_right` instead
warning: DifferentialGeometry/Geometry/Exponential/IntrinsicExp.lean:247:44: `if_pos` has been deprecated: Use `ite_eq_left` instead
warning: DifferentialGeometry/Geometry/Exponential/IntrinsicExp.lean:249:32: `if_pos` has been deprecated: Use `ite_eq_left` instead
warning: DifferentialGeometry/Geometry/Exponential/IntrinsicExp.lean:257:44: `if_neg` has been deprecated: Use `ite_eq_right` instead
warning: DifferentialGeometry/Geometry/Exponential/IntrinsicExp.lean:259:32: `if_neg` has been deprecated: Use `ite_eq_right` instead
warning: DifferentialGeometry/Geometry/Exponential/IntrinsicExp.lean:286:10: `if_pos` has been deprecated: Use `ite_eq_left` instead
warning: DifferentialGeometry/Geometry/Exponential/IntrinsicExp.lean:286:25: `if_pos` has been deprecated: Use `ite_eq_left` instead
warning: DifferentialGeometry/Geometry/Exponential/IntrinsicExp.lean:287:21: `if_pos` has been deprecated: Use `ite_eq_left` instead
warning: DifferentialGeometry/Geometry/Exponential/IntrinsicExp.lean:287:36: `if_neg` has been deprecated: Use `ite_eq_right` instead
warning: DifferentialGeometry/Geometry/Exponential/IntrinsicExp.lean:288:10: `if_neg` has been deprecated: Use `ite_eq_right` instead
warning: DifferentialGeometry/Geometry/Exponential/IntrinsicExp.lean:288:35: `if_neg` has been deprecated: Use `ite_eq_right` instead
⚠ [4103/4300] Replayed DifferentialGeometry.Geometry.Comparison.Variation.PerpFrame
warning: DifferentialGeometry/Geometry/Comparison/Variation/PerpFrame.lean:264:8: `if_neg` has been deprecated: Use `ite_eq_right` instead
warning: DifferentialGeometry/Geometry/Comparison/Variation/PerpFrame.lean:266:8: `if_pos` has been deprecated: Use `ite_eq_left` instead
warning: DifferentialGeometry/Geometry/Comparison/Variation/PerpFrame.lean:270:8: `if_neg` has been deprecated: Use `ite_eq_right` instead
⚠ [4114/4300] Replayed DifferentialGeometry.Analysis.ODE.TimeDependentFlow.DiffeomorphismFamily.ManifoldIntegralFlow
warning: DifferentialGeometry/Analysis/ODE/TimeDependentFlow/DiffeomorphismFamily/ManifoldIntegralFlow.lean:165:19: `dif_neg` has been deprecated: Use `dite_eq_right` instead
warning: DifferentialGeometry/Analysis/ODE/TimeDependentFlow/DiffeomorphismFamily/ManifoldIntegralFlow.lean:168:23: `dif_pos` has been deprecated: Use `dite_eq_left` instead
warning: DifferentialGeometry/Analysis/ODE/TimeDependentFlow/DiffeomorphismFamily/ManifoldIntegralFlow.lean:176:25: `dif_pos` has been deprecated: Use `dite_eq_left` instead
⚠ [4127/4300] Replayed DifferentialGeometry.Analysis.ODE.TimeDependentFlow.DiffeomorphismFamily.ManifoldFlowFamily
warning: DifferentialGeometry/Analysis/ODE/TimeDependentFlow/DiffeomorphismFamily/ManifoldFlowFamily.lean:106:19: `dif_neg` has been deprecated: Use `dite_eq_right` instead
warning: DifferentialGeometry/Analysis/ODE/TimeDependentFlow/DiffeomorphismFamily/ManifoldFlowFamily.lean:109:23: `dif_pos` has been deprecated: Use `dite_eq_left` instead
warning: DifferentialGeometry/Analysis/ODE/TimeDependentFlow/DiffeomorphismFamily/ManifoldFlowFamily.lean:173:19: `dif_neg` has been deprecated: Use `dite_eq_right` instead
warning: DifferentialGeometry/Analysis/ODE/TimeDependentFlow/DiffeomorphismFamily/ManifoldFlowFamily.lean:176:23: `dif_pos` has been deprecated: Use `dite_eq_left` instead
warning: DifferentialGeometry/Analysis/ODE/TimeDependentFlow/DiffeomorphismFamily/ManifoldFlowFamily.lean:184:25: `dif_pos` has been deprecated: Use `dite_eq_left` instead
⚠ [4135/4300] Replayed DifferentialGeometry.Geometry.Exponential.MinimizingGeodesic
warning: DifferentialGeometry/Geometry/Exponential/MinimizingGeodesic.lean:1751:47: `if_pos` has been deprecated: Use `ite_eq_left` instead
warning: DifferentialGeometry/Geometry/Exponential/MinimizingGeodesic.lean:1757:12: `if_pos` has been deprecated: Use `ite_eq_left` instead
warning: DifferentialGeometry/Geometry/Exponential/MinimizingGeodesic.lean:1760:12: `if_neg` has been deprecated: Use `ite_eq_right` instead
warning: DifferentialGeometry/Geometry/Exponential/MinimizingGeodesic.lean:1763:47: `if_pos` has been deprecated: Use `ite_eq_left` instead
warning: DifferentialGeometry/Geometry/Exponential/MinimizingGeodesic.lean:1769:12: `if_pos` has been deprecated: Use `ite_eq_left` instead
warning: DifferentialGeometry/Geometry/Exponential/MinimizingGeodesic.lean:1772:12: `if_neg` has been deprecated: Use `ite_eq_right` instead
⚠ [4189/4300] Replayed DifferentialGeometry.Geometry.Connection.ChartBridge.HessFrobenius
warning: DifferentialGeometry/Geometry/Connection/ChartBridge/HessFrobenius.lean:219:10: `if_pos` has been deprecated: Use `ite_eq_left` instead
warning: DifferentialGeometry/Geometry/Connection/ChartBridge/HessFrobenius.lean:223:10: `if_neg` has been deprecated: Use `ite_eq_right` instead
warning: DifferentialGeometry/Geometry/Connection/ChartBridge/HessFrobenius.lean:240:8: `if_pos` has been deprecated: Use `ite_eq_left` instead
warning: DifferentialGeometry/Geometry/Connection/ChartBridge/HessFrobenius.lean:244:8: `if_neg` has been deprecated: Use `ite_eq_right` instead
⚠ [4191/4300] Replayed DifferentialGeometry.Geometry.Curvature.Bochner.OrthonormalFrameTrace
warning: DifferentialGeometry/Geometry/Curvature/Bochner/OrthonormalFrameTrace.lean:438:10: `if_neg` has been deprecated: Use `ite_eq_right` instead
⚠ [4192/4300] Replayed DifferentialGeometry.Geometry.Curvature.Bochner.WeitzenbockIdentity
warning: DifferentialGeometry/Geometry/Curvature/Bochner/WeitzenbockIdentity.lean:723:4: try 'simp' instead of 'simpa'

Note: This linter can be disabled with `set_option linter.unnecessarySimpa false`
warning: DifferentialGeometry/Geometry/Curvature/Bochner/WeitzenbockIdentity.lean:904:4: try 'simp' instead of 'simpa'

Note: This linter can be disabled with `set_option linter.unnecessarySimpa false`
warning: DifferentialGeometry/Geometry/Curvature/Bochner/WeitzenbockIdentity.lean:1106:6: try 'simp' instead of 'simpa'

Note: This linter can be disabled with `set_option linter.unnecessarySimpa false`
⚠ [4193/4300] Replayed DifferentialGeometry.Geometry.Connection.Laplacian.TensorConnLaplacian
warning: DifferentialGeometry/Geometry/Connection/Laplacian/TensorConnLaplacian.lean:1347:8: `if_pos` has been deprecated: Use `ite_eq_left` instead
warning: DifferentialGeometry/Geometry/Connection/Laplacian/TensorConnLaplacian.lean:1349:8: `if_neg` has been deprecated: Use `ite_eq_right` instead
⚠ [4197/4300] Replayed DifferentialGeometry.Geometry.Connection.MetricCompatibility.TensorMetricCompatible
warning: DifferentialGeometry/Geometry/Connection/MetricCompatibility/TensorMetricCompatible.lean:224:19: `if_pos` has been deprecated: Use `ite_eq_left` instead
warning: DifferentialGeometry/Geometry/Connection/MetricCompatibility/TensorMetricCompatible.lean:226:19: `if_neg` has been deprecated: Use `ite_eq_right` instead
warning: DifferentialGeometry/Geometry/Connection/MetricCompatibility/TensorMetricCompatible.lean:533:6: `if_pos` has been deprecated: Use `ite_eq_left` instead
warning: DifferentialGeometry/Geometry/Connection/MetricCompatibility/TensorMetricCompatible.lean:537:6: `if_neg` has been deprecated: Use `ite_eq_right` instead
⚠ [4199/4300] Replayed DifferentialGeometry.Geometry.Connection.TensorNabla.TensorSlotwiseCurvature
warning: DifferentialGeometry/Geometry/Connection/TensorNabla/TensorSlotwiseCurvature.lean:72:6: try 'simp' instead of 'simpa'

Note: This linter can be disabled with `set_option linter.unnecessarySimpa false`
⚠ [4202/4300] Replayed DifferentialGeometry.Geometry.Curvature.CurvatureOperator.ContractedBianchi
warning: DifferentialGeometry/Geometry/Curvature/CurvatureOperator/ContractedBianchi.lean:153:16: `if_neg` has been deprecated: Use `ite_eq_right` instead
⚠ [4218/4300] Replayed DifferentialGeometry.Geometry.Comparison.Volume.BallVolume
warning: DifferentialGeometry/Geometry/Comparison/Volume/BallVolume.lean:1108:24: `dif_pos` has been deprecated: Use `dite_eq_left` instead
warning: DifferentialGeometry/Geometry/Comparison/Volume/BallVolume.lean:1113:24: `dif_pos` has been deprecated: Use `dite_eq_left` instead
warning: DifferentialGeometry/Geometry/Comparison/Volume/BallVolume.lean:1296:8: `if_pos` has been deprecated: Use `ite_eq_left` instead
warning: DifferentialGeometry/Geometry/Comparison/Volume/BallVolume.lean:1297:8: `if_pos` has been deprecated: Use `ite_eq_left` instead
warning: DifferentialGeometry/Geometry/Comparison/Volume/BallVolume.lean:1300:8: `if_neg` has been deprecated: Use `ite_eq_right` instead
warning: DifferentialGeometry/Geometry/Comparison/Volume/BallVolume.lean:1301:8: `if_neg` has been deprecated: Use `ite_eq_right` instead
⚠ [4234/4300] Replayed DifferentialGeometry.Geometry.Flow.RicciFlow.Compactness.Metric.AllTimesBounds
warning: DifferentialGeometry/Geometry/Flow/RicciFlow/Compactness/Metric/AllTimesBounds.lean:346:12: `dif_pos` has been deprecated: Use `dite_eq_left` instead
warning: DifferentialGeometry/Geometry/Flow/RicciFlow/Compactness/Metric/AllTimesBounds.lean:364:12: `dif_pos` has been deprecated: Use `dite_eq_left` instead
⚠ [4255/4300] Replayed DifferentialGeometry.Tensor.RSTensor.NablaOnTensors.KoszulDifference
warning: DifferentialGeometry/Tensor/RSTensor/NablaOnTensors/KoszulDifference.lean:94:38: `if_true` has been deprecated: Use `ite_true` instead
warning: DifferentialGeometry/Tensor/RSTensor/NablaOnTensors/KoszulDifference.lean:95:49: `if_false` has been deprecated: Use `ite_false` instead
⚠ [4256/4300] Replayed DifferentialGeometry.Geometry.Compactness.CheegerGromov.Estimates.HigherCovariantRecurrence
warning: DifferentialGeometry/Geometry/Compactness/CheegerGromov/Estimates/HigherCovariantRecurrence.lean:285:10: `if_pos` has been deprecated: Use `ite_eq_left` instead
warning: DifferentialGeometry/Geometry/Compactness/CheegerGromov/Estimates/HigherCovariantRecurrence.lean:285:21: `if_neg` has been deprecated: Use `ite_eq_right` instead
warning: DifferentialGeometry/Geometry/Compactness/CheegerGromov/Estimates/HigherCovariantRecurrence.lean:287:10: `if_neg` has been deprecated: Use `ite_eq_right` instead
warning: DifferentialGeometry/Geometry/Compactness/CheegerGromov/Estimates/HigherCovariantRecurrence.lean:287:21: `if_pos` has been deprecated: Use `ite_eq_left` instead
warning: DifferentialGeometry/Geometry/Compactness/CheegerGromov/Estimates/HigherCovariantRecurrence.lean:291:10: `if_pos` has been deprecated: Use `ite_eq_left` instead
warning: DifferentialGeometry/Geometry/Compactness/CheegerGromov/Estimates/HigherCovariantRecurrence.lean:293:10: `if_neg` has been deprecated: Use `ite_eq_right` instead
warning: DifferentialGeometry/Geometry/Compactness/CheegerGromov/Estimates/HigherCovariantRecurrence.lean:297:10: `if_pos` has been deprecated: Use `ite_eq_left` instead
warning: DifferentialGeometry/Geometry/Compactness/CheegerGromov/Estimates/HigherCovariantRecurrence.lean:299:10: `if_neg` has been deprecated: Use `ite_eq_right` instead
warning: DifferentialGeometry/Geometry/Compactness/CheegerGromov/Estimates/HigherCovariantRecurrence.lean:328:40: `if_pos` has been deprecated: Use `ite_eq_left` instead
warning: DifferentialGeometry/Geometry/Compactness/CheegerGromov/Estimates/HigherCovariantRecurrence.lean:331:40: `if_neg` has been deprecated: Use `ite_eq_right` instead
warning: DifferentialGeometry/Geometry/Compactness/CheegerGromov/Estimates/HigherCovariantRecurrence.lean:882:24: `if_pos` has been deprecated: Use `ite_eq_left` instead
warning: DifferentialGeometry/Geometry/Compactness/CheegerGromov/Estimates/HigherCovariantRecurrence.lean:883:20: `if_neg` has been deprecated: Use `ite_eq_right` instead
warning: DifferentialGeometry/Geometry/Compactness/CheegerGromov/Estimates/HigherCovariantRecurrence.lean:931:10: `if_pos` has been deprecated: Use `ite_eq_left` instead
warning: DifferentialGeometry/Geometry/Compactness/CheegerGromov/Estimates/HigherCovariantRecurrence.lean:933:10: `if_neg` has been deprecated: Use `ite_eq_right` instead
⚠ [4258/4300] Replayed DifferentialGeometry.Geometry.Metric.Convergence.CoordinateControl
warning: DifferentialGeometry/Geometry/Metric/Convergence/CoordinateControl.lean:264:8: `if_neg` has been deprecated: Use `ite_eq_right` instead
warning: DifferentialGeometry/Geometry/Metric/Convergence/CoordinateControl.lean:264:18: `if_neg` has been deprecated: Use `ite_eq_right` instead
warning: DifferentialGeometry/Geometry/Metric/Convergence/CoordinateControl.lean:440:14: `if_pos` has been deprecated: Use `ite_eq_left` instead
warning: DifferentialGeometry/Geometry/Metric/Convergence/CoordinateControl.lean:445:14: `if_neg` has been deprecated: Use `ite_eq_right` instead
⚠ [4259/4300] Replayed DifferentialGeometry.Geometry.Metric.Convergence.GoodFrame
warning: DifferentialGeometry/Geometry/Metric/Convergence/GoodFrame.lean:226:8: `if_pos` has been deprecated: Use `ite_eq_left` instead
warning: DifferentialGeometry/Geometry/Metric/Convergence/GoodFrame.lean:233:8: `if_neg` has been deprecated: Use `ite_eq_right` instead
warning: DifferentialGeometry/Geometry/Metric/Convergence/GoodFrame.lean:696:35: `dif_pos` has been deprecated: Use `dite_eq_left` instead
warning: DifferentialGeometry/Geometry/Metric/Convergence/GoodFrame.lean:696:47: `dif_pos` has been deprecated: Use `dite_eq_left` instead
⚠ [4271/4300] Replayed DifferentialGeometry.Geometry.Flow.RicciFlow.Compactness.Solutions.OpenRestriction
warning: DifferentialGeometry/Geometry/Flow/RicciFlow/Compactness/Solutions/OpenRestriction.lean:74:22: `if_pos` has been deprecated: Use `ite_eq_left` instead
warning: DifferentialGeometry/Geometry/Flow/RicciFlow/Compactness/Solutions/OpenRestriction.lean:80:22: `if_neg` has been deprecated: Use `ite_eq_right` instead
warning: DifferentialGeometry/Geometry/Flow/RicciFlow/Compactness/Solutions/OpenRestriction.lean:80:34: `if_neg` has been deprecated: Use `ite_eq_right` instead
warning: DifferentialGeometry/Geometry/Flow/RicciFlow/Compactness/Solutions/OpenRestriction.lean:310:39: `dif_pos` has been deprecated: Use `dite_eq_left` instead
warning: DifferentialGeometry/Geometry/Flow/RicciFlow/Compactness/Solutions/OpenRestriction.lean:338:58: `dif_pos` has been deprecated: Use `dite_eq_left` instead
warning: DifferentialGeometry/Geometry/Flow/RicciFlow/Compactness/Solutions/OpenRestriction.lean:339:8: `dif_pos` has been deprecated: Use `dite_eq_left` instead
warning: DifferentialGeometry/Geometry/Flow/RicciFlow/Compactness/Solutions/OpenRestriction.lean:382:10: `dif_pos` has been deprecated: Use `dite_eq_left` instead
warning: DifferentialGeometry/Geometry/Flow/RicciFlow/Compactness/Solutions/OpenRestriction.lean:399:10: `dif_pos` has been deprecated: Use `dite_eq_left` instead
warning: DifferentialGeometry/Geometry/Flow/RicciFlow/Compactness/Solutions/OpenRestriction.lean:453:8: `dif_pos` has been deprecated: Use `dite_eq_left` instead
⚠ [4275/4300] Replayed DifferentialGeometry.Analysis.Spectral.Tensor.ChartTensor.Inner.LowerAllUpperIndices
warning: DifferentialGeometry/Analysis/Spectral/Tensor/ChartTensor/Inner/LowerAllUpperIndices.lean:160:8: `if_neg` has been deprecated: Use `ite_eq_right` instead
warning: DifferentialGeometry/Analysis/Spectral/Tensor/ChartTensor/Inner/LowerAllUpperIndices.lean:160:19: `if_neg` has been deprecated: Use `ite_eq_right` instead
warning: DifferentialGeometry/Analysis/Spectral/Tensor/ChartTensor/Inner/LowerAllUpperIndices.lean:172:6: `if_neg` has been deprecated: Use `ite_eq_right` instead
warning: DifferentialGeometry/Analysis/Spectral/Tensor/ChartTensor/Inner/LowerAllUpperIndices.lean:186:6: `if_neg` has been deprecated: Use `ite_eq_right` instead
warning: DifferentialGeometry/Analysis/Spectral/Tensor/ChartTensor/Inner/LowerAllUpperIndices.lean:202:8: `if_neg` has been deprecated: Use `ite_eq_right` instead
warning: DifferentialGeometry/Analysis/Spectral/Tensor/ChartTensor/Inner/LowerAllUpperIndices.lean:202:19: `if_neg` has been deprecated: Use `ite_eq_right` instead
⚠ [4293/4300] Replayed DifferentialGeometry.Analysis.Calculus.SmoothMapCompactness
warning: DifferentialGeometry/Analysis/Calculus/SmoothMapCompactness.lean:252:18: `dif_pos` has been deprecated: Use `dite_eq_left` instead
⚠ [4300/4525] Replayed DifferentialGeometry.Analysis.Spectral.Tensor.UniformChartBounds.GramInvUniformEigenvalueLowerBound
warning: DifferentialGeometry/Analysis/Spectral/Tensor/UniformChartBounds/GramInvUniformEigenvalueLowerBound.lean:225:42: `if_neg` has been deprecated: Use `ite_eq_right` instead
⚠ [4310/4525] Replayed DifferentialGeometry.Geometry.Connection.ChartBridge.RiemannBasisIdentityOffCentre
warning: DifferentialGeometry/Geometry/Connection/ChartBridge/RiemannBasisIdentityOffCentre.lean:497:51: `if_pos` has been deprecated: Use `ite_eq_left` instead
warning: DifferentialGeometry/Geometry/Connection/ChartBridge/RiemannBasisIdentityOffCentre.lean:500:51: `if_neg` has been deprecated: Use `ite_eq_right` instead
⚠ [4314/4525] Replayed DifferentialGeometry.Analysis.Calculus.DirectionalJet
warning: DifferentialGeometry/Analysis/Calculus/DirectionalJet.lean:106:17: try 'simp' instead of 'simpa'

Note: This linter can be disabled with `set_option linter.unnecessarySimpa false`
⚠ [4316/4525] Replayed DifferentialGeometry.Analysis.Calculus.SmoothExtension.JetGlueParam
warning: DifferentialGeometry/Analysis/Calculus/SmoothExtension/JetGlueParam.lean:44:23: `if_pos` has been deprecated: Use `ite_eq_left` instead
warning: DifferentialGeometry/Analysis/Calculus/SmoothExtension/JetGlueParam.lean:50:25: `if_pos` has been deprecated: Use `ite_eq_left` instead
warning: DifferentialGeometry/Analysis/Calculus/SmoothExtension/JetGlueParam.lean:51:25: `if_neg` has been deprecated: Use `ite_eq_right` instead
warning: DifferentialGeometry/Analysis/Calculus/SmoothExtension/JetGlueParam.lean:57:33: `if_pos` has been deprecated: Use `ite_eq_left` instead
warning: DifferentialGeometry/Analysis/Calculus/SmoothExtension/JetGlueParam.lean:60:33: `if_neg` has been deprecated: Use `ite_eq_right` instead
warning: DifferentialGeometry/Analysis/Calculus/SmoothExtension/JetGlueParam.lean:68:40: `if_pos` has been deprecated: Use `ite_eq_left` instead
warning: DifferentialGeometry/Analysis/Calculus/SmoothExtension/JetGlueParam.lean:70:40: `if_neg` has been deprecated: Use `ite_eq_right` instead
⚠ [4324/4525] Replayed DifferentialGeometry.Geometry.Metric.Convergence.Precompactness
warning: DifferentialGeometry/Geometry/Metric/Convergence/Precompactness.lean:858:19: `dif_pos` has been deprecated: Use `dite_eq_left` instead
warning: DifferentialGeometry/Geometry/Metric/Convergence/Precompactness.lean:883:56: `dif_pos` has been deprecated: Use `dite_eq_left` instead
warning: DifferentialGeometry/Geometry/Metric/Convergence/Precompactness.lean:884:51: `dif_neg` has been deprecated: Use `dite_eq_right` instead
warning: DifferentialGeometry/Geometry/Metric/Convergence/Precompactness.lean:890:18: `dif_pos` has been deprecated: Use `dite_eq_left` instead
warning: DifferentialGeometry/Geometry/Metric/Convergence/Precompactness.lean:1545:8: `dif_pos` has been deprecated: Use `dite_eq_left` instead
⚠ [4331/4525] Replayed DifferentialGeometry.Geometry.Metric.Convergence.LimitMetric
warning: DifferentialGeometry/Geometry/Metric/Convergence/LimitMetric.lean:611:12: `dif_pos` has been deprecated: Use `dite_eq_left` instead
⚠ [4334/4525] Replayed DifferentialGeometry.Geometry.Metric.Convergence.WindowAllOrders
warning: DifferentialGeometry/Geometry/Metric/Convergence/WindowAllOrders.lean:333:12: `dif_pos` has been deprecated: Use `dite_eq_left` instead
warning: DifferentialGeometry/Geometry/Metric/Convergence/WindowAllOrders.lean:399:61: `dif_pos` has been deprecated: Use `dite_eq_left` instead
warning: DifferentialGeometry/Geometry/Metric/Convergence/WindowAllOrders.lean:541:37: `dif_pos` has been deprecated: Use `dite_eq_left` instead
⚠ [4337/4525] Replayed DifferentialGeometry.Geometry.Flow.RicciFlow.Compactness.Fields.MetricExtension
warning: DifferentialGeometry/Geometry/Flow/RicciFlow/Compactness/Fields/MetricExtension.lean:228:10: `if_pos` has been deprecated: Use `ite_eq_left` instead
warning: DifferentialGeometry/Geometry/Flow/RicciFlow/Compactness/Fields/MetricExtension.lean:229:10: `if_neg` has been deprecated: Use `ite_eq_right` instead
warning: DifferentialGeometry/Geometry/Flow/RicciFlow/Compactness/Fields/MetricExtension.lean:234:10: `if_pos` has been deprecated: Use `ite_eq_left` instead
warning: DifferentialGeometry/Geometry/Flow/RicciFlow/Compactness/Fields/MetricExtension.lean:235:10: `if_neg` has been deprecated: Use `ite_eq_right` instead
warning: DifferentialGeometry/Geometry/Flow/RicciFlow/Compactness/Fields/MetricExtension.lean:249:28: `if_pos` has been deprecated: Use `ite_eq_left` instead
⚠ [4340/4525] Replayed DifferentialGeometry.Geometry.Flow.RicciFlow.Compactness.Fields.Open.Basic
warning: DifferentialGeometry/Geometry/Flow/RicciFlow/Compactness/Fields/Open/Basic.lean:364:8: `dif_pos` has been deprecated: Use `dite_eq_left` instead
warning: DifferentialGeometry/Geometry/Flow/RicciFlow/Compactness/Fields/Open/Basic.lean:377:10: `dif_pos` has been deprecated: Use `dite_eq_left` instead
⚠ [4347/4525] Replayed DifferentialGeometry.Geometry.Metric.Convergence.CovariantDerivativeNormContinuity
warning: DifferentialGeometry/Geometry/Metric/Convergence/CovariantDerivativeNormContinuity.lean:48:10: `if_pos` has been deprecated: Use `ite_eq_left` instead
warning: DifferentialGeometry/Geometry/Metric/Convergence/CovariantDerivativeNormContinuity.lean:52:10: `if_neg` has been deprecated: Use `ite_eq_right` instead
⚠ [4357/4525] Replayed DifferentialGeometry.Analysis.Integration.L2.SmoothSections.Integrability
warning: DifferentialGeometry/Analysis/Integration/L2/SmoothSections/Integrability.lean:177:49: `if_pos` has been deprecated: Use `ite_eq_left` instead
⚠ [9444/9499] Replayed DifferentialGeometry.Analysis.Spectral.Tensor.CovGrad.CovGradMetricBridge
warning: DifferentialGeometry/Analysis/Spectral/Tensor/CovGrad/CovGradMetricBridge.lean:87:21: `if_pos` has been deprecated: Use `ite_eq_left` instead
warning: DifferentialGeometry/Analysis/Spectral/Tensor/CovGrad/CovGradMetricBridge.lean:99:21: `if_neg` has been deprecated: Use `ite_eq_right` instead
⚠ [9447/9499] Replayed DifferentialGeometry.Geometry.Connection.MetricCompatibility.TensorLoweringParallel
warning: DifferentialGeometry/Geometry/Connection/MetricCompatibility/TensorLoweringParallel.lean:705:16: `if_neg` has been deprecated: Use `ite_eq_right` instead
warning: DifferentialGeometry/Geometry/Connection/MetricCompatibility/TensorLoweringParallel.lean:705:28: `if_neg` has been deprecated: Use `ite_eq_right` instead
warning: DifferentialGeometry/Geometry/Connection/MetricCompatibility/TensorLoweringParallel.lean:622:51: This simp argument is unused:
  ContinuousLinearEquiv.coe_mk

Hint: Omit it from the simp argument list.
  [apply] simp only [NormedSpace.fromTangentSpace]

Note: This linter can be disabled with `set_option linter.unusedSimpArgs false`
warning: DifferentialGeometry/Geometry/Connection/MetricCompatibility/TensorLoweringParallel.lean:1173:12: `if_neg` has been deprecated: Use `ite_eq_right` instead
warning: DifferentialGeometry/Geometry/Connection/MetricCompatibility/TensorLoweringParallel.lean:1173:24: `if_neg` has been deprecated: Use `ite_eq_right` instead
⚠ [9448/9499] Replayed DifferentialGeometry.Analysis.Elliptic.ConnectionLaplacian.GreenIdentityAndIBP.TensorConnLapGreenIdentity
warning: DifferentialGeometry/Analysis/Elliptic/ConnectionLaplacian/GreenIdentityAndIBP/TensorConnLapGreenIdentity.lean:123:10: `if_pos` has been deprecated: Use `ite_eq_left` instead
warning: DifferentialGeometry/Analysis/Elliptic/ConnectionLaplacian/GreenIdentityAndIBP/TensorConnLapGreenIdentity.lean:126:10: `if_neg` has been deprecated: Use `ite_eq_right` instead
⚠ [9468/9687] Replayed DifferentialGeometry.Analysis.Spectral.Tensor.ChartTensor.InnerBounds.InnerCovDiagonalBound
warning: DifferentialGeometry/Analysis/Spectral/Tensor/ChartTensor/InnerBounds/InnerCovDiagonalBound.lean:123:39: `if_true` has been deprecated: Use `ite_true` instead
⚠ [9471/9687] Replayed DifferentialGeometry.Analysis.Sobolev.HebeyBlock.ChartParallelTransportOpNorm.TangentBundleTrivOpNorm
warning: DifferentialGeometry/Analysis/Sobolev/HebeyBlock/ChartParallelTransportOpNorm/TangentBundleTrivOpNorm.lean:154:31: `dif_pos` has been deprecated: Use `dite_eq_left` instead
warning: DifferentialGeometry/Analysis/Sobolev/HebeyBlock/ChartParallelTransportOpNorm/TangentBundleTrivOpNorm.lean:170:18: `dif_pos` has been deprecated: Use `dite_eq_left` instead
warning: DifferentialGeometry/Analysis/Sobolev/HebeyBlock/ChartParallelTransportOpNorm/TangentBundleTrivOpNorm.lean:171:18: `dif_pos` has been deprecated: Use `dite_eq_left` instead
⚠ [9472/9687] Replayed DifferentialGeometry.Analysis.Sobolev.HebeyBlock.ChartParallelTransportOpNorm.ChartLeviCivitaParallelCLM
warning: DifferentialGeometry/Analysis/Sobolev/HebeyBlock/ChartParallelTransportOpNorm/ChartLeviCivitaParallelCLM.lean:161:31: `dif_pos` has been deprecated: Use `dite_eq_left` instead
warning: DifferentialGeometry/Analysis/Sobolev/HebeyBlock/ChartParallelTransportOpNorm/ChartLeviCivitaParallelCLM.lean:179:18: `dif_pos` has been deprecated: Use `dite_eq_left` instead
warning: DifferentialGeometry/Analysis/Sobolev/HebeyBlock/ChartParallelTransportOpNorm/ChartLeviCivitaParallelCLM.lean:180:18: `dif_pos` has been deprecated: Use `dite_eq_left` instead
⚠ [9478/9687] Replayed DifferentialGeometry.Geometry.Operator.MetricSharpSmooth
warning: DifferentialGeometry/Geometry/Operator/MetricSharpSmooth.lean:142:8: `if_neg` has been deprecated: Use `ite_eq_right` instead
⚠ [9498/9687] Replayed DifferentialGeometry.Geometry.Flow.RicciFlow.Estimates.Curvature.NormHeatEquation
warning: DifferentialGeometry/Geometry/Flow/RicciFlow/Estimates/Curvature/NormHeatEquation.lean:316:10: `if_neg` has been deprecated: Use `ite_eq_right` instead
warning: DifferentialGeometry/Geometry/Flow/RicciFlow/Estimates/Curvature/NormHeatEquation.lean:339:16: `if_neg` has been deprecated: Use `ite_eq_right` instead
⚠ [9505/9687] Replayed DifferentialGeometry.Analysis.Parabolic.MaximumPrinciple.Weak
warning: DifferentialGeometry/Analysis/Parabolic/MaximumPrinciple/Weak.lean:2266:8: `dif_pos` has been deprecated: Use `dite_eq_left` instead
warning: DifferentialGeometry/Analysis/Parabolic/MaximumPrinciple/Weak.lean:2270:8: `dif_pos` has been deprecated: Use `dite_eq_left` instead
⚠ [9506/9687] Replayed DifferentialGeometry.Analysis.Parabolic.MaximumPrinciple.Scalar.Weak
warning: DifferentialGeometry/Analysis/Parabolic/MaximumPrinciple/Scalar/Weak.lean:2048:8: `dif_pos` has been deprecated: Use `dite_eq_left` instead
warning: DifferentialGeometry/Analysis/Parabolic/MaximumPrinciple/Scalar/Weak.lean:2052:8: `dif_pos` has been deprecated: Use `dite_eq_left` instead
⚠ [9512/9687] Replayed DifferentialGeometry.Geometry.Flow.RicciFlow.Estimates.Shi.HigherDerivative
warning: DifferentialGeometry/Geometry/Flow/RicciFlow/Estimates/Shi/HigherDerivative.lean:315:15: `dif_pos` has been deprecated: Use `dite_eq_left` instead
warning: DifferentialGeometry/Geometry/Flow/RicciFlow/Estimates/Shi/HigherDerivative.lean:323:8: `if_neg` has been deprecated: Use `ite_eq_right` instead
warning: DifferentialGeometry/Geometry/Flow/RicciFlow/Estimates/Shi/HigherDerivative.lean:865:17: `if_neg` has been deprecated: Use `ite_eq_right` instead
warning: DifferentialGeometry/Geometry/Flow/RicciFlow/Estimates/Shi/HigherDerivative.lean:1007:17: `if_neg` has been deprecated: Use `ite_eq_right` instead
warning: DifferentialGeometry/Geometry/Flow/RicciFlow/Estimates/Shi/HigherDerivative.lean:1191:23: `if_neg` has been deprecated: Use `ite_eq_right` instead
warning: DifferentialGeometry/Geometry/Flow/RicciFlow/Estimates/Shi/HigherDerivative.lean:1217:23: `if_neg` has been deprecated: Use `ite_eq_right` instead
⚠ [9513/9687] Replayed DifferentialGeometry.Geometry.Flow.RicciFlow.Evolution.Curvature.Derivatives.Components
warning: DifferentialGeometry/Geometry/Flow/RicciFlow/Evolution/Curvature/Derivatives/Components.lean:80:8: `if_neg` has been deprecated: Use `ite_eq_right` instead
warning: DifferentialGeometry/Geometry/Flow/RicciFlow/Evolution/Curvature/Derivatives/Components.lean:83:8: `if_neg` has been deprecated: Use `ite_eq_right` instead
warning: DifferentialGeometry/Geometry/Flow/RicciFlow/Evolution/Curvature/Derivatives/Components.lean:96:29: `if_pos` has been deprecated: Use `ite_eq_left` instead
warning: DifferentialGeometry/Geometry/Flow/RicciFlow/Evolution/Curvature/Derivatives/Components.lean:104:31: `if_neg` has been deprecated: Use `ite_eq_right` instead
⚠ [9514/9687] Replayed DifferentialGeometry.Geometry.Flow.RicciFlow.Estimates.Shi.Solution
warning: DifferentialGeometry/Geometry/Flow/RicciFlow/Estimates/Shi/Solution.lean:95:36: `if_pos` has been deprecated: Use `ite_eq_left` instead
warning: DifferentialGeometry/Geometry/Flow/RicciFlow/Estimates/Shi/Solution.lean:97:36: `if_neg` has been deprecated: Use `ite_eq_right` instead
warning: DifferentialGeometry/Geometry/Flow/RicciFlow/Estimates/Shi/Solution.lean:99:39: `if_pos` has been deprecated: Use `ite_eq_left` instead
warning: DifferentialGeometry/Geometry/Flow/RicciFlow/Estimates/Shi/Solution.lean:101:39: `if_neg` has been deprecated: Use `ite_eq_right` instead
⚠ [9515/9687] Replayed DifferentialGeometry.Geometry.Flow.RicciFlow.Estimates.Shi.TimeTruncation
warning: DifferentialGeometry/Geometry/Flow/RicciFlow/Estimates/Shi/TimeTruncation.lean:63:19: `if_pos` has been deprecated: Use `ite_eq_left` instead
warning: DifferentialGeometry/Geometry/Flow/RicciFlow/Estimates/Shi/TimeTruncation.lean:66:19: `if_neg` has been deprecated: Use `ite_eq_right` instead
warning: DifferentialGeometry/Geometry/Flow/RicciFlow/Estimates/Shi/TimeTruncation.lean:69:22: `if_pos` has been deprecated: Use `ite_eq_left` instead
warning: DifferentialGeometry/Geometry/Flow/RicciFlow/Estimates/Shi/TimeTruncation.lean:72:22: `if_neg` has been deprecated: Use `ite_eq_right` instead
⚠ [9519/9687] Replayed DifferentialGeometry.Geometry.Flow.RicciFlow.Evolution.Curvature.Derivatives.Commutator
warning: DifferentialGeometry/Geometry/Flow/RicciFlow/Evolution/Curvature/Derivatives/Commutator.lean:143:19: `if_pos` has been deprecated: Use `ite_eq_left` instead
warning: DifferentialGeometry/Geometry/Flow/RicciFlow/Evolution/Curvature/Derivatives/Commutator.lean:145:19: `if_neg` has been deprecated: Use `ite_eq_right` instead
⚠ [9524/9687] Replayed DifferentialGeometry.Geometry.Flow.RicciFlow.Evolution.Curvature.Derivatives.OrthonormalFrame
warning: DifferentialGeometry/Geometry/Flow/RicciFlow/Evolution/Curvature/Derivatives/OrthonormalFrame.lean:151:19: `if_pos` has been deprecated: Use `ite_eq_left` instead
warning: DifferentialGeometry/Geometry/Flow/RicciFlow/Evolution/Curvature/Derivatives/OrthonormalFrame.lean:153:19: `if_neg` has been deprecated: Use `ite_eq_right` instead
⚠ [9529/9687] Replayed DifferentialGeometry.Geometry.Flow.RicciFlow.Evolution.Curvature.Derivatives.StarSum.Reaction
warning: DifferentialGeometry/Geometry/Flow/RicciFlow/Evolution/Curvature/Derivatives/StarSum/Reaction.lean:956:84: `if_true` has been deprecated: Use `ite_true` instead
⚠ [9538/9687] Replayed DifferentialGeometry.Geometry.Flow.RicciFlow.Evolution.Scalar.IntrinsicDerivation
warning: DifferentialGeometry/Geometry/Flow/RicciFlow/Evolution/Scalar/IntrinsicDerivation.lean:290:34: `if_true` has been deprecated: Use `ite_true` instead
⚠ [9549/9687] Replayed DifferentialGeometry.Analysis.Parabolic.MaximumPrinciple.Tensor.Reaction
warning: DifferentialGeometry/Analysis/Parabolic/MaximumPrinciple/Tensor/Reaction.lean:172:6: `dif_pos` has been deprecated: Use `dite_eq_left` instead
warning: DifferentialGeometry/Analysis/Parabolic/MaximumPrinciple/Tensor/Reaction.lean:205:10: `dif_pos` has been deprecated: Use `dite_eq_left` instead
warning: DifferentialGeometry/Analysis/Parabolic/MaximumPrinciple/Tensor/Reaction.lean:205:22: `dif_pos` has been deprecated: Use `dite_eq_left` instead
warning: DifferentialGeometry/Analysis/Parabolic/MaximumPrinciple/Tensor/Reaction.lean:205:34: `dif_pos` has been deprecated: Use `dite_eq_left` instead
warning: DifferentialGeometry/Analysis/Parabolic/MaximumPrinciple/Tensor/Reaction.lean:226:10: `dif_pos` has been deprecated: Use `dite_eq_left` instead
warning: DifferentialGeometry/Analysis/Parabolic/MaximumPrinciple/Tensor/Reaction.lean:226:22: `dif_pos` has been deprecated: Use `dite_eq_left` instead
warning: DifferentialGeometry/Analysis/Parabolic/MaximumPrinciple/Tensor/Reaction.lean:243:10: `dif_pos` has been deprecated: Use `dite_eq_left` instead
warning: DifferentialGeometry/Analysis/Parabolic/MaximumPrinciple/Tensor/Reaction.lean:243:22: `dif_pos` has been deprecated: Use `dite_eq_left` instead
warning: DifferentialGeometry/Analysis/Parabolic/MaximumPrinciple/Tensor/Reaction.lean:243:34: `dif_pos` has been deprecated: Use `dite_eq_left` instead
warning: DifferentialGeometry/Analysis/Parabolic/MaximumPrinciple/Tensor/Reaction.lean:264:10: `dif_pos` has been deprecated: Use `dite_eq_left` instead
warning: DifferentialGeometry/Analysis/Parabolic/MaximumPrinciple/Tensor/Reaction.lean:264:22: `dif_pos` has been deprecated: Use `dite_eq_left` instead
⚠ [9550/9687] Replayed DifferentialGeometry.Geometry.Flow.RicciFlow.Preservation.PositiveRicciReaction
warning: DifferentialGeometry/Geometry/Flow/RicciFlow/Preservation/PositiveRicciReaction.lean:395:10: `if_pos` has been deprecated: Use `ite_eq_left` instead
⚠ [9556/9687] Replayed DifferentialGeometry.Geometry.Curvature.DimensionThree.UhlReaction3
warning: DifferentialGeometry/Geometry/Curvature/DimensionThree/UhlReaction3.lean:101:8: `if_neg` has been deprecated: Use `ite_eq_right` instead
warning: DifferentialGeometry/Geometry/Curvature/DimensionThree/UhlReaction3.lean:101:18: `if_neg` has been deprecated: Use `ite_eq_right` instead
⚠ [9561/9855] Replayed DifferentialGeometry.Geometry.Flow.RicciFlow.Preservation.PositiveRicci
warning: DifferentialGeometry/Geometry/Flow/RicciFlow/Preservation/PositiveRicci.lean:1739:12: `if_pos` has been deprecated: Use `ite_eq_left` instead
warning: DifferentialGeometry/Geometry/Flow/RicciFlow/Preservation/PositiveRicci.lean:1740:12: `if_neg` has been deprecated: Use `ite_eq_right` instead
⚠ [9564/9855] Replayed DifferentialGeometry.Geometry.Flow.RicciFlow.Evolution.Curvature.Derivatives.StarSum.Routing
warning: DifferentialGeometry/Geometry/Flow/RicciFlow/Evolution/Curvature/Derivatives/StarSum/Routing.lean:118:8: `dif_pos` has been deprecated: Use `dite_eq_left` instead
warning: DifferentialGeometry/Geometry/Flow/RicciFlow/Evolution/Curvature/Derivatives/StarSum/Routing.lean:118:20: `if_pos` has been deprecated: Use `ite_eq_left` instead
warning: DifferentialGeometry/Geometry/Flow/RicciFlow/Evolution/Curvature/Derivatives/StarSum/Routing.lean:119:8: `dif_neg` has been deprecated: Use `dite_eq_right` instead
warning: DifferentialGeometry/Geometry/Flow/RicciFlow/Evolution/Curvature/Derivatives/StarSum/Routing.lean:119:20: `if_neg` has been deprecated: Use `ite_eq_right` instead
warning: DifferentialGeometry/Geometry/Flow/RicciFlow/Evolution/Curvature/Derivatives/StarSum/Routing.lean:121:10: `dif_pos` has been deprecated: Use `dite_eq_left` instead
warning: DifferentialGeometry/Geometry/Flow/RicciFlow/Evolution/Curvature/Derivatives/StarSum/Routing.lean:121:22: `if_pos` has been deprecated: Use `ite_eq_left` instead
warning: DifferentialGeometry/Geometry/Flow/RicciFlow/Evolution/Curvature/Derivatives/StarSum/Routing.lean:122:10: `dif_neg` has been deprecated: Use `dite_eq_right` instead
warning: DifferentialGeometry/Geometry/Flow/RicciFlow/Evolution/Curvature/Derivatives/StarSum/Routing.lean:122:22: `if_neg` has been deprecated: Use `ite_eq_right` instead
warning: DifferentialGeometry/Geometry/Flow/RicciFlow/Evolution/Curvature/Derivatives/StarSum/Routing.lean:124:12: `dif_pos` has been deprecated: Use `dite_eq_left` instead
warning: DifferentialGeometry/Geometry/Flow/RicciFlow/Evolution/Curvature/Derivatives/StarSum/Routing.lean:124:41: `if_pos` has been deprecated: Use `ite_eq_left` instead
warning: DifferentialGeometry/Geometry/Flow/RicciFlow/Evolution/Curvature/Derivatives/StarSum/Routing.lean:125:12: `dif_neg` has been deprecated: Use `dite_eq_right` instead
warning: DifferentialGeometry/Geometry/Flow/RicciFlow/Evolution/Curvature/Derivatives/StarSum/Routing.lean:125:41: `if_neg` has been deprecated: Use `ite_eq_right` instead
warning: DifferentialGeometry/Geometry/Flow/RicciFlow/Evolution/Curvature/Derivatives/StarSum/Routing.lean:127:14: `dif_pos` has been deprecated: Use `dite_eq_left` instead
warning: DifferentialGeometry/Geometry/Flow/RicciFlow/Evolution/Curvature/Derivatives/StarSum/Routing.lean:127:43: `if_pos` has been deprecated: Use `ite_eq_left` instead
warning: DifferentialGeometry/Geometry/Flow/RicciFlow/Evolution/Curvature/Derivatives/StarSum/Routing.lean:128:14: `dif_neg` has been deprecated: Use `dite_eq_right` instead
warning: DifferentialGeometry/Geometry/Flow/RicciFlow/Evolution/Curvature/Derivatives/StarSum/Routing.lean:128:43: `if_neg` has been deprecated: Use `ite_eq_right` instead
warning: DifferentialGeometry/Geometry/Flow/RicciFlow/Evolution/Curvature/Derivatives/StarSum/Routing.lean:172:10: `if_pos` has been deprecated: Use `ite_eq_left` instead
warning: DifferentialGeometry/Geometry/Flow/RicciFlow/Evolution/Curvature/Derivatives/StarSum/Routing.lean:172:22: `if_neg` has been deprecated: Use `ite_eq_right` instead
warning: DifferentialGeometry/Geometry/Flow/RicciFlow/Evolution/Curvature/Derivatives/StarSum/Routing.lean:177:12: `if_neg` has been deprecated: Use `ite_eq_right` instead
warning: DifferentialGeometry/Geometry/Flow/RicciFlow/Evolution/Curvature/Derivatives/StarSum/Routing.lean:177:41: `if_neg` has been deprecated: Use `ite_eq_right` instead
warning: DifferentialGeometry/Geometry/Flow/RicciFlow/Evolution/Curvature/Derivatives/StarSum/Routing.lean:178:10: `if_pos` has been deprecated: Use `ite_eq_left` instead
warning: DifferentialGeometry/Geometry/Flow/RicciFlow/Evolution/Curvature/Derivatives/StarSum/Routing.lean:178:22: `if_pos` has been deprecated: Use `ite_eq_left` instead
warning: DifferentialGeometry/Geometry/Flow/RicciFlow/Evolution/Curvature/Derivatives/StarSum/Routing.lean:181:12: `if_neg` has been deprecated: Use `ite_eq_right` instead
warning: DifferentialGeometry/Geometry/Flow/RicciFlow/Evolution/Curvature/Derivatives/StarSum/Routing.lean:181:41: `if_neg` has been deprecated: Use `ite_eq_right` instead
warning: DifferentialGeometry/Geometry/Flow/RicciFlow/Evolution/Curvature/Derivatives/StarSum/Routing.lean:182:10: `if_neg` has been deprecated: Use `ite_eq_right` instead
warning: DifferentialGeometry/Geometry/Flow/RicciFlow/Evolution/Curvature/Derivatives/StarSum/Routing.lean:182:39: `if_neg` has been deprecated: Use `ite_eq_right` instead
warning: DifferentialGeometry/Geometry/Flow/RicciFlow/Evolution/Curvature/Derivatives/StarSum/Routing.lean:183:10: `if_neg` has been deprecated: Use `ite_eq_right` instead
warning: DifferentialGeometry/Geometry/Flow/RicciFlow/Evolution/Curvature/Derivatives/StarSum/Routing.lean:198:10: `if_neg` has been deprecated: Use `ite_eq_right` instead
warning: DifferentialGeometry/Geometry/Flow/RicciFlow/Evolution/Curvature/Derivatives/StarSum/Routing.lean:198:39: `if_pos` has been deprecated: Use `ite_eq_left` instead
warning: DifferentialGeometry/Geometry/Flow/RicciFlow/Evolution/Curvature/Derivatives/StarSum/Routing.lean:198:51: `if_pos` has been deprecated: Use `ite_eq_left` instead
warning: DifferentialGeometry/Geometry/Flow/RicciFlow/Evolution/Curvature/Derivatives/StarSum/Routing.lean:202:12: `if_neg` has been deprecated: Use `ite_eq_right` instead
warning: DifferentialGeometry/Geometry/Flow/RicciFlow/Evolution/Curvature/Derivatives/StarSum/Routing.lean:202:41: `if_neg` has been deprecated: Use `ite_eq_right` instead
warning: DifferentialGeometry/Geometry/Flow/RicciFlow/Evolution/Curvature/Derivatives/StarSum/Routing.lean:203:10: `if_neg` has been deprecated: Use `ite_eq_right` instead
warning: DifferentialGeometry/Geometry/Flow/RicciFlow/Evolution/Curvature/Derivatives/StarSum/Routing.lean:203:39: `if_neg` has been deprecated: Use `ite_eq_right` instead
warning: DifferentialGeometry/Geometry/Flow/RicciFlow/Evolution/Curvature/Derivatives/StarSum/Routing.lean:204:10: `if_neg` has been deprecated: Use `ite_eq_right` instead
warning: DifferentialGeometry/Geometry/Flow/RicciFlow/Evolution/Curvature/Derivatives/StarSum/Routing.lean:204:40: `if_pos` has been deprecated: Use `ite_eq_left` instead
warning: DifferentialGeometry/Geometry/Flow/RicciFlow/Evolution/Curvature/Derivatives/StarSum/Routing.lean:214:14: `if_neg` has been deprecated: Use `ite_eq_right` instead
warning: DifferentialGeometry/Geometry/Flow/RicciFlow/Evolution/Curvature/Derivatives/StarSum/Routing.lean:214:43: `if_neg` has been deprecated: Use `ite_eq_right` instead
warning: DifferentialGeometry/Geometry/Flow/RicciFlow/Evolution/Curvature/Derivatives/StarSum/Routing.lean:215:12: `if_neg` has been deprecated: Use `ite_eq_right` instead
warning: DifferentialGeometry/Geometry/Flow/RicciFlow/Evolution/Curvature/Derivatives/StarSum/Routing.lean:215:41: `if_neg` has been deprecated: Use `ite_eq_right` instead
warning: DifferentialGeometry/Geometry/Flow/RicciFlow/Evolution/Curvature/Derivatives/StarSum/Routing.lean:216:12: `if_neg` has been deprecated: Use `ite_eq_right` instead
warning: DifferentialGeometry/Geometry/Flow/RicciFlow/Evolution/Curvature/Derivatives/StarSum/Routing.lean:216:42: `if_neg` has been deprecated: Use `ite_eq_right` instead
warning: DifferentialGeometry/Geometry/Flow/RicciFlow/Evolution/Curvature/Derivatives/StarSum/Routing.lean:217:12: `if_pos` has been deprecated: Use `ite_eq_left` instead
warning: DifferentialGeometry/Geometry/Flow/RicciFlow/Evolution/Curvature/Derivatives/StarSum/Routing.lean:222:14: `if_neg` has been deprecated: Use `ite_eq_right` instead
warning: DifferentialGeometry/Geometry/Flow/RicciFlow/Evolution/Curvature/Derivatives/StarSum/Routing.lean:222:43: `if_neg` has been deprecated: Use `ite_eq_right` instead
warning: DifferentialGeometry/Geometry/Flow/RicciFlow/Evolution/Curvature/Derivatives/StarSum/Routing.lean:223:12: `if_neg` has been deprecated: Use `ite_eq_right` instead
warning: DifferentialGeometry/Geometry/Flow/RicciFlow/Evolution/Curvature/Derivatives/StarSum/Routing.lean:223:41: `if_pos` has been deprecated: Use `ite_eq_left` instead
warning: DifferentialGeometry/Geometry/Flow/RicciFlow/Evolution/Curvature/Derivatives/StarSum/Routing.lean:224:12: `if_neg` has been deprecated: Use `ite_eq_right` instead
warning: DifferentialGeometry/Geometry/Flow/RicciFlow/Evolution/Curvature/Derivatives/StarSum/Routing.lean:224:42: `if_neg` has been deprecated: Use `ite_eq_right` instead
warning: DifferentialGeometry/Geometry/Flow/RicciFlow/Evolution/Curvature/Derivatives/StarSum/Routing.lean:225:12: `if_neg` has been deprecated: Use `ite_eq_right` instead
warning: DifferentialGeometry/Geometry/Flow/RicciFlow/Evolution/Curvature/Derivatives/StarSum/Routing.lean:297:10: `if_neg` has been deprecated: Use `ite_eq_right` instead
warning: DifferentialGeometry/Geometry/Flow/RicciFlow/Evolution/Curvature/Derivatives/StarSum/Routing.lean:297:39: `if_neg` has been deprecated: Use `ite_eq_right` instead
warning: DifferentialGeometry/Geometry/Flow/RicciFlow/Evolution/Curvature/Derivatives/StarSum/Routing.lean:297:68: `if_pos` has been deprecated: Use `ite_eq_left` instead
warning: DifferentialGeometry/Geometry/Flow/RicciFlow/Evolution/Curvature/Derivatives/StarSum/Routing.lean:298:8: `if_pos` has been deprecated: Use `ite_eq_left` instead
warning: DifferentialGeometry/Geometry/Flow/RicciFlow/Evolution/Curvature/Derivatives/StarSum/Routing.lean:301:10: `if_neg` has been deprecated: Use `ite_eq_right` instead
warning: DifferentialGeometry/Geometry/Flow/RicciFlow/Evolution/Curvature/Derivatives/StarSum/Routing.lean:301:39: `if_neg` has been deprecated: Use `ite_eq_right` instead
warning: DifferentialGeometry/Geometry/Flow/RicciFlow/Evolution/Curvature/Derivatives/StarSum/Routing.lean:302:8: `if_neg` has been deprecated: Use `ite_eq_right` instead
warning: DifferentialGeometry/Geometry/Flow/RicciFlow/Evolution/Curvature/Derivatives/StarSum/Routing.lean:302:37: `if_neg` has been deprecated: Use `ite_eq_right` instead
warning: DifferentialGeometry/Geometry/Flow/RicciFlow/Evolution/Curvature/Derivatives/StarSum/Routing.lean:303:8: `if_neg` has been deprecated: Use `ite_eq_right` instead
warning: DifferentialGeometry/Geometry/Flow/RicciFlow/Evolution/Curvature/Derivatives/StarSum/Routing.lean:316:10: `if_pos` has been deprecated: Use `ite_eq_left` instead
warning: DifferentialGeometry/Geometry/Flow/RicciFlow/Evolution/Curvature/Derivatives/StarSum/Routing.lean:316:22: `if_pos` has been deprecated: Use `ite_eq_left` instead
warning: DifferentialGeometry/Geometry/Flow/RicciFlow/Evolution/Curvature/Derivatives/StarSum/Routing.lean:320:12: `if_neg` has been deprecated: Use `ite_eq_right` instead
warning: DifferentialGeometry/Geometry/Flow/RicciFlow/Evolution/Curvature/Derivatives/StarSum/Routing.lean:320:41: `if_neg` has been deprecated: Use `ite_eq_right` instead
warning: DifferentialGeometry/Geometry/Flow/RicciFlow/Evolution/Curvature/Derivatives/StarSum/Routing.lean:321:10: `if_neg` has been deprecated: Use `ite_eq_right` instead
warning: DifferentialGeometry/Geometry/Flow/RicciFlow/Evolution/Curvature/Derivatives/StarSum/Routing.lean:321:39: `if_neg` has been deprecated: Use `ite_eq_right` instead
warning: DifferentialGeometry/Geometry/Flow/RicciFlow/Evolution/Curvature/Derivatives/StarSum/Routing.lean:322:10: `if_neg` has been deprecated: Use `ite_eq_right` instead
warning: DifferentialGeometry/Geometry/Flow/RicciFlow/Evolution/Curvature/Derivatives/StarSum/Routing.lean:322:40: `if_pos` has been deprecated: Use `ite_eq_left` instead
warning: DifferentialGeometry/Geometry/Flow/RicciFlow/Evolution/Curvature/Derivatives/StarSum/Routing.lean:328:14: `if_neg` has been deprecated: Use `ite_eq_right` instead
warning: DifferentialGeometry/Geometry/Flow/RicciFlow/Evolution/Curvature/Derivatives/StarSum/Routing.lean:328:43: `if_pos` has been deprecated: Use `ite_eq_left` instead
warning: DifferentialGeometry/Geometry/Flow/RicciFlow/Evolution/Curvature/Derivatives/StarSum/Routing.lean:329:12: `if_neg` has been deprecated: Use `ite_eq_right` instead
warning: DifferentialGeometry/Geometry/Flow/RicciFlow/Evolution/Curvature/Derivatives/StarSum/Routing.lean:329:42: `if_neg` has been deprecated: Use `ite_eq_right` instead
warning: DifferentialGeometry/Geometry/Flow/RicciFlow/Evolution/Curvature/Derivatives/StarSum/Routing.lean:329:72: `if_pos` has been deprecated: Use `ite_eq_left` instead
warning: DifferentialGeometry/Geometry/Flow/RicciFlow/Evolution/Curvature/Derivatives/StarSum/Routing.lean:332:14: `if_neg` has been deprecated: Use `ite_eq_right` instead
warning: DifferentialGeometry/Geometry/Flow/RicciFlow/Evolution/Curvature/Derivatives/StarSum/Routing.lean:332:43: `if_neg` has been deprecated: Use `ite_eq_right` instead
warning: DifferentialGeometry/Geometry/Flow/RicciFlow/Evolution/Curvature/Derivatives/StarSum/Routing.lean:333:12: `if_neg` has been deprecated: Use `ite_eq_right` instead
warning: DifferentialGeometry/Geometry/Flow/RicciFlow/Evolution/Curvature/Derivatives/StarSum/Routing.lean:333:41: `if_pos` has been deprecated: Use `ite_eq_left` instead
warning: DifferentialGeometry/Geometry/Flow/RicciFlow/Evolution/Curvature/Derivatives/StarSum/Routing.lean:334:12: `if_neg` has been deprecated: Use `ite_eq_right` instead
warning: DifferentialGeometry/Geometry/Flow/RicciFlow/Evolution/Curvature/Derivatives/StarSum/Routing.lean:334:42: `if_neg` has been deprecated: Use `ite_eq_right` instead
warning: DifferentialGeometry/Geometry/Flow/RicciFlow/Evolution/Curvature/Derivatives/StarSum/Routing.lean:335:12: `if_neg` has been deprecated: Use `ite_eq_right` instead
warning: DifferentialGeometry/Geometry/Flow/RicciFlow/Evolution/Curvature/Derivatives/StarSum/Routing.lean:443:10: `if_pos` has been deprecated: Use `ite_eq_left` instead
warning: DifferentialGeometry/Geometry/Flow/RicciFlow/Evolution/Curvature/Derivatives/StarSum/Routing.lean:443:22: `if_pos` has been deprecated: Use `ite_eq_left` instead
warning: DifferentialGeometry/Geometry/Flow/RicciFlow/Evolution/Curvature/Derivatives/StarSum/Routing.lean:447:12: `if_neg` has been deprecated: Use `ite_eq_right` instead
warning: DifferentialGeometry/Geometry/Flow/RicciFlow/Evolution/Curvature/Derivatives/StarSum/Routing.lean:447:41: `if_pos` has been deprecated: Use `ite_eq_left` instead
warning: DifferentialGeometry/Geometry/Flow/RicciFlow/Evolution/Curvature/Derivatives/StarSum/Routing.lean:448:10: `if_neg` has been deprecated: Use `ite_eq_right` instead
warning: DifferentialGeometry/Geometry/Flow/RicciFlow/Evolution/Curvature/Derivatives/StarSum/Routing.lean:448:40: `if_pos` has been deprecated: Use `ite_eq_left` instead
warning: DifferentialGeometry/Geometry/Flow/RicciFlow/Evolution/Curvature/Derivatives/StarSum/Routing.lean:452:14: `if_neg` has been deprecated: Use `ite_eq_right` instead
warning: DifferentialGeometry/Geometry/Flow/RicciFlow/Evolution/Curvature/Derivatives/StarSum/Routing.lean:452:43: `if_neg` has been deprecated: Use `ite_eq_right` instead
warning: DifferentialGeometry/Geometry/Flow/RicciFlow/Evolution/Curvature/Derivatives/StarSum/Routing.lean:453:12: `if_neg` has been deprecated: Use `ite_eq_right` instead
warning: DifferentialGeometry/Geometry/Flow/RicciFlow/Evolution/Curvature/Derivatives/StarSum/Routing.lean:453:41: `if_neg` has been deprecated: Use `ite_eq_right` instead
warning: DifferentialGeometry/Geometry/Flow/RicciFlow/Evolution/Curvature/Derivatives/StarSum/Routing.lean:454:12: `if_neg` has been deprecated: Use `ite_eq_right` instead
warning: DifferentialGeometry/Geometry/Flow/RicciFlow/Evolution/Curvature/Derivatives/StarSum/Routing.lean:454:42: `if_neg` has been deprecated: Use `ite_eq_right` instead
warning: DifferentialGeometry/Geometry/Flow/RicciFlow/Evolution/Curvature/Derivatives/StarSum/Routing.lean:454:72: `if_pos` has been deprecated: Use `ite_eq_left` instead
warning: DifferentialGeometry/Geometry/Flow/RicciFlow/Evolution/Curvature/Derivatives/StarSum/Routing.lean:465:16: `if_neg` has been deprecated: Use `ite_eq_right` instead
warning: DifferentialGeometry/Geometry/Flow/RicciFlow/Evolution/Curvature/Derivatives/StarSum/Routing.lean:465:45: `if_neg` has been deprecated: Use `ite_eq_right` instead
warning: DifferentialGeometry/Geometry/Flow/RicciFlow/Evolution/Curvature/Derivatives/StarSum/Routing.lean:466:14: `if_neg` has been deprecated: Use `ite_eq_right` instead
warning: DifferentialGeometry/Geometry/Flow/RicciFlow/Evolution/Curvature/Derivatives/StarSum/Routing.lean:466:43: `if_neg` has been deprecated: Use `ite_eq_right` instead
warning: DifferentialGeometry/Geometry/Flow/RicciFlow/Evolution/Curvature/Derivatives/StarSum/Routing.lean:467:14: `if_neg` has been deprecated: Use `ite_eq_right` instead
warning: DifferentialGeometry/Geometry/Flow/RicciFlow/Evolution/Curvature/Derivatives/StarSum/Routing.lean:467:44: `if_neg` has been deprecated: Use `ite_eq_right` instead
warning: DifferentialGeometry/Geometry/Flow/RicciFlow/Evolution/Curvature/Derivatives/StarSum/Routing.lean:468:14: `if_neg` has been deprecated: Use `ite_eq_right` instead
warning: DifferentialGeometry/Geometry/Flow/RicciFlow/Evolution/Curvature/Derivatives/StarSum/Routing.lean:468:44: `if_pos` has been deprecated: Use `ite_eq_left` instead
warning: DifferentialGeometry/Geometry/Flow/RicciFlow/Evolution/Curvature/Derivatives/StarSum/Routing.lean:477:16: `if_neg` has been deprecated: Use `ite_eq_right` instead
warning: DifferentialGeometry/Geometry/Flow/RicciFlow/Evolution/Curvature/Derivatives/StarSum/Routing.lean:477:45: `if_neg` has been deprecated: Use `ite_eq_right` instead
warning: DifferentialGeometry/Geometry/Flow/RicciFlow/Evolution/Curvature/Derivatives/StarSum/Routing.lean:477:74: `if_pos` has been deprecated: Use `ite_eq_left` instead
warning: DifferentialGeometry/Geometry/Flow/RicciFlow/Evolution/Curvature/Derivatives/StarSum/Routing.lean:478:14: `if_neg` has been deprecated: Use `ite_eq_right` instead
warning: DifferentialGeometry/Geometry/Flow/RicciFlow/Evolution/Curvature/Derivatives/StarSum/Routing.lean:478:44: `if_neg` has been deprecated: Use `ite_eq_right` instead
warning: DifferentialGeometry/Geometry/Flow/RicciFlow/Evolution/Curvature/Derivatives/StarSum/Routing.lean:479:14: `if_neg` has been deprecated: Use `ite_eq_right` instead
warning: DifferentialGeometry/Geometry/Flow/RicciFlow/Evolution/Curvature/Derivatives/StarSum/Routing.lean:479:44: `if_neg` has been deprecated: Use `ite_eq_right` instead
warning: DifferentialGeometry/Geometry/Flow/RicciFlow/Evolution/Curvature/Derivatives/StarSum/Routing.lean:491:10: `if_neg` has been deprecated: Use `ite_eq_right` instead
warning: DifferentialGeometry/Geometry/Flow/RicciFlow/Evolution/Curvature/Derivatives/StarSum/Routing.lean:491:39: `if_neg` has been deprecated: Use `ite_eq_right` instead
warning: DifferentialGeometry/Geometry/Flow/RicciFlow/Evolution/Curvature/Derivatives/StarSum/Routing.lean:492:8: `if_neg` has been deprecated: Use `ite_eq_right` instead
warning: DifferentialGeometry/Geometry/Flow/RicciFlow/Evolution/Curvature/Derivatives/StarSum/Routing.lean:492:37: `if_pos` has been deprecated: Use `ite_eq_left` instead
warning: DifferentialGeometry/Geometry/Flow/RicciFlow/Evolution/Curvature/Derivatives/StarSum/Routing.lean:492:49: `if_pos` has been deprecated: Use `ite_eq_left` instead
warning: DifferentialGeometry/Geometry/Flow/RicciFlow/Evolution/Curvature/Derivatives/StarSum/Routing.lean:498:10: `if_neg` has been deprecated: Use `ite_eq_right` instead
warning: DifferentialGeometry/Geometry/Flow/RicciFlow/Evolution/Curvature/Derivatives/StarSum/Routing.lean:498:39: `if_neg` has been deprecated: Use `ite_eq_right` instead
warning: DifferentialGeometry/Geometry/Flow/RicciFlow/Evolution/Curvature/Derivatives/StarSum/Routing.lean:499:8: `if_neg` has been deprecated: Use `ite_eq_right` instead
warning: DifferentialGeometry/Geometry/Flow/RicciFlow/Evolution/Curvature/Derivatives/StarSum/Routing.lean:499:37: `if_neg` has been deprecated: Use `ite_eq_right` instead
warning: DifferentialGeometry/Geometry/Flow/RicciFlow/Evolution/Curvature/Derivatives/StarSum/Routing.lean:499:66: `if_neg` has been deprecated: Use `ite_eq_right` instead
warning: DifferentialGeometry/Geometry/Flow/RicciFlow/Evolution/Curvature/Derivatives/StarSum/Routing.lean:616:10: `if_pos` has been deprecated: Use `ite_eq_left` instead
warning: DifferentialGeometry/Geometry/Flow/RicciFlow/Evolution/Curvature/Derivatives/StarSum/Routing.lean:616:22: `if_pos` has been deprecated: Use `ite_eq_left` instead
warning: DifferentialGeometry/Geometry/Flow/RicciFlow/Evolution/Curvature/Derivatives/StarSum/Routing.lean:620:12: `if_neg` has been deprecated: Use `ite_eq_right` instead
warning: DifferentialGeometry/Geometry/Flow/RicciFlow/Evolution/Curvature/Derivatives/StarSum/Routing.lean:620:41: `if_neg` has been deprecated: Use `ite_eq_right` instead
warning: DifferentialGeometry/Geometry/Flow/RicciFlow/Evolution/Curvature/Derivatives/StarSum/Routing.lean:621:10: `if_neg` has been deprecated: Use `ite_eq_right` instead
warning: DifferentialGeometry/Geometry/Flow/RicciFlow/Evolution/Curvature/Derivatives/StarSum/Routing.lean:621:39: `if_neg` has been deprecated: Use `ite_eq_right` instead
warning: DifferentialGeometry/Geometry/Flow/RicciFlow/Evolution/Curvature/Derivatives/StarSum/Routing.lean:622:10: `if_neg` has been deprecated: Use `ite_eq_right` instead
warning: DifferentialGeometry/Geometry/Flow/RicciFlow/Evolution/Curvature/Derivatives/StarSum/Routing.lean:622:40: `if_pos` has been deprecated: Use `ite_eq_left` instead
warning: DifferentialGeometry/Geometry/Flow/RicciFlow/Evolution/Curvature/Derivatives/StarSum/Routing.lean:633:14: `if_neg` has been deprecated: Use `ite_eq_right` instead
warning: DifferentialGeometry/Geometry/Flow/RicciFlow/Evolution/Curvature/Derivatives/StarSum/Routing.lean:633:43: `if_neg` has been deprecated: Use `ite_eq_right` instead
warning: DifferentialGeometry/Geometry/Flow/RicciFlow/Evolution/Curvature/Derivatives/StarSum/Routing.lean:634:12: `if_neg` has been deprecated: Use `ite_eq_right` instead
warning: DifferentialGeometry/Geometry/Flow/RicciFlow/Evolution/Curvature/Derivatives/StarSum/Routing.lean:634:41: `if_neg` has been deprecated: Use `ite_eq_right` instead
warning: DifferentialGeometry/Geometry/Flow/RicciFlow/Evolution/Curvature/Derivatives/StarSum/Routing.lean:635:12: `if_neg` has been deprecated: Use `ite_eq_right` instead
warning: DifferentialGeometry/Geometry/Flow/RicciFlow/Evolution/Curvature/Derivatives/StarSum/Routing.lean:635:42: `if_neg` has been deprecated: Use `ite_eq_right` instead
warning: DifferentialGeometry/Geometry/Flow/RicciFlow/Evolution/Curvature/Derivatives/StarSum/Routing.lean:635:72: `if_pos` has been deprecated: Use `ite_eq_left` instead
warning: DifferentialGeometry/Geometry/Flow/RicciFlow/Evolution/Curvature/Derivatives/StarSum/Routing.lean:644:14: `if_neg` has been deprecated: Use `ite_eq_right` instead
warning: DifferentialGeometry/Geometry/Flow/RicciFlow/Evolution/Curvature/Derivatives/StarSum/Routing.lean:644:43: `if_neg` has been deprecated: Use `ite_eq_right` instead
warning: DifferentialGeometry/Geometry/Flow/RicciFlow/Evolution/Curvature/Derivatives/StarSum/Routing.lean:644:72: `if_pos` has been deprecated: Use `ite_eq_left` instead
warning: DifferentialGeometry/Geometry/Flow/RicciFlow/Evolution/Curvature/Derivatives/StarSum/Routing.lean:645:12: `if_neg` has been deprecated: Use `ite_eq_right` instead
warning: DifferentialGeometry/Geometry/Flow/RicciFlow/Evolution/Curvature/Derivatives/StarSum/Routing.lean:645:42: `if_neg` has been deprecated: Use `ite_eq_right` instead
warning: DifferentialGeometry/Geometry/Flow/RicciFlow/Evolution/Curvature/Derivatives/StarSum/Routing.lean:646:12: `if_neg` has been deprecated: Use `ite_eq_right` instead
warning: DifferentialGeometry/Geometry/Flow/RicciFlow/Evolution/Curvature/Derivatives/StarSum/Routing.lean:659:10: `if_neg` has been deprecated: Use `ite_eq_right` instead
warning: DifferentialGeometry/Geometry/Flow/RicciFlow/Evolution/Curvature/Derivatives/StarSum/Routing.lean:659:39: `if_pos` has been deprecated: Use `ite_eq_left` instead
warning: DifferentialGeometry/Geometry/Flow/RicciFlow/Evolution/Curvature/Derivatives/StarSum/Routing.lean:667:12: `if_neg` has been deprecated: Use `ite_eq_right` instead
warning: DifferentialGeometry/Geometry/Flow/RicciFlow/Evolution/Curvature/Derivatives/StarSum/Routing.lean:667:41: `if_neg` has been deprecated: Use `ite_eq_right` instead
warning: DifferentialGeometry/Geometry/Flow/RicciFlow/Evolution/Curvature/Derivatives/StarSum/Routing.lean:668:10: `if_neg` has been deprecated: Use `ite_eq_right` instead
warning: DifferentialGeometry/Geometry/Flow/RicciFlow/Evolution/Curvature/Derivatives/StarSum/Routing.lean:668:39: `if_pos` has been deprecated: Use `ite_eq_left` instead
warning: DifferentialGeometry/Geometry/Flow/RicciFlow/Evolution/Curvature/Derivatives/StarSum/Routing.lean:686:52: `if_neg` has been deprecated: Use `ite_eq_right` instead
warning: DifferentialGeometry/Geometry/Flow/RicciFlow/Evolution/Curvature/Derivatives/StarSum/Routing.lean:687:12: `if_neg` has been deprecated: Use `ite_eq_right` instead
warning: DifferentialGeometry/Geometry/Flow/RicciFlow/Evolution/Curvature/Derivatives/StarSum/Routing.lean:687:41: `if_neg` has been deprecated: Use `ite_eq_right` instead
warning: DifferentialGeometry/Geometry/Flow/RicciFlow/Evolution/Curvature/Derivatives/StarSum/Routing.lean:688:10: `if_neg` has been deprecated: Use `ite_eq_right` instead
warning: DifferentialGeometry/Geometry/Flow/RicciFlow/Evolution/Curvature/Derivatives/StarSum/Routing.lean:688:39: `if_neg` has been deprecated: Use `ite_eq_right` instead
warning: DifferentialGeometry/Geometry/Flow/RicciFlow/Evolution/Curvature/Derivatives/StarSum/Routing.lean:796:10: `if_neg` has been deprecated: Use `ite_eq_right` instead
warning: DifferentialGeometry/Geometry/Flow/RicciFlow/Evolution/Curvature/Derivatives/StarSum/Routing.lean:796:39: `if_neg` has been deprecated: Use `ite_eq_right` instead
warning: DifferentialGeometry/Geometry/Flow/RicciFlow/Evolution/Curvature/Derivatives/StarSum/Routing.lean:797:8: `if_neg` has been deprecated: Use `ite_eq_right` instead
warning: DifferentialGeometry/Geometry/Flow/RicciFlow/Evolution/Curvature/Derivatives/StarSum/Routing.lean:797:37: `if_neg` has been deprecated: Use `ite_eq_right` instead
warning: DifferentialGeometry/Geometry/Flow/RicciFlow/Evolution/Curvature/Derivatives/StarSum/Routing.lean:797:66: `if_pos` has been deprecated: Use `ite_eq_left` instead
warning: DifferentialGeometry/Geometry/Flow/RicciFlow/Evolution/Curvature/Derivatives/StarSum/Routing.lean:807:12: `if_pos` has been deprecated: Use `ite_eq_left` instead
warning: DifferentialGeometry/Geometry/Flow/RicciFlow/Evolution/Curvature/Derivatives/StarSum/Routing.lean:807:24: `if_neg` has been deprecated: Use `ite_eq_right` instead
warning: DifferentialGeometry/Geometry/Flow/RicciFlow/Evolution/Curvature/Derivatives/StarSum/Routing.lean:807:54: `if_pos` has been deprecated: Use `ite_eq_left` instead
warning: DifferentialGeometry/Geometry/Flow/RicciFlow/Evolution/Curvature/Derivatives/StarSum/Routing.lean:811:14: `if_neg` has been deprecated: Use `ite_eq_right` instead
warning: DifferentialGeometry/Geometry/Flow/RicciFlow/Evolution/Curvature/Derivatives/StarSum/Routing.lean:811:43: `if_neg` has been deprecated: Use `ite_eq_right` instead
warning: DifferentialGeometry/Geometry/Flow/RicciFlow/Evolution/Curvature/Derivatives/StarSum/Routing.lean:812:12: `if_neg` has been deprecated: Use `ite_eq_right` instead
warning: DifferentialGeometry/Geometry/Flow/RicciFlow/Evolution/Curvature/Derivatives/StarSum/Routing.lean:812:41: `if_neg` has been deprecated: Use `ite_eq_right` instead
warning: DifferentialGeometry/Geometry/Flow/RicciFlow/Evolution/Curvature/Derivatives/StarSum/Routing.lean:813:12: `if_neg` has been deprecated: Use `ite_eq_right` instead
warning: DifferentialGeometry/Geometry/Flow/RicciFlow/Evolution/Curvature/Derivatives/StarSum/Routing.lean:813:42: `if_neg` has been deprecated: Use `ite_eq_right` instead
warning: DifferentialGeometry/Geometry/Flow/RicciFlow/Evolution/Curvature/Derivatives/StarSum/Routing.lean:813:72: `if_pos` has been deprecated: Use `ite_eq_left` instead
warning: DifferentialGeometry/Geometry/Flow/RicciFlow/Evolution/Curvature/Derivatives/StarSum/Routing.lean:822:16: `if_neg` has been deprecated: Use `ite_eq_right` instead
warning: DifferentialGeometry/Geometry/Flow/RicciFlow/Evolution/Curvature/Derivatives/StarSum/Routing.lean:822:45: `if_neg` has been deprecated: Use `ite_eq_right` instead
warning: DifferentialGeometry/Geometry/Flow/RicciFlow/Evolution/Curvature/Derivatives/StarSum/Routing.lean:822:74: `if_pos` has been deprecated: Use `ite_eq_left` instead
warning: DifferentialGeometry/Geometry/Flow/RicciFlow/Evolution/Curvature/Derivatives/StarSum/Routing.lean:823:14: `if_neg` has been deprecated: Use `ite_eq_right` instead
warning: DifferentialGeometry/Geometry/Flow/RicciFlow/Evolution/Curvature/Derivatives/StarSum/Routing.lean:823:44: `if_neg` has been deprecated: Use `ite_eq_right` instead
warning: DifferentialGeometry/Geometry/Flow/RicciFlow/Evolution/Curvature/Derivatives/StarSum/Routing.lean:824:14: `if_neg` has been deprecated: Use `ite_eq_right` instead
warning: DifferentialGeometry/Geometry/Flow/RicciFlow/Evolution/Curvature/Derivatives/StarSum/Routing.lean:824:44: `if_pos` has been deprecated: Use `ite_eq_left` instead
warning: DifferentialGeometry/Geometry/Flow/RicciFlow/Evolution/Curvature/Derivatives/StarSum/Routing.lean:827:16: `if_neg` has been deprecated: Use `ite_eq_right` instead
warning: DifferentialGeometry/Geometry/Flow/RicciFlow/Evolution/Curvature/Derivatives/StarSum/Routing.lean:827:45: `if_pos` has been deprecated: Use `ite_eq_left` instead
warning: DifferentialGeometry/Geometry/Flow/RicciFlow/Evolution/Curvature/Derivatives/StarSum/Routing.lean:828:14: `if_neg` has been deprecated: Use `ite_eq_right` instead
warning: DifferentialGeometry/Geometry/Flow/RicciFlow/Evolution/Curvature/Derivatives/StarSum/Routing.lean:828:44: `if_neg` has been deprecated: Use `ite_eq_right` instead
warning: DifferentialGeometry/Geometry/Flow/RicciFlow/Evolution/Curvature/Derivatives/StarSum/Routing.lean:829:14: `if_neg` has been deprecated: Use `ite_eq_right` instead
warning: DifferentialGeometry/Geometry/Flow/RicciFlow/Evolution/Curvature/Derivatives/StarSum/Routing.lean:829:44: `if_neg` has been deprecated: Use `ite_eq_right` instead
warning: DifferentialGeometry/Geometry/Flow/RicciFlow/Evolution/Curvature/Derivatives/StarSum/Routing.lean:841:10: `if_neg` has been deprecated: Use `ite_eq_right` instead
warning: DifferentialGeometry/Geometry/Flow/RicciFlow/Evolution/Curvature/Derivatives/StarSum/Routing.lean:841:39: `if_neg` has been deprecated: Use `ite_eq_right` instead
warning: DifferentialGeometry/Geometry/Flow/RicciFlow/Evolution/Curvature/Derivatives/StarSum/Routing.lean:842:8: `if_neg` has been deprecated: Use `ite_eq_right` instead
warning: DifferentialGeometry/Geometry/Flow/RicciFlow/Evolution/Curvature/Derivatives/StarSum/Routing.lean:842:37: `if_pos` has been deprecated: Use `ite_eq_left` instead
warning: DifferentialGeometry/Geometry/Flow/RicciFlow/Evolution/Curvature/Derivatives/StarSum/Routing.lean:842:49: `if_pos` has been deprecated: Use `ite_eq_left` instead
warning: DifferentialGeometry/Geometry/Flow/RicciFlow/Evolution/Curvature/Derivatives/StarSum/Routing.lean:848:10: `if_neg` has been deprecated: Use `ite_eq_right` instead
warning: DifferentialGeometry/Geometry/Flow/RicciFlow/Evolution/Curvature/Derivatives/StarSum/Routing.lean:848:39: `if_neg` has been deprecated: Use `ite_eq_right` instead
warning: DifferentialGeometry/Geometry/Flow/RicciFlow/Evolution/Curvature/Derivatives/StarSum/Routing.lean:849:8: `if_neg` has been deprecated: Use `ite_eq_right` instead
warning: DifferentialGeometry/Geometry/Flow/RicciFlow/Evolution/Curvature/Derivatives/StarSum/Routing.lean:849:37: `if_neg` has been deprecated: Use `ite_eq_right` instead
warning: DifferentialGeometry/Geometry/Flow/RicciFlow/Evolution/Curvature/Derivatives/StarSum/Routing.lean:849:66: `if_neg` has been deprecated: Use `ite_eq_right` instead
warning: DifferentialGeometry/Geometry/Flow/RicciFlow/Evolution/Curvature/Derivatives/StarSum/Routing.lean:956:10: `if_neg` has been deprecated: Use `ite_eq_right` instead
warning: DifferentialGeometry/Geometry/Flow/RicciFlow/Evolution/Curvature/Derivatives/StarSum/Routing.lean:956:39: `if_neg` has been deprecated: Use `ite_eq_right` instead
warning: DifferentialGeometry/Geometry/Flow/RicciFlow/Evolution/Curvature/Derivatives/StarSum/Routing.lean:957:8: `if_neg` has been deprecated: Use `ite_eq_right` instead
warning: DifferentialGeometry/Geometry/Flow/RicciFlow/Evolution/Curvature/Derivatives/StarSum/Routing.lean:957:37: `if_neg` has been deprecated: Use `ite_eq_right` instead
warning: DifferentialGeometry/Geometry/Flow/RicciFlow/Evolution/Curvature/Derivatives/StarSum/Routing.lean:957:66: `if_pos` has been deprecated: Use `ite_eq_left` instead
warning: DifferentialGeometry/Geometry/Flow/RicciFlow/Evolution/Curvature/Derivatives/StarSum/Routing.lean:966:12: `if_pos` has been deprecated: Use `ite_eq_left` instead
warning: DifferentialGeometry/Geometry/Flow/RicciFlow/Evolution/Curvature/Derivatives/StarSum/Routing.lean:966:24: `if_neg` has been deprecated: Use `ite_eq_right` instead
warning: DifferentialGeometry/Geometry/Flow/RicciFlow/Evolution/Curvature/Derivatives/StarSum/Routing.lean:966:54: `if_pos` has been deprecated: Use `ite_eq_left` instead
warning: DifferentialGeometry/Geometry/Flow/RicciFlow/Evolution/Curvature/Derivatives/StarSum/Routing.lean:970:14: `if_neg` has been deprecated: Use `ite_eq_right` instead
warning: DifferentialGeometry/Geometry/Flow/RicciFlow/Evolution/Curvature/Derivatives/StarSum/Routing.lean:970:43: `if_neg` has been deprecated: Use `ite_eq_right` instead
warning: DifferentialGeometry/Geometry/Flow/RicciFlow/Evolution/Curvature/Derivatives/StarSum/Routing.lean:971:12: `if_neg` has been deprecated: Use `ite_eq_right` instead
warning: DifferentialGeometry/Geometry/Flow/RicciFlow/Evolution/Curvature/Derivatives/StarSum/Routing.lean:971:41: `if_neg` has been deprecated: Use `ite_eq_right` instead
warning: DifferentialGeometry/Geometry/Flow/RicciFlow/Evolution/Curvature/Derivatives/StarSum/Routing.lean:972:12: `if_neg` has been deprecated: Use `ite_eq_right` instead
warning: DifferentialGeometry/Geometry/Flow/RicciFlow/Evolution/Curvature/Derivatives/StarSum/Routing.lean:972:42: `if_neg` has been deprecated: Use `ite_eq_right` instead
warning: DifferentialGeometry/Geometry/Flow/RicciFlow/Evolution/Curvature/Derivatives/StarSum/Routing.lean:972:72: `if_pos` has been deprecated: Use `ite_eq_left` instead
warning: DifferentialGeometry/Geometry/Flow/RicciFlow/Evolution/Curvature/Derivatives/StarSum/Routing.lean:982:16: `if_neg` has been deprecated: Use `ite_eq_right` instead
warning: DifferentialGeometry/Geometry/Flow/RicciFlow/Evolution/Curvature/Derivatives/StarSum/Routing.lean:982:45: `if_neg` has been deprecated: Use `ite_eq_right` instead
warning: DifferentialGeometry/Geometry/Flow/RicciFlow/Evolution/Curvature/Derivatives/StarSum/Routing.lean:982:74: `if_pos` has been deprecated: Use `ite_eq_left` instead
warning: DifferentialGeometry/Geometry/Flow/RicciFlow/Evolution/Curvature/Derivatives/StarSum/Routing.lean:983:14: `if_neg` has been deprecated: Use `ite_eq_right` instead
warning: DifferentialGeometry/Geometry/Flow/RicciFlow/Evolution/Curvature/Derivatives/StarSum/Routing.lean:983:44: `if_neg` has been deprecated: Use `ite_eq_right` instead
warning: DifferentialGeometry/Geometry/Flow/RicciFlow/Evolution/Curvature/Derivatives/StarSum/Routing.lean:984:14: `if_neg` has been deprecated: Use `ite_eq_right` instead
warning: DifferentialGeometry/Geometry/Flow/RicciFlow/Evolution/Curvature/Derivatives/StarSum/Routing.lean:984:44: `if_pos` has been deprecated: Use `ite_eq_left` instead
warning: DifferentialGeometry/Geometry/Flow/RicciFlow/Evolution/Curvature/Derivatives/StarSum/Routing.lean:987:16: `if_neg` has been deprecated: Use `ite_eq_right` instead
warning: DifferentialGeometry/Geometry/Flow/RicciFlow/Evolution/Curvature/Derivatives/StarSum/Routing.lean:987:45: `if_pos` has been deprecated: Use `ite_eq_left` instead
warning: DifferentialGeometry/Geometry/Flow/RicciFlow/Evolution/Curvature/Derivatives/StarSum/Routing.lean:988:14: `if_neg` has been deprecated: Use `ite_eq_right` instead
warning: DifferentialGeometry/Geometry/Flow/RicciFlow/Evolution/Curvature/Derivatives/StarSum/Routing.lean:988:44: `if_neg` has been deprecated: Use `ite_eq_right` instead
warning: DifferentialGeometry/Geometry/Flow/RicciFlow/Evolution/Curvature/Derivatives/StarSum/Routing.lean:989:14: `if_neg` has been deprecated: Use `ite_eq_right` instead
warning: DifferentialGeometry/Geometry/Flow/RicciFlow/Evolution/Curvature/Derivatives/StarSum/Routing.lean:989:44: `if_neg` has been deprecated: Use `ite_eq_right` instead
warning: DifferentialGeometry/Geometry/Flow/RicciFlow/Evolution/Curvature/Derivatives/StarSum/Routing.lean:1001:10: `if_neg` has been deprecated: Use `ite_eq_right` instead
warning: DifferentialGeometry/Geometry/Flow/RicciFlow/Evolution/Curvature/Derivatives/StarSum/Routing.lean:1001:39: `if_neg` has been deprecated: Use `ite_eq_right` instead
warning: DifferentialGeometry/Geometry/Flow/RicciFlow/Evolution/Curvature/Derivatives/StarSum/Routing.lean:1002:8: `if_neg` has been deprecated: Use `ite_eq_right` instead
warning: DifferentialGeometry/Geometry/Flow/RicciFlow/Evolution/Curvature/Derivatives/StarSum/Routing.lean:1002:37: `if_pos` has been deprecated: Use `ite_eq_left` instead
warning: DifferentialGeometry/Geometry/Flow/RicciFlow/Evolution/Curvature/Derivatives/StarSum/Routing.lean:1002:49: `if_pos` has been deprecated: Use `ite_eq_left` instead
warning: DifferentialGeometry/Geometry/Flow/RicciFlow/Evolution/Curvature/Derivatives/StarSum/Routing.lean:1008:10: `if_neg` has been deprecated: Use `ite_eq_right` instead
warning: DifferentialGeometry/Geometry/Flow/RicciFlow/Evolution/Curvature/Derivatives/StarSum/Routing.lean:1008:39: `if_neg` has been deprecated: Use `ite_eq_right` instead
warning: DifferentialGeometry/Geometry/Flow/RicciFlow/Evolution/Curvature/Derivatives/StarSum/Routing.lean:1009:8: `if_neg` has been deprecated: Use `ite_eq_right` instead
warning: DifferentialGeometry/Geometry/Flow/RicciFlow/Evolution/Curvature/Derivatives/StarSum/Routing.lean:1009:37: `if_neg` has been deprecated: Use `ite_eq_right` instead
warning: DifferentialGeometry/Geometry/Flow/RicciFlow/Evolution/Curvature/Derivatives/StarSum/Routing.lean:1009:66: `if_neg` has been deprecated: Use `ite_eq_right` instead
warning: DifferentialGeometry/Geometry/Flow/RicciFlow/Evolution/Curvature/Derivatives/StarSum/Routing.lean:1116:10: `if_neg` has been deprecated: Use `ite_eq_right` instead
warning: DifferentialGeometry/Geometry/Flow/RicciFlow/Evolution/Curvature/Derivatives/StarSum/Routing.lean:1116:39: `if_neg` has been deprecated: Use `ite_eq_right` instead
warning: DifferentialGeometry/Geometry/Flow/RicciFlow/Evolution/Curvature/Derivatives/StarSum/Routing.lean:1116:68: `if_pos` has been deprecated: Use `ite_eq_left` instead
warning: DifferentialGeometry/Geometry/Flow/RicciFlow/Evolution/Curvature/Derivatives/StarSum/Routing.lean:1117:8: `if_pos` has been deprecated: Use `ite_eq_left` instead
warning: DifferentialGeometry/Geometry/Flow/RicciFlow/Evolution/Curvature/Derivatives/StarSum/Routing.lean:1121:12: `if_pos` has been deprecated: Use `ite_eq_left` instead
warning: DifferentialGeometry/Geometry/Flow/RicciFlow/Evolution/Curvature/Derivatives/StarSum/Routing.lean:1121:24: `if_neg` has been deprecated: Use `ite_eq_right` instead
warning: DifferentialGeometry/Geometry/Flow/RicciFlow/Evolution/Curvature/Derivatives/StarSum/Routing.lean:1121:54: `if_pos` has been deprecated: Use `ite_eq_left` instead
warning: DifferentialGeometry/Geometry/Flow/RicciFlow/Evolution/Curvature/Derivatives/StarSum/Routing.lean:1125:14: `if_neg` has been deprecated: Use `ite_eq_right` instead
warning: DifferentialGeometry/Geometry/Flow/RicciFlow/Evolution/Curvature/Derivatives/StarSum/Routing.lean:1125:43: `if_neg` has been deprecated: Use `ite_eq_right` instead
warning: DifferentialGeometry/Geometry/Flow/RicciFlow/Evolution/Curvature/Derivatives/StarSum/Routing.lean:1126:12: `if_neg` has been deprecated: Use `ite_eq_right` instead
warning: DifferentialGeometry/Geometry/Flow/RicciFlow/Evolution/Curvature/Derivatives/StarSum/Routing.lean:1126:41: `if_neg` has been deprecated: Use `ite_eq_right` instead
warning: DifferentialGeometry/Geometry/Flow/RicciFlow/Evolution/Curvature/Derivatives/StarSum/Routing.lean:1127:12: `if_neg` has been deprecated: Use `ite_eq_right` instead
warning: DifferentialGeometry/Geometry/Flow/RicciFlow/Evolution/Curvature/Derivatives/StarSum/Routing.lean:1127:42: `if_neg` has been deprecated: Use `ite_eq_right` instead
warning: DifferentialGeometry/Geometry/Flow/RicciFlow/Evolution/Curvature/Derivatives/StarSum/Routing.lean:1127:72: `if_pos` has been deprecated: Use `ite_eq_left` instead
warning: DifferentialGeometry/Geometry/Flow/RicciFlow/Evolution/Curvature/Derivatives/StarSum/Routing.lean:1137:16: `if_neg` has been deprecated: Use `ite_eq_right` instead
warning: DifferentialGeometry/Geometry/Flow/RicciFlow/Evolution/Curvature/Derivatives/StarSum/Routing.lean:1137:45: `if_neg` has been deprecated: Use `ite_eq_right` instead
warning: DifferentialGeometry/Geometry/Flow/RicciFlow/Evolution/Curvature/Derivatives/StarSum/Routing.lean:1138:14: `if_neg` has been deprecated: Use `ite_eq_right` instead
warning: DifferentialGeometry/Geometry/Flow/RicciFlow/Evolution/Curvature/Derivatives/StarSum/Routing.lean:1138:43: `if_neg` has been deprecated: Use `ite_eq_right` instead
warning: DifferentialGeometry/Geometry/Flow/RicciFlow/Evolution/Curvature/Derivatives/StarSum/Routing.lean:1139:14: `if_neg` has been deprecated: Use `ite_eq_right` instead
warning: DifferentialGeometry/Geometry/Flow/RicciFlow/Evolution/Curvature/Derivatives/StarSum/Routing.lean:1139:44: `if_neg` has been deprecated: Use `ite_eq_right` instead
warning: DifferentialGeometry/Geometry/Flow/RicciFlow/Evolution/Curvature/Derivatives/StarSum/Routing.lean:1140:14: `if_neg` has been deprecated: Use `ite_eq_right` instead
warning: DifferentialGeometry/Geometry/Flow/RicciFlow/Evolution/Curvature/Derivatives/StarSum/Routing.lean:1140:44: `if_pos` has been deprecated: Use `ite_eq_left` instead
warning: DifferentialGeometry/Geometry/Flow/RicciFlow/Evolution/Curvature/Derivatives/StarSum/Routing.lean:1148:16: `if_neg` has been deprecated: Use `ite_eq_right` instead
warning: DifferentialGeometry/Geometry/Flow/RicciFlow/Evolution/Curvature/Derivatives/StarSum/Routing.lean:1148:45: `if_pos` has been deprecated: Use `ite_eq_left` instead
warning: DifferentialGeometry/Geometry/Flow/RicciFlow/Evolution/Curvature/Derivatives/StarSum/Routing.lean:1149:14: `if_neg` has been deprecated: Use `ite_eq_right` instead
warning: DifferentialGeometry/Geometry/Flow/RicciFlow/Evolution/Curvature/Derivatives/StarSum/Routing.lean:1149:44: `if_neg` has been deprecated: Use `ite_eq_right` instead
warning: DifferentialGeometry/Geometry/Flow/RicciFlow/Evolution/Curvature/Derivatives/StarSum/Routing.lean:1150:14: `if_neg` has been deprecated: Use `ite_eq_right` instead
warning: DifferentialGeometry/Geometry/Flow/RicciFlow/Evolution/Curvature/Derivatives/StarSum/Routing.lean:1150:44: `if_neg` has been deprecated: Use `ite_eq_right` instead
warning: DifferentialGeometry/Geometry/Flow/RicciFlow/Evolution/Curvature/Derivatives/StarSum/Routing.lean:1162:10: `if_neg` has been deprecated: Use `ite_eq_right` instead
warning: DifferentialGeometry/Geometry/Flow/RicciFlow/Evolution/Curvature/Derivatives/StarSum/Routing.lean:1162:39: `if_neg` has been deprecated: Use `ite_eq_right` instead
warning: DifferentialGeometry/Geometry/Flow/RicciFlow/Evolution/Curvature/Derivatives/StarSum/Routing.lean:1163:8: `if_neg` has been deprecated: Use `ite_eq_right` instead
warning: DifferentialGeometry/Geometry/Flow/RicciFlow/Evolution/Curvature/Derivatives/StarSum/Routing.lean:1163:37: `if_pos` has been deprecated: Use `ite_eq_left` instead
warning: DifferentialGeometry/Geometry/Flow/RicciFlow/Evolution/Curvature/Derivatives/StarSum/Routing.lean:1163:49: `if_pos` has been deprecated: Use `ite_eq_left` instead
warning: DifferentialGeometry/Geometry/Flow/RicciFlow/Evolution/Curvature/Derivatives/StarSum/Routing.lean:1169:10: `if_neg` has been deprecated: Use `ite_eq_right` instead
warning: DifferentialGeometry/Geometry/Flow/RicciFlow/Evolution/Curvature/Derivatives/StarSum/Routing.lean:1169:39: `if_neg` has been deprecated: Use `ite_eq_right` instead
warning: DifferentialGeometry/Geometry/Flow/RicciFlow/Evolution/Curvature/Derivatives/StarSum/Routing.lean:1170:8: `if_neg` has been deprecated: Use `ite_eq_right` instead
warning: DifferentialGeometry/Geometry/Flow/RicciFlow/Evolution/Curvature/Derivatives/StarSum/Routing.lean:1170:37: `if_neg` has been deprecated: Use `ite_eq_right` instead
warning: DifferentialGeometry/Geometry/Flow/RicciFlow/Evolution/Curvature/Derivatives/StarSum/Routing.lean:1170:66: `if_neg` has been deprecated: Use `ite_eq_right` instead
⚠ [9565/9855] Replayed DifferentialGeometry.Geometry.Flow.RicciFlow.Evolution.Curvature.Derivatives.StarSum.SpatialCommutator
warning: DifferentialGeometry/Geometry/Flow/RicciFlow/Evolution/Curvature/Derivatives/StarSum/SpatialCommutator.lean:500:8: `dif_pos` has been deprecated: Use `dite_eq_left` instead
warning: DifferentialGeometry/Geometry/Flow/RicciFlow/Evolution/Curvature/Derivatives/StarSum/SpatialCommutator.lean:502:8: `dif_neg` has been deprecated: Use `dite_eq_right` instead
⚠ [9582/9855] Replayed DifferentialGeometry.Geometry.Flow.RicciFlow.Evolution.Connection.TailRegularity
warning: DifferentialGeometry/Geometry/Flow/RicciFlow/Evolution/Connection/TailRegularity.lean:241:25: `if_true` has been deprecated: Use `ite_true` instead
⚠ [9590/9855] Replayed DifferentialGeometry.Geometry.Metric.LieDerivative.Cartan
warning: DifferentialGeometry/Geometry/Metric/LieDerivative/Cartan.lean:242:32: `if_neg` has been deprecated: Use `ite_eq_right` instead
warning: DifferentialGeometry/Geometry/Metric/LieDerivative/Cartan.lean:244:27: `if_pos` has been deprecated: Use `ite_eq_left` instead
warning: DifferentialGeometry/Geometry/Metric/LieDerivative/Cartan.lean:327:28: `if_neg` has been deprecated: Use `ite_eq_right` instead
warning: DifferentialGeometry/Geometry/Metric/LieDerivative/Cartan.lean:337:28: `if_neg` has been deprecated: Use `ite_eq_right` instead
warning: DifferentialGeometry/Geometry/Metric/LieDerivative/Cartan.lean:524:28: `if_neg` has been deprecated: Use `ite_eq_right` instead
⚠ [9600/9855] Replayed DifferentialGeometry.Analysis.Parabolic.TimeSobolev.TimeH1
warning: DifferentialGeometry/Analysis/Parabolic/TimeSobolev/TimeH1.lean:351:25: `if_pos` has been deprecated: Use `ite_eq_left` instead
warning: DifferentialGeometry/Analysis/Parabolic/TimeSobolev/TimeH1.lean:358:25: `if_neg` has been deprecated: Use `ite_eq_right` instead
warning: DifferentialGeometry/Analysis/Parabolic/TimeSobolev/TimeH1.lean:379:25: `if_pos` has been deprecated: Use `ite_eq_left` instead
warning: DifferentialGeometry/Analysis/Parabolic/TimeSobolev/TimeH1.lean:381:56: `if_pos` has been deprecated: Use `ite_eq_left` instead
⚠ [9606/9855] Replayed DifferentialGeometry.Analysis.Elliptic.ConnectionLaplacian.ChartFiberTrivialisationOpNorm.TensorRSChartFiberFromModelOpNorm
warning: DifferentialGeometry/Analysis/Elliptic/ConnectionLaplacian/ChartFiberTrivialisationOpNorm/TensorRSChartFiberFromModelOpNorm.lean:211:31: `dif_pos` has been deprecated: Use `dite_eq_left` instead
warning: DifferentialGeometry/Analysis/Elliptic/ConnectionLaplacian/ChartFiberTrivialisationOpNorm/TensorRSChartFiberFromModelOpNorm.lean:229:18: `dif_pos` has been deprecated: Use `dite_eq_left` instead
warning: DifferentialGeometry/Analysis/Elliptic/ConnectionLaplacian/ChartFiberTrivialisationOpNorm/TensorRSChartFiberFromModelOpNorm.lean:230:18: `dif_pos` has been deprecated: Use `dite_eq_left` instead
⚠ [9607/9855] Replayed DifferentialGeometry.Analysis.Elliptic.ConnectionLaplacian.ChartFiberTrivialisationOpNorm.TensorRSChartFiberToModelOpNorm
warning: DifferentialGeometry/Analysis/Elliptic/ConnectionLaplacian/ChartFiberTrivialisationOpNorm/TensorRSChartFiberToModelOpNorm.lean:209:31: `dif_pos` has been deprecated: Use `dite_eq_left` instead
warning: DifferentialGeometry/Analysis/Elliptic/ConnectionLaplacian/ChartFiberTrivialisationOpNorm/TensorRSChartFiberToModelOpNorm.lean:226:18: `dif_pos` has been deprecated: Use `dite_eq_left` instead
warning: DifferentialGeometry/Analysis/Elliptic/ConnectionLaplacian/ChartFiberTrivialisationOpNorm/TensorRSChartFiberToModelOpNorm.lean:227:18: `dif_pos` has been deprecated: Use `dite_eq_left` instead
⚠ [9625/9855] Replayed DifferentialGeometry.Analysis.Parabolic.DeTurckLinearization.DeTurckCorrectionSymbolFormula
warning: DifferentialGeometry/Analysis/Parabolic/DeTurckLinearization/DeTurckCorrectionSymbolFormula.lean:267:16: `if_pos` has been deprecated: Use `ite_eq_left` instead
warning: DifferentialGeometry/Analysis/Parabolic/DeTurckLinearization/DeTurckCorrectionSymbolFormula.lean:269:16: `if_neg` has been deprecated: Use `ite_eq_right` instead
⚠ [9631/9855] Replayed DifferentialGeometry.Geometry.Metric.DeTurck.CoordinateFormula
warning: DifferentialGeometry/Geometry/Metric/DeTurck/CoordinateFormula.lean:208:32: `if_neg` has been deprecated: Use `ite_eq_right` instead
warning: DifferentialGeometry/Geometry/Metric/DeTurck/CoordinateFormula.lean:216:30: `if_neg` has been deprecated: Use `ite_eq_right` instead
warning: DifferentialGeometry/Geometry/Metric/DeTurck/CoordinateFormula.lean:227:28: `if_neg` has been deprecated: Use `ite_eq_right` instead
⚠ [9632/9855] Replayed DifferentialGeometry.Analysis.Spectral.Intrinsic.DeTurckCoefficients.LieMatrixChartBridge
warning: DifferentialGeometry/Analysis/Spectral/Intrinsic/DeTurckCoefficients/LieMatrixChartBridge.lean:78:10: `if_pos` has been deprecated: Use `ite_eq_left` instead
warning: DifferentialGeometry/Analysis/Spectral/Intrinsic/DeTurckCoefficients/LieMatrixChartBridge.lean:78:22: `if_pos` has been deprecated: Use `ite_eq_left` instead
warning: DifferentialGeometry/Analysis/Spectral/Intrinsic/DeTurckCoefficients/LieMatrixChartBridge.lean:79:10: `if_neg` has been deprecated: Use `ite_eq_right` instead
warning: DifferentialGeometry/Analysis/Spectral/Intrinsic/DeTurckCoefficients/LieMatrixChartBridge.lean:79:22: `if_neg` has been deprecated: Use `ite_eq_right` instead
warning: DifferentialGeometry/Analysis/Spectral/Intrinsic/DeTurckCoefficients/LieMatrixChartBridge.lean:83:6: `if_pos` has been deprecated: Use `ite_eq_left` instead
⚠ [9633/9855] Replayed DifferentialGeometry.Analysis.Parabolic.DeTurckLinearization.LieDerivativeChartFrameIdentity
warning: DifferentialGeometry/Analysis/Parabolic/DeTurckLinearization/LieDerivativeChartFrameIdentity.lean:186:32: `if_neg` has been deprecated: Use `ite_eq_right` instead
warning: DifferentialGeometry/Analysis/Parabolic/DeTurckLinearization/LieDerivativeChartFrameIdentity.lean:188:27: `if_pos` has been deprecated: Use `ite_eq_left` instead
warning: DifferentialGeometry/Analysis/Parabolic/DeTurckLinearization/LieDerivativeChartFrameIdentity.lean:225:34: `if_neg` has been deprecated: Use `ite_eq_right` instead
warning: DifferentialGeometry/Analysis/Parabolic/DeTurckLinearization/LieDerivativeChartFrameIdentity.lean:230:29: `if_pos` has been deprecated: Use `ite_eq_left` instead
warning: DifferentialGeometry/Analysis/Parabolic/DeTurckLinearization/LieDerivativeChartFrameIdentity.lean:312:28: `if_neg` has been deprecated: Use `ite_eq_right` instead
warning: DifferentialGeometry/Analysis/Parabolic/DeTurckLinearization/LieDerivativeChartFrameIdentity.lean:322:28: `if_neg` has been deprecated: Use `ite_eq_right` instead
warning: DifferentialGeometry/Analysis/Parabolic/DeTurckLinearization/LieDerivativeChartFrameIdentity.lean:528:46: `if_neg` has been deprecated: Use `ite_eq_right` instead
warning: DifferentialGeometry/Analysis/Parabolic/DeTurckLinearization/LieDerivativeChartFrameIdentity.lean:531:41: `if_pos` has been deprecated: Use `ite_eq_left` instead
warning: DifferentialGeometry/Analysis/Parabolic/DeTurckLinearization/LieDerivativeChartFrameIdentity.lean:550:46: `if_neg` has been deprecated: Use `ite_eq_right` instead
warning: DifferentialGeometry/Analysis/Parabolic/DeTurckLinearization/LieDerivativeChartFrameIdentity.lean:554:41: `if_pos` has been deprecated: Use `ite_eq_left` instead
warning: DifferentialGeometry/Analysis/Parabolic/DeTurckLinearization/LieDerivativeChartFrameIdentity.lean:602:32: `if_neg` has been deprecated: Use `ite_eq_right` instead
warning: DifferentialGeometry/Analysis/Parabolic/DeTurckLinearization/LieDerivativeChartFrameIdentity.lean:631:32: `if_neg` has been deprecated: Use `ite_eq_right` instead
⚠ [9636/9855] Replayed DifferentialGeometry.Analysis.Parabolic.DeTurckRicci.RHSStrictParabolic
warning: DifferentialGeometry/Analysis/Parabolic/DeTurckRicci/RHSStrictParabolic.lean:119:10: `if_neg` has been deprecated: Use `ite_eq_right` instead
warning: DifferentialGeometry/Analysis/Parabolic/DeTurckRicci/RHSStrictParabolic.lean:122:8: `if_pos` has been deprecated: Use `ite_eq_left` instead
warning: DifferentialGeometry/Analysis/Parabolic/DeTurckRicci/RHSStrictParabolic.lean:123:22: `if_neg` has been deprecated: Use `ite_eq_right` instead
⚠ [9646/10038] Replayed DifferentialGeometry.Analysis.Spectral.Tensor.CovGrad.CovGradCrossBridge
warning: DifferentialGeometry/Analysis/Spectral/Tensor/CovGrad/CovGradCrossBridge.lean:285:21: `if_pos` has been deprecated: Use `ite_eq_left` instead
warning: DifferentialGeometry/Analysis/Spectral/Tensor/CovGrad/CovGradCrossBridge.lean:297:21: `if_neg` has been deprecated: Use `ite_eq_right` instead
⚠ [9661/10038] Replayed DifferentialGeometry.Geometry.Curvature.Bochner.BochnerConcrete
warning: DifferentialGeometry/Geometry/Curvature/Bochner/BochnerConcrete.lean:203:8: `if_pos` has been deprecated: Use `ite_eq_left` instead
warning: DifferentialGeometry/Geometry/Curvature/Bochner/BochnerConcrete.lean:205:8: `if_neg` has been deprecated: Use `ite_eq_right` instead
⚠ [9662/10038] Replayed DifferentialGeometry.Analysis.Elliptic.Lichnerowicz
warning: DifferentialGeometry/Analysis/Elliptic/Lichnerowicz.lean:383:10: `if_pos` has been deprecated: Use `ite_eq_left` instead
warning: DifferentialGeometry/Analysis/Elliptic/Lichnerowicz.lean:385:10: `if_neg` has been deprecated: Use `ite_eq_right` instead
warning: DifferentialGeometry/Analysis/Elliptic/Lichnerowicz.lean:465:10: `if_pos` has been deprecated: Use `ite_eq_left` instead
warning: DifferentialGeometry/Analysis/Elliptic/Lichnerowicz.lean:468:10: `if_neg` has been deprecated: Use `ite_eq_right` instead
⚠ [9673/10201] Replayed DifferentialGeometry.Analysis.Sobolev.Euclidean.IteratedSobolevSpace.IteratedSobolev
warning: DifferentialGeometry/Analysis/Sobolev/Euclidean/IteratedSobolevSpace/IteratedSobolev.lean:32:13: `dif_pos` has been deprecated: Use `dite_eq_left` instead
warning: DifferentialGeometry/Analysis/Sobolev/Euclidean/IteratedSobolevSpace/IteratedSobolev.lean:41:13: `dif_pos` has been deprecated: Use `dite_eq_left` instead
warning: DifferentialGeometry/Analysis/Sobolev/Euclidean/IteratedSobolevSpace/IteratedSobolev.lean:50:13: `dif_neg` has been deprecated: Use `dite_eq_right` instead
⚠ [9684/10201] Replayed DifferentialGeometry.Analysis.Integration.Measure.MeasureBridge
warning: DifferentialGeometry/Analysis/Integration/Measure/MeasureBridge.lean:512:23: `if_pos` has been deprecated: Use `ite_eq_left` instead
warning: DifferentialGeometry/Analysis/Integration/Measure/MeasureBridge.lean:520:21: `if_pos` has been deprecated: Use `ite_eq_left` instead
⚠ [9686/10201] Replayed DifferentialGeometry.Analysis.Spectral.Tensor.ChartTensor.Components.Defs
warning: DifferentialGeometry/Analysis/Spectral/Tensor/ChartTensor/Components/Defs.lean:78:8: `if_pos` has been deprecated: Use `ite_eq_left` instead
warning: DifferentialGeometry/Analysis/Spectral/Tensor/ChartTensor/Components/Defs.lean:83:30: `if_pos` has been deprecated: Use `ite_eq_left` instead
warning: DifferentialGeometry/Analysis/Spectral/Tensor/ChartTensor/Components/Defs.lean:86:8: `if_neg` has been deprecated: Use `ite_eq_right` instead
warning: DifferentialGeometry/Analysis/Spectral/Tensor/ChartTensor/Components/Defs.lean:97:12: `if_neg` has been deprecated: Use `ite_eq_right` instead
warning: DifferentialGeometry/Analysis/Spectral/Tensor/ChartTensor/Components/Defs.lean:442:47: `if_pos` has been deprecated: Use `ite_eq_left` instead
warning: DifferentialGeometry/Analysis/Spectral/Tensor/ChartTensor/Components/Defs.lean:916:8: `if_pos` has been deprecated: Use `ite_eq_left` instead
warning: DifferentialGeometry/Analysis/Spectral/Tensor/ChartTensor/Components/Defs.lean:928:8: `if_neg` has been deprecated: Use `ite_eq_right` instead
⚠ [9688/10201] Replayed DifferentialGeometry.Analysis.Elliptic.ConnectionLaplacian.RiemannianFiberNormSq.RiemannianFiberNormSqLeChartAlphaSummandSum
warning: DifferentialGeometry/Analysis/Elliptic/ConnectionLaplacian/RiemannianFiberNormSq/RiemannianFiberNormSqLeChartAlphaSummandSum.lean:221:42: `if_neg` has been deprecated: Use `ite_eq_right` instead
warning: DifferentialGeometry/Analysis/Elliptic/ConnectionLaplacian/RiemannianFiberNormSq/RiemannianFiberNormSqLeChartAlphaSummandSum.lean:782:10: `if_pos` has been deprecated: Use `ite_eq_left` instead
⚠ [9690/10201] Replayed DifferentialGeometry.Analysis.Elliptic.ConnectionLaplacian.RiemannianFiberNormSq.RiemannianFiberNormSqRiemannOpDualFrameParseval
warning: DifferentialGeometry/Analysis/Elliptic/ConnectionLaplacian/RiemannianFiberNormSq/RiemannianFiberNormSqRiemannOpDualFrameParseval.lean:198:17: `if_pos` has been deprecated: Use `ite_eq_left` instead
warning: DifferentialGeometry/Analysis/Elliptic/ConnectionLaplacian/RiemannianFiberNormSq/RiemannianFiberNormSqRiemannOpDualFrameParseval.lean:203:10: `if_neg` has been deprecated: Use `ite_eq_right` instead
warning: DifferentialGeometry/Analysis/Elliptic/ConnectionLaplacian/RiemannianFiberNormSq/RiemannianFiberNormSqRiemannOpDualFrameParseval.lean:207:8: `if_neg` has been deprecated: Use `ite_eq_right` instead
⚠ [9694/10201] Replayed DifferentialGeometry.Analysis.Elliptic.MetricExtension
warning: DifferentialGeometry/Analysis/Elliptic/MetricExtension.lean:710:12: `if_neg` has been deprecated: Use `ite_eq_right` instead
⚠ [9699/10201] Replayed DifferentialGeometry.Geometry.Connection.ChartFrameNormGlobalSmoothCoordBasisExpansion
warning: DifferentialGeometry/Geometry/Connection/ChartFrameNormGlobalSmoothCoordBasisExpansion.lean:50:6: `dif_pos` has been deprecated: Use `dite_eq_left` instead
⚠ [9700/10201] Replayed DifferentialGeometry.Geometry.Connection.DivergenceCovariantTrace
warning: DifferentialGeometry/Geometry/Connection/DivergenceCovariantTrace.lean:299:12: `if_pos` has been deprecated: Use `ite_eq_left` instead
warning: DifferentialGeometry/Geometry/Connection/DivergenceCovariantTrace.lean:299:24: `if_pos` has been deprecated: Use `ite_eq_left` instead
warning: DifferentialGeometry/Geometry/Connection/DivergenceCovariantTrace.lean:302:12: `if_neg` has been deprecated: Use `ite_eq_right` instead
warning: DifferentialGeometry/Geometry/Connection/DivergenceCovariantTrace.lean:307:10: `if_neg` has been deprecated: Use `ite_eq_right` instead
warning: DifferentialGeometry/Geometry/Connection/DivergenceCovariantTrace.lean:528:8: `if_pos` has been deprecated: Use `ite_eq_left` instead
warning: DifferentialGeometry/Geometry/Connection/DivergenceCovariantTrace.lean:530:8: `if_neg` has been deprecated: Use `ite_eq_right` instead
⚠ [9708/10201] Replayed DifferentialGeometry.Analysis.Spectral.Tensor.ChartTensor.Components.ChristoffelDecomp
warning: DifferentialGeometry/Analysis/Spectral/Tensor/ChartTensor/Components/ChristoffelDecomp.lean:72:47: `if_pos` has been deprecated: Use `ite_eq_left` instead
⚠ [9714/10201] Replayed DifferentialGeometry.Analysis.Sobolev.Euclidean.Completeness.IteratedSobolevBanach
warning: DifferentialGeometry/Analysis/Sobolev/Euclidean/Completeness/IteratedSobolevBanach.lean:331:8: `dif_pos` has been deprecated: Use `dite_eq_left` instead
warning: DifferentialGeometry/Analysis/Sobolev/Euclidean/Completeness/IteratedSobolevBanach.lean:339:8: `dif_pos` has been deprecated: Use `dite_eq_left` instead
⚠ [9733/10201] Replayed DifferentialGeometry.Analysis.Sobolev.Euclidean.ChainRule.CompChainRuleK
warning: DifferentialGeometry/Analysis/Sobolev/Euclidean/ChainRule/CompChainRuleK.lean:188:10: `dif_pos` has been deprecated: Use `dite_eq_left` instead
warning: DifferentialGeometry/Analysis/Sobolev/Euclidean/ChainRule/CompChainRuleK.lean:190:19: `dif_neg` has been deprecated: Use `dite_eq_right` instead
warning: DifferentialGeometry/Analysis/Sobolev/Euclidean/ChainRule/CompChainRuleK.lean:194:8: `dif_pos` has been deprecated: Use `dite_eq_left` instead
⚠ [9734/10201] Replayed DifferentialGeometry.Analysis.Sobolev.Intrinsic.Equivalence
warning: DifferentialGeometry/Analysis/Sobolev/Intrinsic/Equivalence.lean:58:6: `if_pos` has been deprecated: Use `ite_eq_left` instead
warning: DifferentialGeometry/Analysis/Sobolev/Intrinsic/Equivalence.lean:69:6: `if_neg` has been deprecated: Use `ite_eq_right` instead
⚠ [9735/10201] Replayed DifferentialGeometry.Analysis.Sobolev.Chart.ChartTransition.TransitionDiffeo
warning: DifferentialGeometry/Analysis/Sobolev/Chart/ChartTransition/TransitionDiffeo.lean:1546:10: `dif_pos` has been deprecated: Use `dite_eq_left` instead
warning: DifferentialGeometry/Analysis/Sobolev/Chart/ChartTransition/TransitionDiffeo.lean:1548:19: `dif_neg` has been deprecated: Use `dite_eq_right` instead
warning: DifferentialGeometry/Analysis/Sobolev/Chart/ChartTransition/TransitionDiffeo.lean:1552:8: `dif_pos` has been deprecated: Use `dite_eq_left` instead
⚠ [9754/10201] Replayed DifferentialGeometry.External.DeGiorgi.Poincare
warning: DifferentialGeometry/External/DeGiorgi/Poincare.lean:782:10: `if_true` has been deprecated: Use `ite_true` instead
warning: DifferentialGeometry/External/DeGiorgi/Poincare.lean:788:10: `if_false` has been deprecated: Use `ite_false` instead
warning: DifferentialGeometry/External/DeGiorgi/Poincare.lean:810:8: `if_pos` has been deprecated: Use `ite_eq_left` instead
⚠ [9761/10201] Replayed DifferentialGeometry.Analysis.Elliptic.TensorRegularity.CovDeriv.SlotCorrectionComponent
warning: DifferentialGeometry/Analysis/Elliptic/TensorRegularity/CovDeriv/SlotCorrectionComponent.lean:95:8: `if_pos` has been deprecated: Use `ite_eq_left` instead
warning: DifferentialGeometry/Analysis/Elliptic/TensorRegularity/CovDeriv/SlotCorrectionComponent.lean:99:28: `if_pos` has been deprecated: Use `ite_eq_left` instead
warning: DifferentialGeometry/Analysis/Elliptic/TensorRegularity/CovDeriv/SlotCorrectionComponent.lean:100:8: `if_neg` has been deprecated: Use `ite_eq_right` instead
warning: DifferentialGeometry/Analysis/Elliptic/TensorRegularity/CovDeriv/SlotCorrectionComponent.lean:109:10: `if_neg` has been deprecated: Use `ite_eq_right` instead
warning: DifferentialGeometry/Analysis/Elliptic/TensorRegularity/CovDeriv/SlotCorrectionComponent.lean:426:6: `if_pos` has been deprecated: Use `ite_eq_left` instead
warning: DifferentialGeometry/Analysis/Elliptic/TensorRegularity/CovDeriv/SlotCorrectionComponent.lean:430:6: `if_neg` has been deprecated: Use `ite_eq_right` instead
warning: DifferentialGeometry/Analysis/Elliptic/TensorRegularity/CovDeriv/SlotCorrectionComponent.lean:504:10: `if_pos` has been deprecated: Use `ite_eq_left` instead
warning: DifferentialGeometry/Analysis/Elliptic/TensorRegularity/CovDeriv/SlotCorrectionComponent.lean:504:22: `if_pos` has been deprecated: Use `ite_eq_left` instead
warning: DifferentialGeometry/Analysis/Elliptic/TensorRegularity/CovDeriv/SlotCorrectionComponent.lean:506:10: `if_neg` has been deprecated: Use `ite_eq_right` instead
warning: DifferentialGeometry/Analysis/Elliptic/TensorRegularity/CovDeriv/SlotCorrectionComponent.lean:511:8: `if_neg` has been deprecated: Use `ite_eq_right` instead
⚠ [9772/10201] Replayed DifferentialGeometry.Analysis.Elliptic.Regularity.H1Compl.GradientLipschitz
warning: DifferentialGeometry/Analysis/Elliptic/Regularity/H1Compl/GradientLipschitz.lean:65:6: `if_pos` has been deprecated: Use `ite_eq_left` instead
warning: DifferentialGeometry/Analysis/Elliptic/Regularity/H1Compl/GradientLipschitz.lean:78:6: `if_neg` has been deprecated: Use `ite_eq_right` instead
⚠ [9796/10201] Replayed DifferentialGeometry.Analysis.Sobolev.Solutions.FriedrichsCommutator
warning: DifferentialGeometry/Analysis/Sobolev/Solutions/FriedrichsCommutator.lean:620:6: `dif_pos` has been deprecated: Use `dite_eq_left` instead
⚠ [9814/10201] Replayed DifferentialGeometry.Analysis.Elliptic.ConnectionLaplacian.RiemannianFiberNormSq.RiemannianFiberNormSqTensorInnerBridge
warning: DifferentialGeometry/Analysis/Elliptic/ConnectionLaplacian/RiemannianFiberNormSq/RiemannianFiberNormSqTensorInnerBridge.lean:72:19: `if_pos` has been deprecated: Use `ite_eq_left` instead
warning: DifferentialGeometry/Analysis/Elliptic/ConnectionLaplacian/RiemannianFiberNormSq/RiemannianFiberNormSqTensorInnerBridge.lean:74:19: `if_neg` has been deprecated: Use `ite_eq_right` instead
⚠ [9819/10298] Replayed DifferentialGeometry.Analysis.Elliptic.ConnectionLaplacian.RiemannianFiberNormSq.RiemannianFiberNormSqRiemannOpHigherRankParseval
warning: DifferentialGeometry/Analysis/Elliptic/ConnectionLaplacian/RiemannianFiberNormSq/RiemannianFiberNormSqRiemannOpHigherRankParseval.lean:213:53: `if_pos` has been deprecated: Use `ite_eq_left` instead
warning: DifferentialGeometry/Analysis/Elliptic/ConnectionLaplacian/RiemannianFiberNormSq/RiemannianFiberNormSqRiemannOpHigherRankParseval.lean:227:10: `if_neg` has been deprecated: Use `ite_eq_right` instead
⚠ [9827/10298] Replayed DifferentialGeometry.Analysis.Spectral.Tensor.UniformChartBounds.SlotChartSourceContMDiff
warning: DifferentialGeometry/Analysis/Spectral/Tensor/UniformChartBounds/SlotChartSourceContMDiff.lean:588:8: `if_pos` has been deprecated: Use `ite_eq_left` instead
warning: DifferentialGeometry/Analysis/Spectral/Tensor/UniformChartBounds/SlotChartSourceContMDiff.lean:757:8: `if_neg` has been deprecated: Use `ite_eq_right` instead
warning: DifferentialGeometry/Analysis/Spectral/Tensor/UniformChartBounds/SlotChartSourceContMDiff.lean:974:8: `if_pos` has been deprecated: Use `ite_eq_left` instead
warning: DifferentialGeometry/Analysis/Spectral/Tensor/UniformChartBounds/SlotChartSourceContMDiff.lean:979:8: `if_neg` has been deprecated: Use `ite_eq_right` instead
⚠ [9830/10298] Replayed DifferentialGeometry.Analysis.Elliptic.ConnectionLaplacian.CovApplyAndSlotCorrectionBounds.SlotCorrectionChartFderivBound
warning: DifferentialGeometry/Analysis/Elliptic/ConnectionLaplacian/CovApplyAndSlotCorrectionBounds/SlotCorrectionChartFderivBound.lean:76:49: `if_pos` has been deprecated: Use `ite_eq_left` instead
⚠ [9831/10298] Replayed DifferentialGeometry.Analysis.Elliptic.ConnectionLaplacian.CovApplyAndSlotCorrectionBounds.ChartPulledCovApplyReprFderivBound
warning: DifferentialGeometry/Analysis/Elliptic/ConnectionLaplacian/CovApplyAndSlotCorrectionBounds/ChartPulledCovApplyReprFderivBound.lean:77:49: `if_pos` has been deprecated: Use `ite_eq_left` instead
⚠ [9833/10298] Replayed DifferentialGeometry.Analysis.Elliptic.ConnectionLaplacian.ChartReprDerivativeBounds.RawTensorConnLapNormSqChartPulledReprBound
warning: DifferentialGeometry/Analysis/Elliptic/ConnectionLaplacian/ChartReprDerivativeBounds/RawTensorConnLapNormSqChartPulledReprBound.lean:96:49: `if_pos` has been deprecated: Use `ite_eq_left` instead
⚠ [9836/10298] Replayed DifferentialGeometry.Analysis.Elliptic.ConnectionLaplacian.RawConnLapL2SobolevBounds.RawTensorConnLapChartL2PouBridge
warning: DifferentialGeometry/Analysis/Elliptic/ConnectionLaplacian/RawConnLapL2SobolevBounds/RawTensorConnLapChartL2PouBridge.lean:98:8: `dif_pos` has been deprecated: Use `dite_eq_left` instead
warning: DifferentialGeometry/Analysis/Elliptic/ConnectionLaplacian/RawConnLapL2SobolevBounds/RawTensorConnLapChartL2PouBridge.lean:102:8: `dif_neg` has been deprecated: Use `dite_eq_right` instead
warning: DifferentialGeometry/Analysis/Elliptic/ConnectionLaplacian/RawConnLapL2SobolevBounds/RawTensorConnLapChartL2PouBridge.lean:121:6: `dif_pos` has been deprecated: Use `dite_eq_left` instead
⚠ [9842/10298] Replayed DifferentialGeometry.Analysis.Elliptic.ConnectionLaplacian.RawConnLapL2SobolevBounds.RawTensorConnLapL2WtwokTwoBoundChartPouEuclFderiv
warning: DifferentialGeometry/Analysis/Elliptic/ConnectionLaplacian/RawConnLapL2SobolevBounds/RawTensorConnLapL2WtwokTwoBoundChartPouEuclFderiv.lean:65:29: `if_pos` has been deprecated: Use `ite_eq_left` instead
warning: DifferentialGeometry/Analysis/Elliptic/ConnectionLaplacian/RawConnLapL2SobolevBounds/RawTensorConnLapL2WtwokTwoBoundChartPouEuclFderiv.lean:72:29: `if_neg` has been deprecated: Use `ite_eq_right` instead
⚠ [9846/10298] Replayed DifferentialGeometry.Analysis.Elliptic.ConnectionLaplacian.GreenIdentityAndIBP.TensorConnLapGreenDivergenceIdentity
warning: DifferentialGeometry/Analysis/Elliptic/ConnectionLaplacian/GreenIdentityAndIBP/TensorConnLapGreenDivergenceIdentity.lean:449:10: `if_pos` has been deprecated: Use `ite_eq_left` instead
warning: DifferentialGeometry/Analysis/Elliptic/ConnectionLaplacian/GreenIdentityAndIBP/TensorConnLapGreenDivergenceIdentity.lean:452:10: `if_neg` has been deprecated: Use `ite_eq_right` instead
⚠ [9847/10298] Replayed DifferentialGeometry.Analysis.Elliptic.ConnectionLaplacian.GreenIdentityAndIBP.TensorConnLapGreenDivergenceIdentityAnySection
warning: DifferentialGeometry/Analysis/Elliptic/ConnectionLaplacian/GreenIdentityAndIBP/TensorConnLapGreenDivergenceIdentityAnySection.lean:550:10: `if_pos` has been deprecated: Use `ite_eq_left` instead
warning: DifferentialGeometry/Analysis/Elliptic/ConnectionLaplacian/GreenIdentityAndIBP/TensorConnLapGreenDivergenceIdentityAnySection.lean:553:10: `if_neg` has been deprecated: Use `ite_eq_right` instead
⚠ [9852/10298] Replayed DifferentialGeometry.Geometry.Curvature.CurvatureOperator.DifferentiatedRicciEndomorphism
warning: DifferentialGeometry/Geometry/Curvature/CurvatureOperator/DifferentiatedRicciEndomorphism.lean:144:6: try 'simp' instead of 'simpa'

Note: This linter can be disabled with `set_option linter.unnecessarySimpa false`
⚠ [9854/10298] Replayed DifferentialGeometry.Geometry.Flow.RicciFlow.Compactness.Limits.Regularity
warning: DifferentialGeometry/Geometry/Flow/RicciFlow/Compactness/Limits/Regularity.lean:553:21: `dif_pos` has been deprecated: Use `dite_eq_left` instead
warning: DifferentialGeometry/Geometry/Flow/RicciFlow/Compactness/Limits/Regularity.lean:622:23: `dif_pos` has been deprecated: Use `dite_eq_left` instead
⚠ [9870/10298] Replayed DifferentialGeometry.Analysis.Sobolev.Euclidean.Embedding.MorreyRieszKernel
warning: DifferentialGeometry/Analysis/Sobolev/Euclidean/Embedding/MorreyRieszKernel.lean:37:8: `if_pos` has been deprecated: Use `ite_eq_left` instead
warning: DifferentialGeometry/Analysis/Sobolev/Euclidean/Embedding/MorreyRieszKernel.lean:51:19: `if_pos` has been deprecated: Use `ite_eq_left` instead
warning: DifferentialGeometry/Analysis/Sobolev/Euclidean/Embedding/MorreyRieszKernel.lean:51:30: `if_pos` has been deprecated: Use `ite_eq_left` instead
warning: DifferentialGeometry/Analysis/Sobolev/Euclidean/Embedding/MorreyRieszKernel.lean:56:19: `if_neg` has been deprecated: Use `ite_eq_right` instead
warning: DifferentialGeometry/Analysis/Sobolev/Euclidean/Embedding/MorreyRieszKernel.lean:58:19: `if_neg` has been deprecated: Use `ite_eq_right` instead
warning: DifferentialGeometry/Analysis/Sobolev/Euclidean/Embedding/MorreyRieszKernel.lean:116:14: `if_neg` has been deprecated: Use `ite_eq_right` instead
⚠ [9874/10298] Replayed DifferentialGeometry.Analysis.Sobolev.Manifold.MorreyManifold
warning: DifferentialGeometry/Analysis/Sobolev/Manifold/MorreyManifold.lean:52:6: `if_pos` has been deprecated: Use `ite_eq_left` instead
warning: DifferentialGeometry/Analysis/Sobolev/Manifold/MorreyManifold.lean:63:6: `if_neg` has been deprecated: Use `ite_eq_right` instead
⚠ [9877/10298] Replayed DifferentialGeometry.Analysis.Sobolev.Intrinsic.EquivalenceForwardChartSmoothExtFderivWkpNorm
warning: DifferentialGeometry/Analysis/Sobolev/Intrinsic/EquivalenceForwardChartSmoothExtFderivWkpNorm.lean:140:24: `if_true` has been deprecated: Use `ite_true` instead
warning: DifferentialGeometry/Analysis/Sobolev/Intrinsic/EquivalenceForwardChartSmoothExtFderivWkpNorm.lean:325:8: `if_pos` has been deprecated: Use `ite_eq_left` instead
warning: DifferentialGeometry/Analysis/Sobolev/Intrinsic/EquivalenceForwardChartSmoothExtFderivWkpNorm.lean:329:8: `if_neg` has been deprecated: Use `ite_eq_right` instead
warning: DifferentialGeometry/Analysis/Sobolev/Intrinsic/EquivalenceForwardChartSmoothExtFderivWkpNorm.lean:624:8: `if_pos` has been deprecated: Use `ite_eq_left` instead
⚠ [9879/10298] Replayed DifferentialGeometry.Analysis.Sobolev.Intrinsic.EquivalenceForward
warning: DifferentialGeometry/Analysis/Sobolev/Intrinsic/EquivalenceForward.lean:226:12: `if_neg` has been deprecated: Use `ite_eq_right` instead
warning: DifferentialGeometry/Analysis/Sobolev/Intrinsic/EquivalenceForward.lean:352:8: `dif_pos` has been deprecated: Use `dite_eq_left` instead
warning: DifferentialGeometry/Analysis/Sobolev/Intrinsic/EquivalenceForward.lean:371:8: `dif_neg` has been deprecated: Use `dite_eq_right` instead
warning: DifferentialGeometry/Analysis/Sobolev/Intrinsic/EquivalenceForward.lean:388:6: `dif_pos` has been deprecated: Use `dite_eq_left` instead
warning: DifferentialGeometry/Analysis/Sobolev/Intrinsic/EquivalenceForward.lean:463:8: `if_pos` has been deprecated: Use `ite_eq_left` instead
⚠ [9881/10298] Replayed DifferentialGeometry.Analysis.Sobolev.Intrinsic.EquivalenceReverseChartTargetUnitFiber
warning: DifferentialGeometry/Analysis/Sobolev/Intrinsic/EquivalenceReverseChartTargetUnitFiber.lean:124:8: `dif_pos` has been deprecated: Use `dite_eq_left` instead
warning: DifferentialGeometry/Analysis/Sobolev/Intrinsic/EquivalenceReverseChartTargetUnitFiber.lean:169:8: `dif_neg` has been deprecated: Use `dite_eq_right` instead
warning: DifferentialGeometry/Analysis/Sobolev/Intrinsic/EquivalenceReverseChartTargetUnitFiber.lean:189:6: `dif_pos` has been deprecated: Use `dite_eq_left` instead
⚠ [9882/10298] Replayed DifferentialGeometry.Analysis.Sobolev.Intrinsic.EquivalenceReverseChartPushedWeakDerivative
warning: DifferentialGeometry/Analysis/Sobolev/Intrinsic/EquivalenceReverseChartPushedWeakDerivative.lean:59:6: `if_pos` has been deprecated: Use `ite_eq_left` instead
warning: DifferentialGeometry/Analysis/Sobolev/Intrinsic/EquivalenceReverseChartPushedWeakDerivative.lean:156:8: `if_pos` has been deprecated: Use `ite_eq_left` instead
warning: DifferentialGeometry/Analysis/Sobolev/Intrinsic/EquivalenceReverseChartPushedWeakDerivative.lean:198:10: `if_pos` has been deprecated: Use `ite_eq_left` instead
warning: DifferentialGeometry/Analysis/Sobolev/Intrinsic/EquivalenceReverseChartPushedWeakDerivative.lean:202:10: `if_neg` has been deprecated: Use `ite_eq_right` instead
warning: DifferentialGeometry/Analysis/Sobolev/Intrinsic/EquivalenceReverseChartPushedWeakDerivative.lean:285:12: `if_pos` has been deprecated: Use `ite_eq_left` instead
warning: DifferentialGeometry/Analysis/Sobolev/Intrinsic/EquivalenceReverseChartPushedWeakDerivative.lean:289:12: `if_neg` has been deprecated: Use `ite_eq_right` instead
warning: DifferentialGeometry/Analysis/Sobolev/Intrinsic/EquivalenceReverseChartPushedWeakDerivative.lean:322:12: `if_pos` has been deprecated: Use `ite_eq_left` instead
warning: DifferentialGeometry/Analysis/Sobolev/Intrinsic/EquivalenceReverseChartPushedWeakDerivative.lean:326:12: `if_neg` has been deprecated: Use `ite_eq_right` instead
⚠ [9883/10298] Replayed DifferentialGeometry.Analysis.Sobolev.Intrinsic.EquivalenceReverse
warning: DifferentialGeometry/Analysis/Sobolev/Intrinsic/EquivalenceReverse.lean:179:8: `if_pos` has been deprecated: Use `ite_eq_left` instead
warning: DifferentialGeometry/Analysis/Sobolev/Intrinsic/EquivalenceReverse.lean:718:12: `if_pos` has been deprecated: Use `ite_eq_left` instead
warning: DifferentialGeometry/Analysis/Sobolev/Intrinsic/EquivalenceReverse.lean:722:12: `if_neg` has been deprecated: Use `ite_eq_right` instead
⚠ [9904/10298] Replayed DifferentialGeometry.Analysis.Parabolic.MaximalRegularity.Synthesis
warning: DifferentialGeometry/Analysis/Parabolic/MaximalRegularity/Synthesis.lean:48:10: `if_pos` has been deprecated: Use `ite_eq_left` instead
warning: DifferentialGeometry/Analysis/Parabolic/MaximalRegularity/Synthesis.lean:48:21: `if_pos` has been deprecated: Use `ite_eq_left` instead
warning: DifferentialGeometry/Analysis/Parabolic/MaximalRegularity/Synthesis.lean:49:10: `if_neg` has been deprecated: Use `ite_eq_right` instead
warning: DifferentialGeometry/Analysis/Parabolic/MaximalRegularity/Synthesis.lean:49:21: `if_neg` has been deprecated: Use `ite_eq_right` instead
warning: DifferentialGeometry/Analysis/Parabolic/MaximalRegularity/Synthesis.lean:81:8: `if_pos` has been deprecated: Use `ite_eq_left` instead
warning: DifferentialGeometry/Analysis/Parabolic/MaximalRegularity/Synthesis.lean:81:19: `if_pos` has been deprecated: Use `ite_eq_left` instead
warning: DifferentialGeometry/Analysis/Parabolic/MaximalRegularity/Synthesis.lean:82:8: `if_neg` has been deprecated: Use `ite_eq_right` instead
warning: DifferentialGeometry/Analysis/Parabolic/MaximalRegularity/Synthesis.lean:82:19: `if_neg` has been deprecated: Use `ite_eq_right` instead
warning: DifferentialGeometry/Analysis/Parabolic/MaximalRegularity/Synthesis.lean:119:10: `if_pos` has been deprecated: Use `ite_eq_left` instead
warning: DifferentialGeometry/Analysis/Parabolic/MaximalRegularity/Synthesis.lean:119:21: `if_pos` has been deprecated: Use `ite_eq_left` instead
warning: DifferentialGeometry/Analysis/Parabolic/MaximalRegularity/Synthesis.lean:120:10: `if_neg` has been deprecated: Use `ite_eq_right` instead
warning: DifferentialGeometry/Analysis/Parabolic/MaximalRegularity/Synthesis.lean:120:21: `if_neg` has been deprecated: Use `ite_eq_right` instead
warning: DifferentialGeometry/Analysis/Parabolic/MaximalRegularity/Synthesis.lean:123:28: `if_pos` has been deprecated: Use `ite_eq_left` instead
warning: DifferentialGeometry/Analysis/Parabolic/MaximalRegularity/Synthesis.lean:123:39: `if_pos` has been deprecated: Use `ite_eq_left` instead
warning: DifferentialGeometry/Analysis/Parabolic/MaximalRegularity/Synthesis.lean:126:28: `if_neg` has been deprecated: Use `ite_eq_right` instead
warning: DifferentialGeometry/Analysis/Parabolic/MaximalRegularity/Synthesis.lean:126:39: `if_neg` has been deprecated: Use `ite_eq_right` instead
warning: DifferentialGeometry/Analysis/Parabolic/MaximalRegularity/Synthesis.lean:174:10: `if_pos` has been deprecated: Use `ite_eq_left` instead
warning: DifferentialGeometry/Analysis/Parabolic/MaximalRegularity/Synthesis.lean:174:22: `if_neg` has been deprecated: Use `ite_eq_right` instead
warning: DifferentialGeometry/Analysis/Parabolic/MaximalRegularity/Synthesis.lean:175:10: `if_neg` has been deprecated: Use `ite_eq_right` instead
warning: DifferentialGeometry/Analysis/Parabolic/MaximalRegularity/Synthesis.lean:310:10: `if_pos` has been deprecated: Use `ite_eq_left` instead
warning: DifferentialGeometry/Analysis/Parabolic/MaximalRegularity/Synthesis.lean:310:22: `if_pos` has been deprecated: Use `ite_eq_left` instead
warning: DifferentialGeometry/Analysis/Parabolic/MaximalRegularity/Synthesis.lean:311:10: `if_neg` has been deprecated: Use `ite_eq_right` instead
warning: DifferentialGeometry/Analysis/Parabolic/MaximalRegularity/Synthesis.lean:311:22: `if_neg` has been deprecated: Use `ite_eq_right` instead
⚠ [9914/10298] Replayed DifferentialGeometry.Analysis.Parabolic.QuasiLinear.CrossScaleParabolicTrace
warning: DifferentialGeometry/Analysis/Parabolic/QuasiLinear/CrossScaleParabolicTrace.lean:575:12: `dif_pos` has been deprecated: Use `dite_eq_left` instead
⚠ [9917/10298] Replayed DifferentialGeometry.Analysis.Sobolev.HebeyBlock.ChristoffelCorrectionL2.ChristoffelCorrectionAtomL2Bound
warning: DifferentialGeometry/Analysis/Sobolev/HebeyBlock/ChristoffelCorrectionL2/ChristoffelCorrectionAtomL2Bound.lean:137:10: `if_pos` has been deprecated: Use `ite_eq_left` instead
warning: DifferentialGeometry/Analysis/Sobolev/HebeyBlock/ChristoffelCorrectionL2/ChristoffelCorrectionAtomL2Bound.lean:157:14: `if_pos` has been deprecated: Use `ite_eq_left` instead
warning: DifferentialGeometry/Analysis/Sobolev/HebeyBlock/ChristoffelCorrectionL2/ChristoffelCorrectionAtomL2Bound.lean:164:14: `if_neg` has been deprecated: Use `ite_eq_right` instead
warning: DifferentialGeometry/Analysis/Sobolev/HebeyBlock/ChristoffelCorrectionL2/ChristoffelCorrectionAtomL2Bound.lean:177:27: `if_neg` has been deprecated: Use `ite_eq_right` instead
warning: DifferentialGeometry/Analysis/Sobolev/HebeyBlock/ChristoffelCorrectionL2/ChristoffelCorrectionAtomL2Bound.lean:181:54: `if_true` has been deprecated: Use `ite_true` instead
warning: DifferentialGeometry/Analysis/Sobolev/HebeyBlock/ChristoffelCorrectionL2/ChristoffelCorrectionAtomL2Bound.lean:182:10: `if_neg` has been deprecated: Use `ite_eq_right` instead
warning: DifferentialGeometry/Analysis/Sobolev/HebeyBlock/ChristoffelCorrectionL2/ChristoffelCorrectionAtomL2Bound.lean:190:21: `if_neg` has been deprecated: Use `ite_eq_right` instead
warning: DifferentialGeometry/Analysis/Sobolev/HebeyBlock/ChristoffelCorrectionL2/ChristoffelCorrectionAtomL2Bound.lean:193:50: `if_true` has been deprecated: Use `ite_true` instead
⚠ [9928/10298] Replayed DifferentialGeometry.Analysis.Spectral.Intrinsic.DeTurck.RemainderShortTimeExistence
warning: DifferentialGeometry/Analysis/Spectral/Intrinsic/DeTurck/RemainderShortTimeExistence.lean:152:28: `ContinuousLinearMap.lipschitz` has been deprecated: Use `ContinuousLinearMap.lipschitzWith` instead
warning: DifferentialGeometry/Analysis/Spectral/Intrinsic/DeTurck/RemainderShortTimeExistence.lean:157:7: `ContinuousLinearMap.lipschitz` has been deprecated: Use `ContinuousLinearMap.lipschitzWith` instead
⚠ [9931/10298] Replayed DifferentialGeometry.Analysis.Elliptic.TensorRegularity.CovDeriv.ComponentFormula
warning: DifferentialGeometry/Analysis/Elliptic/TensorRegularity/CovDeriv/ComponentFormula.lean:209:8: `if_pos` has been deprecated: Use `ite_eq_left` instead
warning: DifferentialGeometry/Analysis/Elliptic/TensorRegularity/CovDeriv/ComponentFormula.lean:211:8: `if_neg` has been deprecated: Use `ite_eq_right` instead
warning: DifferentialGeometry/Analysis/Elliptic/TensorRegularity/CovDeriv/ComponentFormula.lean:237:8: `if_pos` has been deprecated: Use `ite_eq_left` instead
warning: DifferentialGeometry/Analysis/Elliptic/TensorRegularity/CovDeriv/ComponentFormula.lean:240:8: `if_neg` has been deprecated: Use `ite_eq_right` instead
⚠ [9934/10298] Replayed DifferentialGeometry.Analysis.Elliptic.TensorRegularity.DirichletForm.CovChartMetricGramInv
warning: DifferentialGeometry/Analysis/Elliptic/TensorRegularity/DirichletForm/CovChartMetricGramInv.lean:170:12: `if_neg` has been deprecated: Use `ite_eq_right` instead
warning: DifferentialGeometry/Analysis/Elliptic/TensorRegularity/DirichletForm/CovChartMetricGramInv.lean:171:10: `if_neg` has been deprecated: Use `ite_eq_right` instead
⚠ [9935/10298] Replayed DifferentialGeometry.Analysis.Elliptic.TensorRegularity.DirichletForm.RotatedTestSection
warning: DifferentialGeometry/Analysis/Elliptic/TensorRegularity/DirichletForm/RotatedTestSection.lean:187:8: `if_pos` has been deprecated: Use `ite_eq_left` instead
warning: DifferentialGeometry/Analysis/Elliptic/TensorRegularity/DirichletForm/RotatedTestSection.lean:187:19: `if_pos` has been deprecated: Use `ite_eq_left` instead
warning: DifferentialGeometry/Analysis/Elliptic/TensorRegularity/DirichletForm/RotatedTestSection.lean:187:30: `if_pos` has been deprecated: Use `ite_eq_left` instead
warning: DifferentialGeometry/Analysis/Elliptic/TensorRegularity/DirichletForm/RotatedTestSection.lean:188:8: `if_neg` has been deprecated: Use `ite_eq_right` instead
warning: DifferentialGeometry/Analysis/Elliptic/TensorRegularity/DirichletForm/RotatedTestSection.lean:193:10: `if_neg` has been deprecated: Use `ite_eq_right` instead
warning: DifferentialGeometry/Analysis/Elliptic/TensorRegularity/DirichletForm/RotatedTestSection.lean:194:10: `if_neg` has been deprecated: Use `ite_eq_right` instead
warning: DifferentialGeometry/Analysis/Elliptic/TensorRegularity/DirichletForm/RotatedTestSection.lean:399:8: `if_pos` has been deprecated: Use `ite_eq_left` instead
warning: DifferentialGeometry/Analysis/Elliptic/TensorRegularity/DirichletForm/RotatedTestSection.lean:414:8: `if_neg` has been deprecated: Use `ite_eq_right` instead
⚠ [9936/10298] Replayed DifferentialGeometry.Analysis.Elliptic.TensorRegularity.DirichletForm.ChartWeakIdentity
warning: DifferentialGeometry/Analysis/Elliptic/TensorRegularity/DirichletForm/ChartWeakIdentity.lean:535:10: `if_pos` has been deprecated: Use `ite_eq_left` instead
warning: DifferentialGeometry/Analysis/Elliptic/TensorRegularity/DirichletForm/ChartWeakIdentity.lean:537:10: `if_neg` has been deprecated: Use `ite_eq_right` instead
⚠ [9938/10298] Replayed DifferentialGeometry.Analysis.Elliptic.TensorRegularity.DirichletForm.SourcePairing
warning: DifferentialGeometry/Analysis/Elliptic/TensorRegularity/DirichletForm/SourcePairing.lean:384:8: `if_pos` has been deprecated: Use `ite_eq_left` instead
warning: DifferentialGeometry/Analysis/Elliptic/TensorRegularity/DirichletForm/SourcePairing.lean:386:10: `if_neg` has been deprecated: Use `ite_eq_right` instead
⚠ [9939/10298] Replayed DifferentialGeometry.Analysis.Elliptic.TensorRegularity.WeakSolution.WeakSolutionGlobal
warning: DifferentialGeometry/Analysis/Elliptic/TensorRegularity/WeakSolution/WeakSolutionGlobal.lean:650:6: `if_pos` has been deprecated: Use `ite_eq_left` instead
warning: DifferentialGeometry/Analysis/Elliptic/TensorRegularity/WeakSolution/WeakSolutionGlobal.lean:661:6: `if_neg` has been deprecated: Use `ite_eq_right` instead
⚠ [9945/10298] Replayed DifferentialGeometry.Analysis.Spectral.Tensor.EllipticBridge.EigenvectorWeakSolution.Cross.EigenvectorChartCrossRightLimit
warning: DifferentialGeometry/Analysis/Spectral/Tensor/EllipticBridge/EigenvectorWeakSolution/Cross/EigenvectorChartCrossRightLimit.lean:49:43: This simp argument is unused:
  ContinuousLinearEquiv.coe_mk

Hint: Omit it from the simp argument list.
  [apply] simp only [NormedSpace.fromTangentSpace]

Note: This linter can be disabled with `set_option linter.unusedSimpArgs false`
⚠ [9946/10298] Replayed DifferentialGeometry.Analysis.Spectral.Tensor.EllipticBridge.EigenvectorWeakSolution.LowerOrder.ChartPartialLowerOrderBound
warning: DifferentialGeometry/Analysis/Spectral/Tensor/EllipticBridge/EigenvectorWeakSolution/LowerOrder/ChartPartialLowerOrderBound.lean:51:12: `if_pos` has been deprecated: Use `ite_eq_left` instead
warning: DifferentialGeometry/Analysis/Spectral/Tensor/EllipticBridge/EigenvectorWeakSolution/LowerOrder/ChartPartialLowerOrderBound.lean:52:12: `if_neg` has been deprecated: Use `ite_eq_right` instead
warning: DifferentialGeometry/Analysis/Spectral/Tensor/EllipticBridge/EigenvectorWeakSolution/LowerOrder/ChartPartialLowerOrderBound.lean:57:8: `if_pos` has been deprecated: Use `ite_eq_left` instead
warning: DifferentialGeometry/Analysis/Spectral/Tensor/EllipticBridge/EigenvectorWeakSolution/LowerOrder/ChartPartialLowerOrderBound.lean:58:8: `if_neg` has been deprecated: Use `ite_eq_right` instead
⚠ [9947/10298] Replayed DifferentialGeometry.Analysis.Spectral.Tensor.EllipticBridge.EigenvectorWeakSolution.ChartPartial.ChartPartialCovariantBound
warning: DifferentialGeometry/Analysis/Spectral/Tensor/EllipticBridge/EigenvectorWeakSolution/ChartPartial/ChartPartialCovariantBound.lean:112:47: `if_pos` has been deprecated: Use `ite_eq_left` instead
⚠ [9950/10298] Replayed DifferentialGeometry.Analysis.Elliptic.Regularity.H1Compl.GradientH1LipschitzBound
warning: DifferentialGeometry/Analysis/Elliptic/Regularity/H1Compl/GradientH1LipschitzBound.lean:89:8: `if_pos` has been deprecated: Use `ite_eq_left` instead
warning: DifferentialGeometry/Analysis/Elliptic/Regularity/H1Compl/GradientH1LipschitzBound.lean:453:12: `if_pos` has been deprecated: Use `ite_eq_left` instead
warning: DifferentialGeometry/Analysis/Elliptic/Regularity/H1Compl/GradientH1LipschitzBound.lean:459:12: `if_neg` has been deprecated: Use `ite_eq_right` instead
⚠ [9954/10298] Replayed DifferentialGeometry.Analysis.Elliptic.Regularity.ChartPushed.PulledIntegralContinuity
warning: DifferentialGeometry/Analysis/Elliptic/Regularity/ChartPushed/PulledIntegralContinuity.lean:90:8: `dif_pos` has been deprecated: Use `dite_eq_left` instead
warning: DifferentialGeometry/Analysis/Elliptic/Regularity/ChartPushed/PulledIntegralContinuity.lean:100:8: `dif_neg` has been deprecated: Use `dite_eq_right` instead
⚠ [9968/10298] Replayed DifferentialGeometry.Analysis.Elliptic.Regularity.ChartBilinear.UniformDiffQuotBoundFromDomainDiffQuotUChartBound
warning: DifferentialGeometry/Analysis/Elliptic/Regularity/ChartBilinear/UniformDiffQuotBoundFromDomainDiffQuotUChartBound.lean:184:8: `if_neg` has been deprecated: Use `ite_eq_right` instead
warning: DifferentialGeometry/Analysis/Elliptic/Regularity/ChartBilinear/UniformDiffQuotBoundFromDomainDiffQuotUChartBound.lean:184:19: `if_neg` has been deprecated: Use `ite_eq_right` instead
⚠ [9970/10298] Replayed DifferentialGeometry.Analysis.Elliptic.Regularity.ChartBilinear.UniformDiffQuotBoundFromDomainNonsmoothCoercivityBound
warning: DifferentialGeometry/Analysis/Elliptic/Regularity/ChartBilinear/UniformDiffQuotBoundFromDomainNonsmoothCoercivityBound.lean:313:8: `if_neg` has been deprecated: Use `ite_eq_right` instead
warning: DifferentialGeometry/Analysis/Elliptic/Regularity/ChartBilinear/UniformDiffQuotBoundFromDomainNonsmoothCoercivityBound.lean:313:19: `if_neg` has been deprecated: Use `ite_eq_right` instead
warning: DifferentialGeometry/Analysis/Elliptic/Regularity/ChartBilinear/UniformDiffQuotBoundFromDomainNonsmoothCoercivityBound.lean:339:8: `if_neg` has been deprecated: Use `ite_eq_right` instead
warning: DifferentialGeometry/Analysis/Elliptic/Regularity/ChartBilinear/UniformDiffQuotBoundFromDomainNonsmoothCoercivityBound.lean:339:19: `if_neg` has been deprecated: Use `ite_eq_right` instead
warning: DifferentialGeometry/Analysis/Elliptic/Regularity/ChartBilinear/UniformDiffQuotBoundFromDomainNonsmoothCoercivityBound.lean:427:8: `if_neg` has been deprecated: Use `ite_eq_right` instead
warning: DifferentialGeometry/Analysis/Elliptic/Regularity/ChartBilinear/UniformDiffQuotBoundFromDomainNonsmoothCoercivityBound.lean:427:19: `if_neg` has been deprecated: Use `ite_eq_right` instead
⚠ [9982/10298] Replayed DifferentialGeometry.Analysis.Sobolev.Chart.SmoothDensity.SmoothMul
warning: DifferentialGeometry/Analysis/Sobolev/Chart/SmoothDensity/SmoothMul.lean:66:6: `if_pos` has been deprecated: Use `ite_eq_left` instead
warning: DifferentialGeometry/Analysis/Sobolev/Chart/SmoothDensity/SmoothMul.lean:77:6: `if_neg` has been deprecated: Use `ite_eq_right` instead
⚠ [9989/10298] Replayed DifferentialGeometry.Analysis.Elliptic.Regularity.Ricci.DualNorm
warning: DifferentialGeometry/Analysis/Elliptic/Regularity/Ricci/DualNorm.lean:301:8: `if_neg` has been deprecated: Use `ite_eq_right` instead
warning: DifferentialGeometry/Analysis/Elliptic/Regularity/Ricci/DualNorm.lean:468:10: `if_pos` has been deprecated: Use `ite_eq_left` instead
warning: DifferentialGeometry/Analysis/Elliptic/Regularity/Ricci/DualNorm.lean:470:10: `if_neg` has been deprecated: Use `ite_eq_right` instead
⚠ [10007/10298] Replayed DifferentialGeometry.Analysis.Elliptic.Regularity.GradInner.CLM.ChartFormula
warning: DifferentialGeometry/Analysis/Elliptic/Regularity/GradInner/CLM/ChartFormula.lean:241:6: `if_pos` has been deprecated: Use `ite_eq_left` instead
warning: DifferentialGeometry/Analysis/Elliptic/Regularity/GradInner/CLM/ChartFormula.lean:253:6: `if_neg` has been deprecated: Use `ite_eq_right` instead
⚠ [10011/10298] Replayed DifferentialGeometry.Analysis.Sobolev.Euclidean.Embedding.MorreyHigherOrder
warning: DifferentialGeometry/Analysis/Sobolev/Euclidean/Embedding/MorreyHigherOrder.lean:68:42: `if_neg` has been deprecated: Use `ite_eq_right` instead
⚠ [10015/10298] Replayed DifferentialGeometry.Analysis.Spectral.Tensor.EllipticBridge.EigenvectorWeakSolution.VariationalIdentity.EigenvectorChartTestDecoupling
warning: DifferentialGeometry/Analysis/Spectral/Tensor/EllipticBridge/EigenvectorWeakSolution/VariationalIdentity/EigenvectorChartTestDecoupling.lean:48:43: This simp argument is unused:
  ContinuousLinearEquiv.coe_mk

Hint: Omit it from the simp argument list.
  [apply] simp only [NormedSpace.fromTangentSpace]

Note: This linter can be disabled with `set_option linter.unusedSimpArgs false`
⚠ [10025/10298] Replayed DifferentialGeometry.Analysis.Spectral.Tensor.EllipticBridge.ChartTransition.ChartTransitionTransportCLM
warning: DifferentialGeometry/Analysis/Spectral/Tensor/EllipticBridge/ChartTransition/ChartTransitionTransportCLM.lean:569:37: `MeasureTheory.Measure.QuasiMeasurePreserving.ae_eq` has been deprecated: Use `MeasureTheory.Measure.QuasiMeasurePreserving.ae_eq_comp` instead
⚠ [10037/10298] Replayed DifferentialGeometry.Analysis.Sobolev.Euclidean.Embedding.IteratedSobolevEmbedding
warning: DifferentialGeometry/Analysis/Sobolev/Euclidean/Embedding/IteratedSobolevEmbedding.lean:362:21: `dif_pos` has been deprecated: Use `dite_eq_left` instead
⚠ [10038/10298] Replayed DifferentialGeometry.Analysis.Spectral.Tensor.EllipticBridge.Representation.TensorChartFrameSection
warning: DifferentialGeometry/Analysis/Spectral/Tensor/EllipticBridge/Representation/TensorChartFrameSection.lean:232:8: `if_pos` has been deprecated: Use `ite_eq_left` instead
warning: DifferentialGeometry/Analysis/Spectral/Tensor/EllipticBridge/Representation/TensorChartFrameSection.lean:236:8: `if_neg` has been deprecated: Use `ite_eq_right` instead
⚠ [10040/10298] Replayed DifferentialGeometry.Analysis.Sobolev.Chart.ChartTransition.QuasiMeasurePreserving
warning: DifferentialGeometry/Analysis/Sobolev/Chart/ChartTransition/QuasiMeasurePreserving.lean:192:19: `MeasureTheory.Measure.QuasiMeasurePreserving.ae_eq` has been deprecated: Use `MeasureTheory.Measure.QuasiMeasurePreserving.ae_eq_comp` instead
⚠ [10070/10298] Replayed DifferentialGeometry.Analysis.Spectral.Tensor.CovGrad.OperatorFieldContractionBound
warning: DifferentialGeometry/Analysis/Spectral/Tensor/CovGrad/OperatorFieldContractionBound.lean:59:11: `if_pos` has been deprecated: Use `ite_eq_left` instead
warning: DifferentialGeometry/Analysis/Spectral/Tensor/CovGrad/OperatorFieldContractionBound.lean:60:25: `if_neg` has been deprecated: Use `ite_eq_right` instead
⚠ [10074/10298] Replayed DifferentialGeometry.Geometry.Curvature.Order2Defect.MetricTraceFrame
warning: DifferentialGeometry/Geometry/Curvature/Order2Defect/MetricTraceFrame.lean:138:10: `if_pos` has been deprecated: Use `ite_eq_left` instead
warning: DifferentialGeometry/Geometry/Curvature/Order2Defect/MetricTraceFrame.lean:138:22: `if_pos` has been deprecated: Use `ite_eq_left` instead
warning: DifferentialGeometry/Geometry/Curvature/Order2Defect/MetricTraceFrame.lean:139:10: `if_neg` has been deprecated: Use `ite_eq_right` instead
warning: DifferentialGeometry/Geometry/Curvature/Order2Defect/MetricTraceFrame.lean:139:22: `if_neg` has been deprecated: Use `ite_eq_right` instead
warning: DifferentialGeometry/Geometry/Curvature/Order2Defect/MetricTraceFrame.lean:143:6: `if_pos` has been deprecated: Use `ite_eq_left` instead
⚠ [10077/10298] Replayed DifferentialGeometry.Analysis.Elliptic.ConnectionLaplacian.FrozenFrameTrace
warning: DifferentialGeometry/Analysis/Elliptic/ConnectionLaplacian/FrozenFrameTrace.lean:104:10: `if_pos` has been deprecated: Use `ite_eq_left` instead
warning: DifferentialGeometry/Analysis/Elliptic/ConnectionLaplacian/FrozenFrameTrace.lean:104:22: `if_pos` has been deprecated: Use `ite_eq_left` instead
warning: DifferentialGeometry/Analysis/Elliptic/ConnectionLaplacian/FrozenFrameTrace.lean:105:10: `if_neg` has been deprecated: Use `ite_eq_right` instead
warning: DifferentialGeometry/Analysis/Elliptic/ConnectionLaplacian/FrozenFrameTrace.lean:105:22: `if_neg` has been deprecated: Use `ite_eq_right` instead
warning: DifferentialGeometry/Analysis/Elliptic/ConnectionLaplacian/FrozenFrameTrace.lean:109:6: `if_pos` has been deprecated: Use `ite_eq_left` instead
⚠ [10084/10298] Replayed DifferentialGeometry.Analysis.Spectral.Tensor.CovGrad.OperatorFieldDifferentiatedTowerNormalForm
warning: DifferentialGeometry/Analysis/Spectral/Tensor/CovGrad/OperatorFieldDifferentiatedTowerNormalForm.lean:274:8: `if_neg` has been deprecated: Use `ite_eq_right` instead
warning: DifferentialGeometry/Analysis/Spectral/Tensor/CovGrad/OperatorFieldDifferentiatedTowerNormalForm.lean:276:8: `if_pos` has been deprecated: Use `ite_eq_left` instead
⚠ [10085/10298] Replayed DifferentialGeometry.Analysis.Spectral.Tensor.CovGrad.OperatorFieldCovariantCalculusRS
warning: DifferentialGeometry/Analysis/Spectral/Tensor/CovGrad/OperatorFieldCovariantCalculusRS.lean:746:8: `if_neg` has been deprecated: Use `ite_eq_right` instead
warning: DifferentialGeometry/Analysis/Spectral/Tensor/CovGrad/OperatorFieldCovariantCalculusRS.lean:748:8: `if_pos` has been deprecated: Use `ite_eq_left` instead
⚠ [10087/10298] Replayed DifferentialGeometry.Analysis.Spectral.Tensor.CovGrad.CometricDoubleTraceField
warning: DifferentialGeometry/Analysis/Spectral/Tensor/CovGrad/CometricDoubleTraceField.lean:629:11: `if_pos` has been deprecated: Use `ite_eq_left` instead
warning: DifferentialGeometry/Analysis/Spectral/Tensor/CovGrad/CometricDoubleTraceField.lean:631:10: `if_neg` has been deprecated: Use `ite_eq_right` instead
warning: DifferentialGeometry/Analysis/Spectral/Tensor/CovGrad/CometricDoubleTraceField.lean:661:10: `if_pos` has been deprecated: Use `ite_eq_left` instead
warning: DifferentialGeometry/Analysis/Spectral/Tensor/CovGrad/CometricDoubleTraceField.lean:663:10: `if_neg` has been deprecated: Use `ite_eq_right` instead
⚠ [10095/10298] Replayed DifferentialGeometry.Geometry.Curvature.CovGradRoughLap.MovingFrameCurvatureTraceSmooth
warning: DifferentialGeometry/Geometry/Curvature/CovGradRoughLap/MovingFrameCurvatureTraceSmooth.lean:767:11: `if_pos` has been deprecated: Use `ite_eq_left` instead
warning: DifferentialGeometry/Geometry/Curvature/CovGradRoughLap/MovingFrameCurvatureTraceSmooth.lean:768:25: `if_neg` has been deprecated: Use `ite_eq_right` instead
warning: DifferentialGeometry/Geometry/Curvature/CovGradRoughLap/MovingFrameCurvatureTraceSmooth.lean:788:19: `if_pos` has been deprecated: Use `ite_eq_left` instead
warning: DifferentialGeometry/Geometry/Curvature/CovGradRoughLap/MovingFrameCurvatureTraceSmooth.lean:789:34: `if_neg` has been deprecated: Use `ite_eq_right` instead
⚠ [10104/10298] Replayed DifferentialGeometry.Analysis.Elliptic.ConnectionLaplacian.RiemannianFiberNormSq.UniformRiemannOperatorNormBound
warning: DifferentialGeometry/Analysis/Elliptic/ConnectionLaplacian/RiemannianFiberNormSq/UniformRiemannOperatorNormBound.lean:230:26: `if_neg` has been deprecated: Use `ite_eq_right` instead
⚠ [10105/10298] Replayed DifferentialGeometry.Geometry.Curvature.CurvatureOperator.TensorCurvatureUnitEvalBridge
warning: DifferentialGeometry/Geometry/Curvature/CurvatureOperator/TensorCurvatureUnitEvalBridge.lean:330:65: `if_pos` has been deprecated: Use `ite_eq_left` instead
warning: DifferentialGeometry/Geometry/Curvature/CurvatureOperator/TensorCurvatureUnitEvalBridge.lean:429:60: `if_pos` has been deprecated: Use `ite_eq_left` instead
warning: DifferentialGeometry/Geometry/Curvature/CurvatureOperator/TensorCurvatureUnitEvalBridge.lean:430:60: `if_pos` has been deprecated: Use `ite_eq_left` instead
warning: DifferentialGeometry/Geometry/Curvature/CurvatureOperator/TensorCurvatureUnitEvalBridge.lean:517:45: `if_pos` has been deprecated: Use `ite_eq_left` instead
⚠ [10110/10298] Replayed DifferentialGeometry.Geometry.Curvature.CovGradRoughLap.FrozenFramePureRCurvatureTower.FrozenOperator
warning: DifferentialGeometry/Geometry/Curvature/CovGradRoughLap/FrozenFramePureRCurvatureTower/FrozenOperator.lean:254:11: `if_pos` has been deprecated: Use `ite_eq_left` instead
warning: DifferentialGeometry/Geometry/Curvature/CovGradRoughLap/FrozenFramePureRCurvatureTower/FrozenOperator.lean:255:25: `if_neg` has been deprecated: Use `ite_eq_right` instead
warning: DifferentialGeometry/Geometry/Curvature/CovGradRoughLap/FrozenFramePureRCurvatureTower/FrozenOperator.lean:628:37: `if_pos` has been deprecated: Use `ite_eq_left` instead
warning: DifferentialGeometry/Geometry/Curvature/CovGradRoughLap/FrozenFramePureRCurvatureTower/FrozenOperator.lean:630:36: `if_pos` has been deprecated: Use `ite_eq_left` instead
⚠ [10121/10298] Replayed DifferentialGeometry.Geometry.Curvature.CurvatureOperator.SlotFreeCurvatureOperatorField
warning: DifferentialGeometry/Geometry/Curvature/CurvatureOperator/SlotFreeCurvatureOperatorField.lean:109:10: `if_neg` has been deprecated: Use `ite_eq_right` instead
warning: DifferentialGeometry/Geometry/Curvature/CurvatureOperator/SlotFreeCurvatureOperatorField.lean:127:15: `if_pos` has been deprecated: Use `ite_eq_left` instead
warning: DifferentialGeometry/Geometry/Curvature/CurvatureOperator/SlotFreeCurvatureOperatorField.lean:129:8: `if_neg` has been deprecated: Use `ite_eq_right` instead
⚠ [10135/10298] Replayed DifferentialGeometry.Tensor.RSTensor.MetricTrace.NormBound
warning: DifferentialGeometry/Tensor/RSTensor/MetricTrace/NormBound.lean:68:10: `if_pos` has been deprecated: Use `ite_eq_left` instead
warning: DifferentialGeometry/Tensor/RSTensor/MetricTrace/NormBound.lean:75:17: `if_neg` has been deprecated: Use `ite_eq_right` instead
⚠ [10144/10420] Replayed DifferentialGeometry.Analysis.Elliptic.Regularity.SmoothFChartResidual.BilinearBoundSmoothRepPieces
warning: DifferentialGeometry/Analysis/Elliptic/Regularity/SmoothFChartResidual/BilinearBoundSmoothRepPieces.lean:443:8: `if_pos` has been deprecated: Use `ite_eq_left` instead
⚠ [10148/10420] Replayed DifferentialGeometry.Analysis.Elliptic.Regularity.SmoothFChartResidual.BilinearBound
warning: DifferentialGeometry/Analysis/Elliptic/Regularity/SmoothFChartResidual/BilinearBound.lean:157:6: `if_pos` has been deprecated: Use `ite_eq_left` instead
⚠ [10157/10420] Replayed DifferentialGeometry.Analysis.Spectral.Tensor.EllipticBridge.EigenvectorWeakSolution.Cutoff.CutoffChartPartialUniformBoundElementaryScalarBounds
warning: DifferentialGeometry/Analysis/Spectral/Tensor/EllipticBridge/EigenvectorWeakSolution/Cutoff/CutoffChartPartialUniformBoundElementaryScalarBounds.lean:64:12: `if_pos` has been deprecated: Use `ite_eq_left` instead
warning: DifferentialGeometry/Analysis/Spectral/Tensor/EllipticBridge/EigenvectorWeakSolution/Cutoff/CutoffChartPartialUniformBoundElementaryScalarBounds.lean:65:12: `if_neg` has been deprecated: Use `ite_eq_right` instead
warning: DifferentialGeometry/Analysis/Spectral/Tensor/EllipticBridge/EigenvectorWeakSolution/Cutoff/CutoffChartPartialUniformBoundElementaryScalarBounds.lean:70:8: `if_pos` has been deprecated: Use `ite_eq_left` instead
warning: DifferentialGeometry/Analysis/Spectral/Tensor/EllipticBridge/EigenvectorWeakSolution/Cutoff/CutoffChartPartialUniformBoundElementaryScalarBounds.lean:71:8: `if_neg` has been deprecated: Use `ite_eq_right` instead
⚠ [10160/10420] Replayed DifferentialGeometry.Analysis.Spectral.Tensor.EllipticBridge.EigenvectorWeakSolution.Cutoff.CutoffChartPartialUniformBoundPrincipalCovariantComponentBound
warning: DifferentialGeometry/Analysis/Spectral/Tensor/EllipticBridge/EigenvectorWeakSolution/Cutoff/CutoffChartPartialUniformBoundPrincipalCovariantComponentBound.lean:124:47: `if_pos` has been deprecated: Use `ite_eq_left` instead
⚠ [10168/10420] Replayed DifferentialGeometry.Analysis.Spectral.Tensor.EllipticBridge.EigenvectorWeakSolution.VariationalIdentity.EigenvectorRotatedTestCrossTerms
warning: DifferentialGeometry/Analysis/Spectral/Tensor/EllipticBridge/EigenvectorWeakSolution/VariationalIdentity/EigenvectorRotatedTestCrossTerms.lean:296:10: `if_pos` has been deprecated: Use `ite_eq_left` instead
warning: DifferentialGeometry/Analysis/Spectral/Tensor/EllipticBridge/EigenvectorWeakSolution/VariationalIdentity/EigenvectorRotatedTestCrossTerms.lean:298:10: `if_neg` has been deprecated: Use `ite_eq_right` instead
⚠ [10257/10420] Replayed DifferentialGeometry.Analysis.Spectral.Tensor.EllipticBridge.EigenvectorWeakSolution.Smooth.EigenvectorSmoothChartComponentTerm
warning: DifferentialGeometry/Analysis/Spectral/Tensor/EllipticBridge/EigenvectorWeakSolution/Smooth/EigenvectorSmoothChartComponentTerm.lean:59:8: `if_pos` has been deprecated: Use `ite_eq_left` instead
warning: DifferentialGeometry/Analysis/Spectral/Tensor/EllipticBridge/EigenvectorWeakSolution/Smooth/EigenvectorSmoothChartComponentTerm.lean:64:8: `if_neg` has been deprecated: Use `ite_eq_right` instead
⚠ [10258/10420] Replayed DifferentialGeometry.Analysis.Spectral.Tensor.EllipticBridge.EigenvectorWeakSolution.Smooth.EigenvectorSmoothChartComponentTransport
warning: DifferentialGeometry/Analysis/Spectral/Tensor/EllipticBridge/EigenvectorWeakSolution/Smooth/EigenvectorSmoothChartComponentTransport.lean:350:20: `if_pos` has been deprecated: Use `ite_eq_left` instead
warning: DifferentialGeometry/Analysis/Spectral/Tensor/EllipticBridge/EigenvectorWeakSolution/Smooth/EigenvectorSmoothChartComponentTransport.lean:419:22: `if_neg` has been deprecated: Use `ite_eq_right` instead
⚠ [10259/10420] Replayed DifferentialGeometry.Analysis.Spectral.Tensor.EllipticBridge.EigenvectorWeakSolution.Smooth.EigenvectorSmoothChartComponent
warning: DifferentialGeometry/Analysis/Spectral/Tensor/EllipticBridge/EigenvectorWeakSolution/Smooth/EigenvectorSmoothChartComponent.lean:73:15: `if_pos` has been deprecated: Use `ite_eq_left` instead
warning: DifferentialGeometry/Analysis/Spectral/Tensor/EllipticBridge/EigenvectorWeakSolution/Smooth/EigenvectorSmoothChartComponent.lean:74:15: `if_neg` has been deprecated: Use `ite_eq_right` instead
warning: DifferentialGeometry/Analysis/Spectral/Tensor/EllipticBridge/EigenvectorWeakSolution/Smooth/EigenvectorSmoothChartComponent.lean:233:8: `if_pos` has been deprecated: Use `ite_eq_left` instead
warning: DifferentialGeometry/Analysis/Spectral/Tensor/EllipticBridge/EigenvectorWeakSolution/Smooth/EigenvectorSmoothChartComponent.lean:235:8: `if_neg` has been deprecated: Use `ite_eq_right` instead
warning: DifferentialGeometry/Analysis/Spectral/Tensor/EllipticBridge/EigenvectorWeakSolution/Smooth/EigenvectorSmoothChartComponent.lean:345:10: `if_pos` has been deprecated: Use `ite_eq_left` instead
⚠ [10264/10420] Replayed DifferentialGeometry.Analysis.Spectral.Intrinsic.MetricRealization.TensorHsRealize
warning: DifferentialGeometry/Analysis/Spectral/Intrinsic/MetricRealization/TensorHsRealize.lean:502:24: `dif_pos` has been deprecated: Use `dite_eq_left` instead
⚠ [10269/10420] Replayed DifferentialGeometry.Analysis.Spectral.Tensor.CovGrad.RicciDeTurckSectionDifferencePrincipalEndomorphismTrace
warning: DifferentialGeometry/Analysis/Spectral/Tensor/CovGrad/RicciDeTurckSectionDifferencePrincipalEndomorphismTrace.lean:123:8: `if_pos` has been deprecated: Use `ite_eq_left` instead
warning: DifferentialGeometry/Analysis/Spectral/Tensor/CovGrad/RicciDeTurckSectionDifferencePrincipalEndomorphismTrace.lean:131:8: `if_neg` has been deprecated: Use `ite_eq_right` instead
⚠ [10271/10420] Replayed DifferentialGeometry.Analysis.Spectral.Tensor.CovGrad.RicciDeTurckSectionDifferenceReindexingArmSplitting
warning: DifferentialGeometry/Analysis/Spectral/Tensor/CovGrad/RicciDeTurckSectionDifferenceReindexingArmSplitting.lean:1299:10: `if_neg` has been deprecated: Use `ite_eq_right` instead
⚠ [10278/10420] Replayed DifferentialGeometry.Analysis.Parabolic.RicciLinearization.RicciDifferenceMeanValue
warning: DifferentialGeometry/Analysis/Parabolic/RicciLinearization/RicciDifferenceMeanValue.lean:355:30: `dif_pos` has been deprecated: Use `dite_eq_left` instead
⚠ [10279/10420] Replayed DifferentialGeometry.Analysis.Spectral.Intrinsic.MetricRealization.DeTurckGeometricNonlinearity
warning: DifferentialGeometry/Analysis/Spectral/Intrinsic/MetricRealization/DeTurckGeometricNonlinearity.lean:74:23: `dif_pos` has been deprecated: Use `dite_eq_left` instead
warning: DifferentialGeometry/Analysis/Spectral/Intrinsic/MetricRealization/DeTurckGeometricNonlinearity.lean:89:23: `dif_neg` has been deprecated: Use `dite_eq_right` instead
warning: DifferentialGeometry/Analysis/Spectral/Intrinsic/MetricRealization/DeTurckGeometricNonlinearity.lean:136:33: `dif_neg` has been deprecated: Use `dite_eq_right` instead
⚠ [10280/10420] Replayed DifferentialGeometry.Analysis.Spectral.Intrinsic.Garding.EigenCombination
warning: DifferentialGeometry/Analysis/Spectral/Intrinsic/Garding/EigenCombination.lean:143:10: `if_neg` has been deprecated: Use `ite_eq_right` instead
warning: DifferentialGeometry/Analysis/Spectral/Intrinsic/Garding/EigenCombination.lean:145:8: `if_neg` has been deprecated: Use `ite_eq_right` instead
warning: DifferentialGeometry/Analysis/Spectral/Intrinsic/Garding/EigenCombination.lean:147:8: `if_neg` has been deprecated: Use `ite_eq_right` instead
warning: DifferentialGeometry/Analysis/Spectral/Intrinsic/Garding/EigenCombination.lean:246:6: `if_pos` has been deprecated: Use `ite_eq_left` instead
warning: DifferentialGeometry/Analysis/Spectral/Intrinsic/Garding/EigenCombination.lean:251:8: `if_neg` has been deprecated: Use `ite_eq_right` instead
warning: DifferentialGeometry/Analysis/Spectral/Intrinsic/Garding/EigenCombination.lean:275:8: `if_neg` has been deprecated: Use `ite_eq_right` instead
warning: DifferentialGeometry/Analysis/Spectral/Intrinsic/Garding/EigenCombination.lean:313:34: `if_pos` has been deprecated: Use `ite_eq_left` instead
warning: DifferentialGeometry/Analysis/Spectral/Intrinsic/Garding/EigenCombination.lean:318:8: `if_neg` has been deprecated: Use `ite_eq_right` instead
⚠ [10287/10420] Replayed DifferentialGeometry.Geometry.Flow.RicciFlow.Estimates.Shi.Complete
warning: DifferentialGeometry/Geometry/Flow/RicciFlow/Estimates/Shi/Complete.lean:1171:32: `if_neg` has been deprecated: Use `ite_eq_right` instead
warning: DifferentialGeometry/Geometry/Flow/RicciFlow/Estimates/Shi/Complete.lean:1968:32: `if_neg` has been deprecated: Use `ite_eq_right` instead
warning: DifferentialGeometry/Geometry/Flow/RicciFlow/Estimates/Shi/Complete.lean:2397:38: `if_neg` has been deprecated: Use `ite_eq_right` instead
warning: DifferentialGeometry/Geometry/Flow/RicciFlow/Estimates/Shi/Complete.lean:2704:38: `if_neg` has been deprecated: Use `ite_eq_right` instead
⚠ [10297/10420] Replayed DifferentialGeometry.Geometry.Comparison.Variation.PerpFrameIndex
warning: DifferentialGeometry/Geometry/Comparison/Variation/PerpFrameIndex.lean:361:17: `if_pos` has been deprecated: Use `ite_eq_left` instead
warning: DifferentialGeometry/Geometry/Comparison/Variation/PerpFrameIndex.lean:365:17: `if_neg` has been deprecated: Use `ite_eq_right` instead
warning: DifferentialGeometry/Geometry/Comparison/Variation/PerpFrameIndex.lean:393:31: `if_pos` has been deprecated: Use `ite_eq_left` instead
warning: DifferentialGeometry/Geometry/Comparison/Variation/PerpFrameIndex.lean:395:31: `if_neg` has been deprecated: Use `ite_eq_right` instead
⚠ [10307/10420] Replayed DifferentialGeometry.Analysis.Calculus.MatrixRiccati
warning: DifferentialGeometry/Analysis/Calculus/MatrixRiccati.lean:153:57: `if_true` has been deprecated: Use `ite_true` instead
⚠ [10310/10420] Replayed DifferentialGeometry.Tensor.RSTensor.MetricTrace.LineSplit
warning: DifferentialGeometry/Tensor/RSTensor/MetricTrace/LineSplit.lean:100:39: `if_pos` has been deprecated: Use `ite_eq_left` instead
warning: DifferentialGeometry/Tensor/RSTensor/MetricTrace/LineSplit.lean:109:41: `if_neg` has been deprecated: Use `ite_eq_right` instead
⚠ [10313/10420] Replayed DifferentialGeometry.Geometry.Comparison.Volume.HyperbolicModel
warning: DifferentialGeometry/Geometry/Comparison/Volume/HyperbolicModel.lean:55:17: `if_neg` has been deprecated: Use `ite_eq_right` instead
warning: DifferentialGeometry/Geometry/Comparison/Volume/HyperbolicModel.lean:67:20: `if_neg` has been deprecated: Use `ite_eq_right` instead
warning: DifferentialGeometry/Geometry/Comparison/Volume/HyperbolicModel.lean:67:38: `if_neg` has been deprecated: Use `ite_eq_right` instead
warning: DifferentialGeometry/Geometry/Comparison/Volume/HyperbolicModel.lean:82:15: `if_neg` has been deprecated: Use `ite_eq_right` instead
warning: DifferentialGeometry/Geometry/Comparison/Volume/HyperbolicModel.lean:147:33: `if_neg` has been deprecated: Use `ite_eq_right` instead
warning: DifferentialGeometry/Geometry/Comparison/Volume/HyperbolicModel.lean:147:52: `if_neg` has been deprecated: Use `ite_eq_right` instead
⚠ [10314/10420] Replayed DifferentialGeometry.Geometry.Comparison.BonnetMyers.LengthBound
warning: DifferentialGeometry/Geometry/Comparison/BonnetMyers/LengthBound.lean:86:12: `if_pos` has been deprecated: Use `ite_eq_left` instead
warning: DifferentialGeometry/Geometry/Comparison/BonnetMyers/LengthBound.lean:99:12: `if_neg` has been deprecated: Use `ite_eq_right` instead
warning: DifferentialGeometry/Geometry/Comparison/BonnetMyers/LengthBound.lean:116:12: `if_neg` has been deprecated: Use `ite_eq_right` instead
warning: DifferentialGeometry/Geometry/Comparison/BonnetMyers/LengthBound.lean:134:14: `if_neg` has been deprecated: Use `ite_eq_right` instead
warning: DifferentialGeometry/Geometry/Comparison/BonnetMyers/LengthBound.lean:134:26: `if_neg` has been deprecated: Use `ite_eq_right` instead
⚠ [10315/10420] Replayed DifferentialGeometry.Geometry.Comparison.Volume.JacobiRiccati
warning: DifferentialGeometry/Geometry/Comparison/Volume/JacobiRiccati.lean:59:57: `if_pos` has been deprecated: Use `ite_eq_left` instead
warning: DifferentialGeometry/Geometry/Comparison/Volume/JacobiRiccati.lean:68:28: `if_neg` has been deprecated: Use `ite_eq_right` instead
warning: DifferentialGeometry/Geometry/Comparison/Volume/JacobiRiccati.lean:237:8: `if_pos` has been deprecated: Use `ite_eq_left` instead
warning: DifferentialGeometry/Geometry/Comparison/Volume/JacobiRiccati.lean:243:8: `if_neg` has been deprecated: Use `ite_eq_right` instead
warning: DifferentialGeometry/Geometry/Comparison/Volume/JacobiRiccati.lean:443:8: `if_pos` has been deprecated: Use `ite_eq_left` instead
warning: DifferentialGeometry/Geometry/Comparison/Volume/JacobiRiccati.lean:449:8: `if_neg` has been deprecated: Use `ite_eq_right` instead
⚠ [10319/10420] Replayed DifferentialGeometry.Geometry.Comparison.Volume.BishopIntrinsic
warning: DifferentialGeometry/Geometry/Comparison/Volume/BishopIntrinsic.lean:122:16: `if_pos` has been deprecated: Use `ite_eq_left` instead
warning: DifferentialGeometry/Geometry/Comparison/Volume/BishopIntrinsic.lean:124:8: `if_neg` has been deprecated: Use `ite_eq_right` instead
⚠ [10322/10420] Replayed DifferentialGeometry.Geometry.Comparison.Volume.BishopIntrinsicLocal
warning: DifferentialGeometry/Geometry/Comparison/Volume/BishopIntrinsicLocal.lean:67:16: `if_pos` has been deprecated: Use `ite_eq_left` instead
warning: DifferentialGeometry/Geometry/Comparison/Volume/BishopIntrinsicLocal.lean:69:8: `if_neg` has been deprecated: Use `ite_eq_right` instead
⚠ [10324/10420] Replayed DifferentialGeometry.Geometry.Flow.RicciFlow.Estimates.Distance.RicciFlow
warning: DifferentialGeometry/Geometry/Flow/RicciFlow/Estimates/Distance/RicciFlow.lean:492:26: `if_pos` has been deprecated: Use `ite_eq_left` instead
warning: DifferentialGeometry/Geometry/Flow/RicciFlow/Estimates/Distance/RicciFlow.lean:502:12: `if_neg` has been deprecated: Use `ite_eq_right` instead
warning: DifferentialGeometry/Geometry/Flow/RicciFlow/Estimates/Distance/RicciFlow.lean:517:25: `if_pos` has been deprecated: Use `ite_eq_left` instead
warning: DifferentialGeometry/Geometry/Flow/RicciFlow/Estimates/Distance/RicciFlow.lean:525:27: `if_false` has been deprecated: Use `ite_false` instead
⚠ [10334/10420] Replayed DifferentialGeometry.Geometry.Comparison.Volume.BishopBall
warning: DifferentialGeometry/Geometry/Comparison/Volume/BishopBall.lean:24:15: `if_neg` has been deprecated: Use `ite_eq_right` instead
warning: DifferentialGeometry/Geometry/Comparison/Volume/BishopBall.lean:24:50: `if_neg` has been deprecated: Use `ite_eq_right` instead
warning: DifferentialGeometry/Geometry/Comparison/Volume/BishopBall.lean:203:54: `if_pos` has been deprecated: Use `ite_eq_left` instead
warning: DifferentialGeometry/Geometry/Comparison/Volume/BishopBall.lean:212:28: `if_neg` has been deprecated: Use `ite_eq_right` instead
warning: DifferentialGeometry/Geometry/Comparison/Volume/BishopBall.lean:560:44: `if_pos` has been deprecated: Use `ite_eq_left` instead
warning: DifferentialGeometry/Geometry/Comparison/Volume/BishopBall.lean:581:20: `if_pos` has been deprecated: Use `ite_eq_left` instead
⚠ [10336/10420] Replayed DifferentialGeometry.Geometry.Comparison.Volume.IntrinsicRatio
warning: DifferentialGeometry/Geometry/Comparison/Volume/IntrinsicRatio.lean:177:15: `if_neg` has been deprecated: Use `ite_eq_right` instead
⚠ [10337/10420] Replayed DifferentialGeometry.Geometry.Comparison.Volume.SegmentPole
warning: DifferentialGeometry/Geometry/Comparison/Volume/SegmentPole.lean:464:57: `if_pos` has been deprecated: Use `ite_eq_left` instead
warning: DifferentialGeometry/Geometry/Comparison/Volume/SegmentPole.lean:473:28: `if_neg` has been deprecated: Use `ite_eq_right` instead
⚠ [10342/10420] Replayed DifferentialGeometry.Geometry.Comparison.Volume.SegmentArea
warning: DifferentialGeometry/Geometry/Comparison/Volume/SegmentArea.lean:725:21: `dif_pos` has been deprecated: Use `dite_eq_left` instead
warning: DifferentialGeometry/Geometry/Comparison/Volume/SegmentArea.lean:726:20: `dif_neg` has been deprecated: Use `dite_eq_right` instead
warning: DifferentialGeometry/Geometry/Comparison/Volume/SegmentArea.lean:729:19: `dif_pos` has been deprecated: Use `dite_eq_left` instead
warning: DifferentialGeometry/Geometry/Comparison/Volume/SegmentArea.lean:733:21: `dif_pos` has been deprecated: Use `dite_eq_left` instead
warning: DifferentialGeometry/Geometry/Comparison/Volume/SegmentArea.lean:734:20: `dif_neg` has been deprecated: Use `dite_eq_right` instead
⚠ [10349/10420] Replayed DifferentialGeometry.Analysis.Calculus.MovingImplicit
warning: DifferentialGeometry/Analysis/Calculus/MovingImplicit.lean:709:35: `ContinuousLinearMap.lipschitz` has been deprecated: Use `ContinuousLinearMap.lipschitzWith` instead
warning: DifferentialGeometry/Analysis/Calculus/MovingImplicit.lean:998:8: `dif_pos` has been deprecated: Use `dite_eq_left` instead
warning: DifferentialGeometry/Analysis/Calculus/MovingImplicit.lean:1413:21: `if_pos` has been deprecated: Use `ite_eq_left` instead
warning: DifferentialGeometry/Analysis/Calculus/MovingImplicit.lean:1417:23: `if_pos` has been deprecated: Use `ite_eq_left` instead
warning: DifferentialGeometry/Analysis/Calculus/MovingImplicit.lean:1418:23: `if_neg` has been deprecated: Use `ite_eq_right` instead
warning: DifferentialGeometry/Analysis/Calculus/MovingImplicit.lean:1422:22: `if_pos` has been deprecated: Use `ite_eq_left` instead
warning: DifferentialGeometry/Analysis/Calculus/MovingImplicit.lean:1423:22: `if_neg` has been deprecated: Use `ite_eq_right` instead
warning: DifferentialGeometry/Analysis/Calculus/MovingImplicit.lean:1428:21: `if_pos` has been deprecated: Use `ite_eq_left` instead
warning: DifferentialGeometry/Analysis/Calculus/MovingImplicit.lean:1437:27: `if_pos` has been deprecated: Use `ite_eq_left` instead
warning: DifferentialGeometry/Analysis/Calculus/MovingImplicit.lean:1440:27: `if_neg` has been deprecated: Use `ite_eq_right` instead
warning: DifferentialGeometry/Analysis/Calculus/MovingImplicit.lean:1447:27: `if_pos` has been deprecated: Use `ite_eq_left` instead
warning: DifferentialGeometry/Analysis/Calculus/MovingImplicit.lean:1448:26: `if_neg` has been deprecated: Use `ite_eq_right` instead
warning: DifferentialGeometry/Analysis/Calculus/MovingImplicit.lean:1457:21: `if_pos` has been deprecated: Use `ite_eq_left` instead
warning: DifferentialGeometry/Analysis/Calculus/MovingImplicit.lean:1459:21: `if_pos` has been deprecated: Use `ite_eq_left` instead
warning: DifferentialGeometry/Analysis/Calculus/MovingImplicit.lean:1488:22: `if_pos` has been deprecated: Use `ite_eq_left` instead
warning: DifferentialGeometry/Analysis/Calculus/MovingImplicit.lean:1489:22: `if_neg` has been deprecated: Use `ite_eq_right` instead
warning: DifferentialGeometry/Analysis/Calculus/MovingImplicit.lean:1494:21: `if_pos` has been deprecated: Use `ite_eq_left` instead
warning: DifferentialGeometry/Analysis/Calculus/MovingImplicit.lean:1504:20: `if_pos` has been deprecated: Use `ite_eq_left` instead
warning: DifferentialGeometry/Analysis/Calculus/MovingImplicit.lean:1508:20: `if_pos` has been deprecated: Use `ite_eq_left` instead
⚠ [10364/10420] Replayed DifferentialGeometry.Geometry.Comparison.CGTWhiteheadBase
warning: DifferentialGeometry/Geometry/Comparison/CGTWhiteheadBase.lean:286:19: `dif_pos` has been deprecated: Use `dite_eq_left` instead
warning: DifferentialGeometry/Geometry/Comparison/CGTWhiteheadBase.lean:366:19: `dif_pos` has been deprecated: Use `dite_eq_left` instead
warning: DifferentialGeometry/Geometry/Comparison/CGTWhiteheadBase.lean:3086:20: `dif_pos` has been deprecated: Use `dite_eq_left` instead
warning: DifferentialGeometry/Geometry/Comparison/CGTWhiteheadBase.lean:3086:32: `dif_pos` has been deprecated: Use `dite_eq_left` instead
⚠ [10369/10420] Replayed DifferentialGeometry.Geometry.Comparison.CGTPropeller
warning: DifferentialGeometry/Geometry/Comparison/CGTPropeller.lean:199:31: `dif_pos` has been deprecated: Use `dite_eq_left` instead
warning: DifferentialGeometry/Geometry/Comparison/CGTPropeller.lean:248:33: `dif_neg` has been deprecated: Use `dite_eq_right` instead
warning: DifferentialGeometry/Geometry/Comparison/CGTPropeller.lean:1437:18: `dif_pos` has been deprecated: Use `dite_eq_left` instead
warning: DifferentialGeometry/Geometry/Comparison/CGTPropeller.lean:1442:18: `dif_pos` has been deprecated: Use `dite_eq_left` instead
warning: DifferentialGeometry/Geometry/Comparison/CGTPropeller.lean:1442:30: `dif_pos` has been deprecated: Use `dite_eq_left` instead
warning: DifferentialGeometry/Geometry/Comparison/CGTPropeller.lean:1453:19: `dif_pos` has been deprecated: Use `dite_eq_left` instead
warning: DifferentialGeometry/Geometry/Comparison/CGTPropeller.lean:1542:18: `dif_pos` has been deprecated: Use `dite_eq_left` instead
warning: DifferentialGeometry/Geometry/Comparison/CGTPropeller.lean:1547:18: `dif_pos` has been deprecated: Use `dite_eq_left` instead
warning: DifferentialGeometry/Geometry/Comparison/CGTPropeller.lean:1547:30: `dif_pos` has been deprecated: Use `dite_eq_left` instead
warning: DifferentialGeometry/Geometry/Comparison/CGTPropeller.lean:1558:19: `dif_pos` has been deprecated: Use `dite_eq_left` instead
⚠ [10376/10420] Replayed DifferentialGeometry.Geometry.Comparison.Volume.SegmentPolar
warning: DifferentialGeometry/Geometry/Comparison/Volume/SegmentPolar.lean:898:10: `if_neg` has been deprecated: Use `ite_eq_right` instead
warning: DifferentialGeometry/Geometry/Comparison/Volume/SegmentPolar.lean:898:21: `if_neg` has been deprecated: Use `ite_eq_right` instead
⚠ [10390/10420] Replayed DifferentialGeometry.Geometry.Comparison.Volume.SegmentCount
warning: DifferentialGeometry/Geometry/Comparison/Volume/SegmentCount.lean:41:15: `if_neg` has been deprecated: Use `ite_eq_right` instead
warning: DifferentialGeometry/Geometry/Comparison/Volume/SegmentCount.lean:49:15: `if_neg` has been deprecated: Use `ite_eq_right` instead
⚠ [10396/10420] Replayed DifferentialGeometry.Geometry.Flow.RicciFlow.Compactness.Bounds.SourceCovariantLipschitz
warning: DifferentialGeometry/Geometry/Flow/RicciFlow/Compactness/Bounds/SourceCovariantLipschitz.lean:469:30: `dif_pos` has been deprecated: Use `dite_eq_left` instead
warning: DifferentialGeometry/Geometry/Flow/RicciFlow/Compactness/Bounds/SourceCovariantLipschitz.lean:543:34: `dif_pos` has been deprecated: Use `dite_eq_left` instead
warning: DifferentialGeometry/Geometry/Flow/RicciFlow/Compactness/Bounds/SourceCovariantLipschitz.lean:959:30: `dif_pos` has been deprecated: Use `dite_eq_left` instead
warning: DifferentialGeometry/Geometry/Flow/RicciFlow/Compactness/Bounds/SourceCovariantLipschitz.lean:1033:34: `dif_pos` has been deprecated: Use `dite_eq_left` instead
⚠ [10409/10605] Replayed DifferentialGeometry.Geometry.Flow.RicciFlow.Evolution.Curvature.Derivatives.SwapRegularity
warning: DifferentialGeometry/Geometry/Flow/RicciFlow/Evolution/Curvature/Derivatives/SwapRegularity.lean:302:25: `if_true` has been deprecated: Use `ite_true` instead
⚠ [10415/10605] Replayed DifferentialGeometry.Geometry.Flow.RicciFlow.Compactness.Shi.Local
warning: DifferentialGeometry/Geometry/Flow/RicciFlow/Compactness/Shi/Local.lean:270:19: `if_pos` has been deprecated: Use `ite_eq_left` instead
warning: DifferentialGeometry/Geometry/Flow/RicciFlow/Compactness/Shi/Local.lean:273:19: `if_neg` has been deprecated: Use `ite_eq_right` instead
warning: DifferentialGeometry/Geometry/Flow/RicciFlow/Compactness/Shi/Local.lean:276:22: `if_pos` has been deprecated: Use `ite_eq_left` instead
warning: DifferentialGeometry/Geometry/Flow/RicciFlow/Compactness/Shi/Local.lean:279:22: `if_neg` has been deprecated: Use `ite_eq_right` instead
⚠ [10421/10605] Replayed DifferentialGeometry.Geometry.Flow.RicciFlow.Estimates.FiniteTime.Solution
warning: DifferentialGeometry/Geometry/Flow/RicciFlow/Estimates/FiniteTime/Solution.lean:216:8: `dif_pos` has been deprecated: Use `dite_eq_left` instead
⚠ [10445/10605] Replayed DifferentialGeometry.Analysis.Sobolev.Embedding.SobolevEmbeddingReverseOrderPeeling
warning: DifferentialGeometry/Analysis/Sobolev/Embedding/SobolevEmbeddingReverseOrderPeeling.lean:48:42: `if_neg` has been deprecated: Use `ite_eq_right` instead
⚠ [10454/10605] Replayed DifferentialGeometry.Geometry.Curvature.CovGradRoughLap.MovingFrameRemainderCarrierSection
warning: DifferentialGeometry/Geometry/Curvature/CovGradRoughLap/MovingFrameRemainderCarrierSection.lean:56:11: `if_pos` has been deprecated: Use `ite_eq_left` instead
warning: DifferentialGeometry/Geometry/Curvature/CovGradRoughLap/MovingFrameRemainderCarrierSection.lean:57:25: `if_neg` has been deprecated: Use `ite_eq_right` instead
warning: DifferentialGeometry/Geometry/Curvature/CovGradRoughLap/MovingFrameRemainderCarrierSection.lean:77:19: `if_pos` has been deprecated: Use `ite_eq_left` instead
warning: DifferentialGeometry/Geometry/Curvature/CovGradRoughLap/MovingFrameRemainderCarrierSection.lean:78:34: `if_neg` has been deprecated: Use `ite_eq_right` instead
⚠ [10461/10605] Replayed DifferentialGeometry.Geometry.Curvature.CovGradRoughLap.MovingFrameGenuineFieldFiberEnergy
warning: DifferentialGeometry/Geometry/Curvature/CovGradRoughLap/MovingFrameGenuineFieldFiberEnergy.lean:69:11: `if_pos` has been deprecated: Use `ite_eq_left` instead
warning: DifferentialGeometry/Geometry/Curvature/CovGradRoughLap/MovingFrameGenuineFieldFiberEnergy.lean:70:25: `if_neg` has been deprecated: Use `ite_eq_right` instead
warning: DifferentialGeometry/Geometry/Curvature/CovGradRoughLap/MovingFrameGenuineFieldFiberEnergy.lean:152:21: `if_pos` has been deprecated: Use `ite_eq_left` instead
warning: DifferentialGeometry/Geometry/Curvature/CovGradRoughLap/MovingFrameGenuineFieldFiberEnergy.lean:154:20: `if_neg` has been deprecated: Use `ite_eq_right` instead
warning: DifferentialGeometry/Geometry/Curvature/CovGradRoughLap/MovingFrameGenuineFieldFiberEnergy.lean:376:11: `if_pos` has been deprecated: Use `ite_eq_left` instead
warning: DifferentialGeometry/Geometry/Curvature/CovGradRoughLap/MovingFrameGenuineFieldFiberEnergy.lean:583:76: `if_pos` has been deprecated: Use `ite_eq_left` instead
warning: DifferentialGeometry/Geometry/Curvature/CovGradRoughLap/MovingFrameGenuineFieldFiberEnergy.lean:648:64: `if_pos` has been deprecated: Use `ite_eq_left` instead
⚠ [10462/10605] Replayed DifferentialGeometry.Analysis.Elliptic.ConnectionLaplacian.RiemannianFiberNormSq.CovGradBundleEquivFiberNormFrameSum
warning: DifferentialGeometry/Analysis/Elliptic/ConnectionLaplacian/RiemannianFiberNormSq/CovGradBundleEquivFiberNormFrameSum.lean:55:11: `if_pos` has been deprecated: Use `ite_eq_left` instead
warning: DifferentialGeometry/Analysis/Elliptic/ConnectionLaplacian/RiemannianFiberNormSq/CovGradBundleEquivFiberNormFrameSum.lean:56:25: `if_neg` has been deprecated: Use `ite_eq_right` instead
warning: DifferentialGeometry/Analysis/Elliptic/ConnectionLaplacian/RiemannianFiberNormSq/CovGradBundleEquivFiberNormFrameSum.lean:306:28: `if_pos` has been deprecated: Use `ite_eq_left` instead
⚠ [10463/10605] Replayed DifferentialGeometry.Geometry.Curvature.FiberNormParseval.SlotSubstitutionFiberNormBound
warning: DifferentialGeometry/Geometry/Curvature/FiberNormParseval/SlotSubstitutionFiberNormBound.lean:204:19: `if_pos` has been deprecated: Use `ite_eq_left` instead
warning: DifferentialGeometry/Geometry/Curvature/FiberNormParseval/SlotSubstitutionFiberNormBound.lean:205:33: `if_neg` has been deprecated: Use `ite_eq_right` instead
⚠ [10465/10605] Replayed DifferentialGeometry.Analysis.Elliptic.ConnectionLaplacian.RiemannianFiberNormSq.UniformDiffCurvatureNormBound
warning: DifferentialGeometry/Analysis/Elliptic/ConnectionLaplacian/RiemannianFiberNormSq/UniformDiffCurvatureNormBound.lean:938:8: `if_pos` has been deprecated: Use `ite_eq_left` instead
warning: DifferentialGeometry/Analysis/Elliptic/ConnectionLaplacian/RiemannianFiberNormSq/UniformDiffCurvatureNormBound.lean:946:8: `if_pos` has been deprecated: Use `ite_eq_left` instead
⚠ [10466/10605] Replayed DifferentialGeometry.Geometry.Curvature.Bochner.PointwiseTensorCurvFirstOrderBound
warning: DifferentialGeometry/Geometry/Curvature/Bochner/PointwiseTensorCurvFirstOrderBound.lean:1145:74: `if_pos` has been deprecated: Use `ite_eq_left` instead
warning: DifferentialGeometry/Geometry/Curvature/Bochner/PointwiseTensorCurvFirstOrderBound.lean:1148:74: `if_pos` has been deprecated: Use `ite_eq_left` instead
warning: DifferentialGeometry/Geometry/Curvature/Bochner/PointwiseTensorCurvFirstOrderBound.lean:1862:6: `if_pos` has been deprecated: Use `ite_eq_left` instead
warning: DifferentialGeometry/Geometry/Curvature/Bochner/PointwiseTensorCurvFirstOrderBound.lean:1862:6: `if_pos` has been deprecated: Use `ite_eq_left` instead
⚠ [10469/10605] Replayed DifferentialGeometry.Analysis.Spectral.Tensor.CovGrad.HomFieldActionIteratedCovGradWindow
warning: DifferentialGeometry/Analysis/Spectral/Tensor/CovGrad/HomFieldActionIteratedCovGradWindow.lean:115:12: `if_neg` has been deprecated: Use `ite_eq_right` instead
warning: DifferentialGeometry/Analysis/Spectral/Tensor/CovGrad/HomFieldActionIteratedCovGradWindow.lean:117:12: `if_pos` has been deprecated: Use `ite_eq_left` instead
⚠ [10470/10605] Replayed DifferentialGeometry.Analysis.Elliptic.TensorRegularity.SecondCovDerivExpansion.SecondCovDerivChartProjEuclidGlobal
warning: DifferentialGeometry/Analysis/Elliptic/TensorRegularity/SecondCovDerivExpansion/SecondCovDerivChartProjEuclidGlobal.lean:86:20: `if_true` has been deprecated: Use `ite_true` instead
warning: DifferentialGeometry/Analysis/Elliptic/TensorRegularity/SecondCovDerivExpansion/SecondCovDerivChartProjEuclidGlobal.lean:89:20: `if_false` has been deprecated: Use `ite_false` instead
warning: DifferentialGeometry/Analysis/Elliptic/TensorRegularity/SecondCovDerivExpansion/SecondCovDerivChartProjEuclidGlobal.lean:98:20: `if_true` has been deprecated: Use `ite_true` instead
warning: DifferentialGeometry/Analysis/Elliptic/TensorRegularity/SecondCovDerivExpansion/SecondCovDerivChartProjEuclidGlobal.lean:101:20: `if_false` has been deprecated: Use `ite_false` instead
⚠ [10473/10605] Replayed DifferentialGeometry.Analysis.Elliptic.ConnectionLaplacian.ChartCoordinateExpansion.CovApplyFrameToCoordExpansion
warning: DifferentialGeometry/Analysis/Elliptic/ConnectionLaplacian/ChartCoordinateExpansion/CovApplyFrameToCoordExpansion.lean:62:6: `dif_pos` has been deprecated: Use `dite_eq_left` instead
⚠ [10474/10605] Replayed DifferentialGeometry.Analysis.Elliptic.TensorRegularity.ChartPullbackSmoothness.ChartFrameCoordMatrixPullback
warning: DifferentialGeometry/Analysis/Elliptic/TensorRegularity/ChartPullbackSmoothness/ChartFrameCoordMatrixPullback.lean:110:43: This simp argument is unused:
  ContinuousLinearEquiv.coe_mk

Hint: Omit it from the simp argument list.
  [apply] simp only [NormedSpace.fromTangentSpace]

Note: This linter can be disabled with `set_option linter.unusedSimpArgs false`
⚠ [10476/10605] Replayed DifferentialGeometry.Analysis.Elliptic.ConnectionLaplacian.ChartCoordinateExpansion.ChartFrameTraceΓCorrectionT0Linear
warning: DifferentialGeometry/Analysis/Elliptic/ConnectionLaplacian/ChartCoordinateExpansion/ChartFrameTraceΓCorrectionT0Linear.lean:80:6: `dif_pos` has been deprecated: Use `dite_eq_left` instead
⚠ [10481/10605] Replayed DifferentialGeometry.Analysis.Elliptic.ConnectionLaplacian.ChartCoordinateExpansion.RawConnLapChartCoordFormulaT0Linear
warning: DifferentialGeometry/Analysis/Elliptic/ConnectionLaplacian/ChartCoordinateExpansion/RawConnLapChartCoordFormulaT0Linear.lean:402:22: `if_false` has been deprecated: Use `ite_false` instead
⚠ [10483/10605] Replayed DifferentialGeometry.Analysis.Sobolev.Embedding.RawConnLapToHsOrderDroppingCentredFrameInvGramExpansion
warning: DifferentialGeometry/Analysis/Sobolev/Embedding/RawConnLapToHsOrderDroppingCentredFrameInvGramExpansion.lean:86:6: `dif_pos` has been deprecated: Use `dite_eq_left` instead
warning: DifferentialGeometry/Analysis/Sobolev/Embedding/RawConnLapToHsOrderDroppingCentredFrameInvGramExpansion.lean:257:6: `dif_pos` has been deprecated: Use `dite_eq_left` instead
⚠ [10487/10605] Replayed DifferentialGeometry.Geometry.Curvature.Bochner.PointwiseTensorCurvFirstOrderFiber
warning: DifferentialGeometry/Geometry/Curvature/Bochner/PointwiseTensorCurvFirstOrderFiber.lean:59:11: `if_pos` has been deprecated: Use `ite_eq_left` instead
warning: DifferentialGeometry/Geometry/Curvature/Bochner/PointwiseTensorCurvFirstOrderFiber.lean:60:25: `if_neg` has been deprecated: Use `ite_eq_right` instead
warning: DifferentialGeometry/Geometry/Curvature/Bochner/PointwiseTensorCurvFirstOrderFiber.lean:80:19: `if_pos` has been deprecated: Use `ite_eq_left` instead
warning: DifferentialGeometry/Geometry/Curvature/Bochner/PointwiseTensorCurvFirstOrderFiber.lean:81:34: `if_neg` has been deprecated: Use `ite_eq_right` instead
⚠ [10497/10605] Replayed DifferentialGeometry.Analysis.Elliptic.ConnectionLaplacian.RiemannianFiberNormSq.RankRReadingDominationUniformSup
warning: DifferentialGeometry/Analysis/Elliptic/ConnectionLaplacian/RiemannianFiberNormSq/RankRReadingDominationUniformSup.lean:105:53: `if_neg` has been deprecated: Use `ite_eq_right` instead
warning: DifferentialGeometry/Analysis/Elliptic/ConnectionLaplacian/RiemannianFiberNormSq/RankRReadingDominationUniformSup.lean:107:9: `if_pos` has been deprecated: Use `ite_eq_left` instead
⚠ [10504/10605] Replayed DifferentialGeometry.Analysis.Elliptic.ConnectionLaplacian.GreenIdentityAndIBP.TensorDirichletCurrentGreenIdentityRS
warning: DifferentialGeometry/Analysis/Elliptic/ConnectionLaplacian/GreenIdentityAndIBP/TensorDirichletCurrentGreenIdentityRS.lean:468:10: `if_pos` has been deprecated: Use `ite_eq_left` instead
warning: DifferentialGeometry/Analysis/Elliptic/ConnectionLaplacian/GreenIdentityAndIBP/TensorDirichletCurrentGreenIdentityRS.lean:471:10: `if_neg` has been deprecated: Use `ite_eq_right` instead
⚠ [10507/10605] Replayed DifferentialGeometry.Geometry.Curvature.CovGradRoughLap.GagliardoNirenbergLpFiberNormCovGradFrameSum
warning: DifferentialGeometry/Geometry/Curvature/CovGradRoughLap/GagliardoNirenbergLpFiberNormCovGradFrameSum.lean:101:53: `if_neg` has been deprecated: Use `ite_eq_right` instead
warning: DifferentialGeometry/Geometry/Curvature/CovGradRoughLap/GagliardoNirenbergLpFiberNormCovGradFrameSum.lean:103:9: `if_pos` has been deprecated: Use `ite_eq_left` instead
warning: DifferentialGeometry/Geometry/Curvature/CovGradRoughLap/GagliardoNirenbergLpFiberNormCovGradFrameSum.lean:237:28: `if_pos` has been deprecated: Use `ite_eq_left` instead
⚠ [10511/10605] Replayed DifferentialGeometry.Analysis.Sobolev.GagliardoNirenbergLpFiberNormGeneralValence
warning: DifferentialGeometry/Analysis/Sobolev/GagliardoNirenbergLpFiberNormGeneralValence.lean:129:38: `if_neg` has been deprecated: Use `ite_eq_right` instead
warning: DifferentialGeometry/Analysis/Sobolev/GagliardoNirenbergLpFiberNormGeneralValence.lean:129:68: `if_true` has been deprecated: Use `ite_true` instead
warning: DifferentialGeometry/Analysis/Sobolev/GagliardoNirenbergLpFiberNormGeneralValence.lean:156:38: `if_neg` has been deprecated: Use `ite_eq_right` instead
warning: DifferentialGeometry/Analysis/Sobolev/GagliardoNirenbergLpFiberNormGeneralValence.lean:156:68: `if_neg` has been deprecated: Use `ite_eq_right` instead
warning: DifferentialGeometry/Analysis/Sobolev/GagliardoNirenbergLpFiberNormGeneralValence.lean:192:52: `if_pos` has been deprecated: Use `ite_eq_left` instead
warning: DifferentialGeometry/Analysis/Sobolev/GagliardoNirenbergLpFiberNormGeneralValence.lean:281:44: `if_pos` has been deprecated: Use `ite_eq_left` instead
warning: DifferentialGeometry/Analysis/Sobolev/GagliardoNirenbergLpFiberNormGeneralValence.lean:285:44: `if_neg` has been deprecated: Use `ite_eq_right` instead
warning: DifferentialGeometry/Analysis/Sobolev/GagliardoNirenbergLpFiberNormGeneralValence.lean:285:74: `if_true` has been deprecated: Use `ite_true` instead
warning: DifferentialGeometry/Analysis/Sobolev/GagliardoNirenbergLpFiberNormGeneralValence.lean:290:44: `if_neg` has been deprecated: Use `ite_eq_right` instead
warning: DifferentialGeometry/Analysis/Sobolev/GagliardoNirenbergLpFiberNormGeneralValence.lean:290:74: `if_neg` has been deprecated: Use `ite_eq_right` instead
⚠ [10512/10605] Replayed DifferentialGeometry.Analysis.Sobolev.GagliardoNirenbergLpFiberNorm
warning: DifferentialGeometry/Analysis/Sobolev/GagliardoNirenbergLpFiberNorm.lean:1922:35: `if_neg` has been deprecated: Use `ite_eq_right` instead
warning: DifferentialGeometry/Analysis/Sobolev/GagliardoNirenbergLpFiberNorm.lean:1922:65: `if_true` has been deprecated: Use `ite_true` instead
warning: DifferentialGeometry/Analysis/Sobolev/GagliardoNirenbergLpFiberNorm.lean:1952:35: `if_neg` has been deprecated: Use `ite_eq_right` instead
warning: DifferentialGeometry/Analysis/Sobolev/GagliardoNirenbergLpFiberNorm.lean:1952:65: `if_neg` has been deprecated: Use `ite_eq_right` instead
warning: DifferentialGeometry/Analysis/Sobolev/GagliardoNirenbergLpFiberNorm.lean:1995:49: `if_pos` has been deprecated: Use `ite_eq_left` instead
warning: DifferentialGeometry/Analysis/Sobolev/GagliardoNirenbergLpFiberNorm.lean:2080:41: `if_pos` has been deprecated: Use `ite_eq_left` instead
warning: DifferentialGeometry/Analysis/Sobolev/GagliardoNirenbergLpFiberNorm.lean:2084:41: `if_neg` has been deprecated: Use `ite_eq_right` instead
warning: DifferentialGeometry/Analysis/Sobolev/GagliardoNirenbergLpFiberNorm.lean:2084:71: `if_true` has been deprecated: Use `ite_true` instead
warning: DifferentialGeometry/Analysis/Sobolev/GagliardoNirenbergLpFiberNorm.lean:2091:41: `if_neg` has been deprecated: Use `ite_eq_right` instead
warning: DifferentialGeometry/Analysis/Sobolev/GagliardoNirenbergLpFiberNorm.lean:2091:71: `if_neg` has been deprecated: Use `ite_eq_right` instead
⚠ [10513/10605] Replayed DifferentialGeometry.Analysis.Sobolev.GagliardoNirenbergProductTwoArm
warning: DifferentialGeometry/Analysis/Sobolev/GagliardoNirenbergProductTwoArm.lean:389:27: `dif_pos` has been deprecated: Use `dite_eq_left` instead
warning: DifferentialGeometry/Analysis/Sobolev/GagliardoNirenbergProductTwoArm.lean:392:27: `dif_pos` has been deprecated: Use `dite_eq_left` instead
warning: DifferentialGeometry/Analysis/Sobolev/GagliardoNirenbergProductTwoArm.lean:1022:27: `dif_pos` has been deprecated: Use `dite_eq_left` instead
warning: DifferentialGeometry/Analysis/Sobolev/GagliardoNirenbergProductTwoArm.lean:1025:27: `dif_pos` has been deprecated: Use `dite_eq_left` instead
⚠ [10515/10605] Replayed DifferentialGeometry.Analysis.Spectral.Tensor.CovGrad.OperatorFieldApplicationDropIteratedGrid
warning: DifferentialGeometry/Analysis/Spectral/Tensor/CovGrad/OperatorFieldApplicationDropIteratedGrid.lean:272:8: `if_neg` has been deprecated: Use `ite_eq_right` instead
warning: DifferentialGeometry/Analysis/Spectral/Tensor/CovGrad/OperatorFieldApplicationDropIteratedGrid.lean:274:8: `if_pos` has been deprecated: Use `ite_eq_left` instead
warning: DifferentialGeometry/Analysis/Spectral/Tensor/CovGrad/OperatorFieldApplicationDropIteratedGrid.lean:436:12: `if_neg` has been deprecated: Use `ite_eq_right` instead
warning: DifferentialGeometry/Analysis/Spectral/Tensor/CovGrad/OperatorFieldApplicationDropIteratedGrid.lean:438:12: `if_pos` has been deprecated: Use `ite_eq_left` instead
⚠ [10516/10605] Replayed DifferentialGeometry.Analysis.Spectral.Tensor.CovGrad.IteratedOperatorFieldApplicationLeibniz
warning: DifferentialGeometry/Analysis/Spectral/Tensor/CovGrad/IteratedOperatorFieldApplicationLeibniz.lean:173:12: `if_neg` has been deprecated: Use `ite_eq_right` instead
warning: DifferentialGeometry/Analysis/Spectral/Tensor/CovGrad/IteratedOperatorFieldApplicationLeibniz.lean:175:12: `if_pos` has been deprecated: Use `ite_eq_left` instead
⚠ [10518/10605] Replayed DifferentialGeometry.Analysis.Spectral.Tensor.CovGrad.OperatorFieldFibreNormJet
warning: DifferentialGeometry/Analysis/Spectral/Tensor/CovGrad/OperatorFieldFibreNormJet.lean:62:53: `if_neg` has been deprecated: Use `ite_eq_right` instead
warning: DifferentialGeometry/Analysis/Spectral/Tensor/CovGrad/OperatorFieldFibreNormJet.lean:64:9: `if_pos` has been deprecated: Use `ite_eq_left` instead
warning: DifferentialGeometry/Analysis/Spectral/Tensor/CovGrad/OperatorFieldFibreNormJet.lean:154:10: `if_pos` has been deprecated: Use `ite_eq_left` instead
warning: DifferentialGeometry/Analysis/Spectral/Tensor/CovGrad/OperatorFieldFibreNormJet.lean:154:20: `if_pos` has been deprecated: Use `ite_eq_left` instead
warning: DifferentialGeometry/Analysis/Spectral/Tensor/CovGrad/OperatorFieldFibreNormJet.lean:155:10: `if_neg` has been deprecated: Use `ite_eq_right` instead
warning: DifferentialGeometry/Analysis/Spectral/Tensor/CovGrad/OperatorFieldFibreNormJet.lean:155:20: `if_neg` has been deprecated: Use `ite_eq_right` instead
warning: DifferentialGeometry/Analysis/Spectral/Tensor/CovGrad/OperatorFieldFibreNormJet.lean:190:10: `if_pos` has been deprecated: Use `ite_eq_left` instead
warning: DifferentialGeometry/Analysis/Spectral/Tensor/CovGrad/OperatorFieldFibreNormJet.lean:191:10: `if_neg` has been deprecated: Use `ite_eq_right` instead
warning: DifferentialGeometry/Analysis/Spectral/Tensor/CovGrad/OperatorFieldFibreNormJet.lean:222:8: `if_pos` has been deprecated: Use `ite_eq_left` instead
warning: DifferentialGeometry/Analysis/Spectral/Tensor/CovGrad/OperatorFieldFibreNormJet.lean:1371:28: `if_pos` has been deprecated: Use `ite_eq_left` instead
warning: DifferentialGeometry/Analysis/Spectral/Tensor/CovGrad/OperatorFieldFibreNormJet.lean:1392:28: `if_neg` has been deprecated: Use `ite_eq_right` instead
warning: DifferentialGeometry/Analysis/Spectral/Tensor/CovGrad/OperatorFieldFibreNormJet.lean:1676:18: `if_pos` has been deprecated: Use `ite_eq_left` instead
warning: DifferentialGeometry/Analysis/Spectral/Tensor/CovGrad/OperatorFieldFibreNormJet.lean:1786:12: `if_neg` has been deprecated: Use `ite_eq_right` instead
⚠ [10528/10605] Replayed DifferentialGeometry.Analysis.Spectral.Tensor.SmoothSection.SmoothTensorAllOrderCompleteness
warning: DifferentialGeometry/Analysis/Spectral/Tensor/SmoothSection/SmoothTensorAllOrderCompleteness.lean:854:8: `if_pos` has been deprecated: Use `ite_eq_left` instead
warning: DifferentialGeometry/Analysis/Spectral/Tensor/SmoothSection/SmoothTensorAllOrderCompleteness.lean:859:8: `if_neg` has been deprecated: Use `ite_eq_right` instead
warning: DifferentialGeometry/Analysis/Spectral/Tensor/SmoothSection/SmoothTensorAllOrderCompleteness.lean:1154:20: `if_pos` has been deprecated: Use `ite_eq_left` instead
warning: DifferentialGeometry/Analysis/Spectral/Tensor/SmoothSection/SmoothTensorAllOrderCompleteness.lean:1225:22: `if_neg` has been deprecated: Use `ite_eq_right` instead
warning: DifferentialGeometry/Analysis/Spectral/Tensor/SmoothSection/SmoothTensorAllOrderCompleteness.lean:1314:19: `if_pos` has been deprecated: Use `ite_eq_left` instead
warning: DifferentialGeometry/Analysis/Spectral/Tensor/SmoothSection/SmoothTensorAllOrderCompleteness.lean:1315:19: `if_neg` has been deprecated: Use `ite_eq_right` instead
warning: DifferentialGeometry/Analysis/Spectral/Tensor/SmoothSection/SmoothTensorAllOrderCompleteness.lean:1398:14: `if_pos` has been deprecated: Use `ite_eq_left` instead
warning: DifferentialGeometry/Analysis/Spectral/Tensor/SmoothSection/SmoothTensorAllOrderCompleteness.lean:1399:14: `if_neg` has been deprecated: Use `ite_eq_right` instead
warning: DifferentialGeometry/Analysis/Spectral/Tensor/SmoothSection/SmoothTensorAllOrderCompleteness.lean:1461:12: `if_pos` has been deprecated: Use `ite_eq_left` instead
⚠ [10547/10605] Replayed DifferentialGeometry.Analysis.Elliptic.ConnectionLaplacian.RiemannianFiberNormSq.MetricArmCoeffJetTowerSlotInsertEndoFibNormBound
warning: DifferentialGeometry/Analysis/Elliptic/ConnectionLaplacian/RiemannianFiberNormSq/MetricArmCoeffJetTowerSlotInsertEndoFibNormBound.lean:98:22: `if_true` has been deprecated: Use `ite_true` instead
warning: DifferentialGeometry/Analysis/Elliptic/ConnectionLaplacian/RiemannianFiberNormSq/MetricArmCoeffJetTowerSlotInsertEndoFibNormBound.lean:99:22: `if_false` has been deprecated: Use `ite_false` instead
warning: DifferentialGeometry/Analysis/Elliptic/ConnectionLaplacian/RiemannianFiberNormSq/MetricArmCoeffJetTowerSlotInsertEndoFibNormBound.lean:231:12: `if_pos` has been deprecated: Use `ite_eq_left` instead
warning: DifferentialGeometry/Analysis/Elliptic/ConnectionLaplacian/RiemannianFiberNormSq/MetricArmCoeffJetTowerSlotInsertEndoFibNormBound.lean:234:30: `if_pos` has been deprecated: Use `ite_eq_left` instead
warning: DifferentialGeometry/Analysis/Elliptic/ConnectionLaplacian/RiemannianFiberNormSq/MetricArmCoeffJetTowerSlotInsertEndoFibNormBound.lean:235:12: `if_neg` has been deprecated: Use `ite_eq_right` instead
warning: DifferentialGeometry/Analysis/Elliptic/ConnectionLaplacian/RiemannianFiberNormSq/MetricArmCoeffJetTowerSlotInsertEndoFibNormBound.lean:241:36: `if_neg` has been deprecated: Use `ite_eq_right` instead
⚠ [10548/10605] Replayed DifferentialGeometry.Analysis.Sobolev.TensorHilbert.MetricArmCoeffJetTowerArmSlotFibNormBound
warning: DifferentialGeometry/Analysis/Sobolev/TensorHilbert/MetricArmCoeffJetTowerArmSlotFibNormBound.lean:276:12: `if_pos` has been deprecated: Use `ite_eq_left` instead
warning: DifferentialGeometry/Analysis/Sobolev/TensorHilbert/MetricArmCoeffJetTowerArmSlotFibNormBound.lean:279:30: `if_pos` has been deprecated: Use `ite_eq_left` instead
warning: DifferentialGeometry/Analysis/Sobolev/TensorHilbert/MetricArmCoeffJetTowerArmSlotFibNormBound.lean:280:12: `if_neg` has been deprecated: Use `ite_eq_right` instead
warning: DifferentialGeometry/Analysis/Sobolev/TensorHilbert/MetricArmCoeffJetTowerArmSlotFibNormBound.lean:287:42: `if_neg` has been deprecated: Use `ite_eq_right` instead
⚠ [10550/10605] Replayed DifferentialGeometry.Analysis.Sobolev.TensorHilbert.MetricInverseDifferenceSlotCoefficient
warning: DifferentialGeometry/Analysis/Sobolev/TensorHilbert/MetricInverseDifferenceSlotCoefficient.lean:799:26: `if_true` has been deprecated: Use `ite_true` instead
warning: DifferentialGeometry/Analysis/Sobolev/TensorHilbert/MetricInverseDifferenceSlotCoefficient.lean:799:35: `if_neg` has been deprecated: Use `ite_eq_right` instead
⚠ [10553/10605] Replayed DifferentialGeometry.Analysis.Sobolev.TensorHilbert.MetricArmCoeffPassZero
warning: DifferentialGeometry/Analysis/Sobolev/TensorHilbert/MetricArmCoeffPassZero.lean:264:30: `if_pos` has been deprecated: Use `ite_eq_left` instead
warning: DifferentialGeometry/Analysis/Sobolev/TensorHilbert/MetricArmCoeffPassZero.lean:270:52: `if_neg` has been deprecated: Use `ite_eq_right` instead
⚠ [10556/10605] Replayed DifferentialGeometry.Analysis.Spectral.Tensor.CovGrad.ConnectionDifferenceJetTower
warning: DifferentialGeometry/Analysis/Spectral/Tensor/CovGrad/ConnectionDifferenceJetTower.lean:711:44: `if_true` has been deprecated: Use `ite_true` instead
warning: DifferentialGeometry/Analysis/Spectral/Tensor/CovGrad/ConnectionDifferenceJetTower.lean:714:44: `if_neg` has been deprecated: Use `ite_eq_right` instead
warning: DifferentialGeometry/Analysis/Spectral/Tensor/CovGrad/ConnectionDifferenceJetTower.lean:727:29: `if_true` has been deprecated: Use `ite_true` instead
warning: DifferentialGeometry/Analysis/Spectral/Tensor/CovGrad/ConnectionDifferenceJetTower.lean:729:29: `if_neg` has been deprecated: Use `ite_eq_right` instead
warning: DifferentialGeometry/Analysis/Spectral/Tensor/CovGrad/ConnectionDifferenceJetTower.lean:749:29: `if_true` has been deprecated: Use `ite_true` instead
warning: DifferentialGeometry/Analysis/Spectral/Tensor/CovGrad/ConnectionDifferenceJetTower.lean:751:29: `if_neg` has been deprecated: Use `ite_eq_right` instead
warning: DifferentialGeometry/Analysis/Spectral/Tensor/CovGrad/ConnectionDifferenceJetTower.lean:976:29: `if_true` has been deprecated: Use `ite_true` instead
warning: DifferentialGeometry/Analysis/Spectral/Tensor/CovGrad/ConnectionDifferenceJetTower.lean:991:29: `if_neg` has been deprecated: Use `ite_eq_right` instead
warning: DifferentialGeometry/Analysis/Spectral/Tensor/CovGrad/ConnectionDifferenceJetTower.lean:1540:27: `if_true` has been deprecated: Use `ite_true` instead
warning: DifferentialGeometry/Analysis/Spectral/Tensor/CovGrad/ConnectionDifferenceJetTower.lean:1546:27: `if_neg` has been deprecated: Use `ite_eq_right` instead
⚠ [10566/10605] Replayed DifferentialGeometry.Analysis.Spectral.Tensor.CovGrad.ConnectionDifferenceArmRiemannianFiberNormSqBound
warning: DifferentialGeometry/Analysis/Spectral/Tensor/CovGrad/ConnectionDifferenceArmRiemannianFiberNormSqBound.lean:1941:26: `if_pos` has been deprecated: Use `ite_eq_left` instead
warning: DifferentialGeometry/Analysis/Spectral/Tensor/CovGrad/ConnectionDifferenceArmRiemannianFiberNormSqBound.lean:1967:26: `if_neg` has been deprecated: Use `ite_eq_right` instead
⚠ [10568/10605] Replayed DifferentialGeometry.Analysis.Spectral.Tensor.CovGrad.CovDerivConnectionDifferenceQuadraticBound
warning: DifferentialGeometry/Analysis/Spectral/Tensor/CovGrad/CovDerivConnectionDifferenceQuadraticBound.lean:93:10: `if_pos` has been deprecated: Use `ite_eq_left` instead
warning: DifferentialGeometry/Analysis/Spectral/Tensor/CovGrad/CovDerivConnectionDifferenceQuadraticBound.lean:94:10: `if_neg` has been deprecated: Use `ite_eq_right` instead
⚠ [10572/10605] Replayed DifferentialGeometry.Analysis.Spectral.Tensor.CovGrad.PerturbedCurvatureFrameComponentBound
warning: DifferentialGeometry/Analysis/Spectral/Tensor/CovGrad/PerturbedCurvatureFrameComponentBound.lean:96:53: `if_neg` has been deprecated: Use `ite_eq_right` instead
warning: DifferentialGeometry/Analysis/Spectral/Tensor/CovGrad/PerturbedCurvatureFrameComponentBound.lean:98:9: `if_pos` has been deprecated: Use `ite_eq_left` instead
⚠ [10583/10605] Replayed DifferentialGeometry.Analysis.Spectral.Tensor.CovGrad.RaisedKoszulCovariantJetTower
warning: DifferentialGeometry/Analysis/Spectral/Tensor/CovGrad/RaisedKoszulCovariantJetTower.lean:129:53: `if_neg` has been deprecated: Use `ite_eq_right` instead
warning: DifferentialGeometry/Analysis/Spectral/Tensor/CovGrad/RaisedKoszulCovariantJetTower.lean:131:9: `if_pos` has been deprecated: Use `ite_eq_left` instead
⚠ [10584/10605] Replayed DifferentialGeometry.Analysis.Spectral.Tensor.CovGrad.RecoveryEndomorphismJetBound
warning: DifferentialGeometry/Analysis/Spectral/Tensor/CovGrad/RecoveryEndomorphismJetBound.lean:341:29: `if_true` has been deprecated: Use `ite_true` instead
warning: DifferentialGeometry/Analysis/Spectral/Tensor/CovGrad/RecoveryEndomorphismJetBound.lean:343:29: `if_neg` has been deprecated: Use `ite_eq_right` instead
⚠ [10585/10605] Replayed DifferentialGeometry.Analysis.Spectral.Tensor.CovGrad.MetricComparisonEndomorphismJetBound
warning: DifferentialGeometry/Analysis/Spectral/Tensor/CovGrad/MetricComparisonEndomorphismJetBound.lean:144:15: `if_neg` has been deprecated: Use `ite_eq_right` instead
warning: DifferentialGeometry/Analysis/Spectral/Tensor/CovGrad/MetricComparisonEndomorphismJetBound.lean:240:12: `if_pos` has been deprecated: Use `ite_eq_left` instead
warning: DifferentialGeometry/Analysis/Spectral/Tensor/CovGrad/MetricComparisonEndomorphismJetBound.lean:309:12: `if_neg` has been deprecated: Use `ite_eq_right` instead
⚠ [10586/10605] Replayed DifferentialGeometry.Analysis.Spectral.Intrinsic.DeTurck.DeTurckRemainderHigherOrderTame
warning: DifferentialGeometry/Analysis/Spectral/Intrinsic/DeTurck/DeTurckRemainderHigherOrderTame.lean:388:27: `dif_pos` has been deprecated: Use `dite_eq_left` instead
warning: DifferentialGeometry/Analysis/Spectral/Intrinsic/DeTurck/DeTurckRemainderHigherOrderTame.lean:391:27: `dif_pos` has been deprecated: Use `dite_eq_left` instead
⚠ [10590/10605] Replayed DifferentialGeometry.Analysis.Sobolev.TensorHilbert.RemainderCoeffPerOrderJetEnvelopes
warning: DifferentialGeometry/Analysis/Sobolev/TensorHilbert/RemainderCoeffPerOrderJetEnvelopes.lean:577:32: `dif_pos` has been deprecated: Use `dite_eq_left` instead
warning: DifferentialGeometry/Analysis/Sobolev/TensorHilbert/RemainderCoeffPerOrderJetEnvelopes.lean:1144:14: `if_pos` has been deprecated: Use `ite_eq_left` instead
warning: DifferentialGeometry/Analysis/Sobolev/TensorHilbert/RemainderCoeffPerOrderJetEnvelopes.lean:1532:27: `dif_pos` has been deprecated: Use `dite_eq_left` instead
warning: DifferentialGeometry/Analysis/Sobolev/TensorHilbert/RemainderCoeffPerOrderJetEnvelopes.lean:1536:27: `dif_pos` has been deprecated: Use `dite_eq_left` instead
⚠ [10593/10605] Replayed DifferentialGeometry.Analysis.Spectral.Tensor.CovGrad.CurvatureCoefficientDifferenceJetTower.Grid
warning: DifferentialGeometry/Analysis/Spectral/Tensor/CovGrad/CurvatureCoefficientDifferenceJetTower/Grid.lean:741:32: `dif_pos` has been deprecated: Use `dite_eq_left` instead
⚠ [10595/10605] Replayed DifferentialGeometry.Analysis.Spectral.Tensor.CovGrad.CurvatureCoefficientDifferenceJetTower.Palatini
warning: DifferentialGeometry/Analysis/Spectral/Tensor/CovGrad/CurvatureCoefficientDifferenceJetTower/Palatini.lean:100:10: `if_pos` has been deprecated: Use `ite_eq_left` instead
warning: DifferentialGeometry/Analysis/Spectral/Tensor/CovGrad/CurvatureCoefficientDifferenceJetTower/Palatini.lean:103:10: `if_neg` has been deprecated: Use `ite_eq_right` instead
warning: DifferentialGeometry/Analysis/Spectral/Tensor/CovGrad/CurvatureCoefficientDifferenceJetTower/Palatini.lean:838:53: `if_neg` has been deprecated: Use `ite_eq_right` instead
warning: DifferentialGeometry/Analysis/Spectral/Tensor/CovGrad/CurvatureCoefficientDifferenceJetTower/Palatini.lean:840:9: `if_pos` has been deprecated: Use `ite_eq_left` instead
warning: DifferentialGeometry/Analysis/Spectral/Tensor/CovGrad/CurvatureCoefficientDifferenceJetTower/Palatini.lean:906:29: `if_pos` has been deprecated: Use `ite_eq_left` instead
warning: DifferentialGeometry/Analysis/Spectral/Tensor/CovGrad/CurvatureCoefficientDifferenceJetTower/Palatini.lean:908:29: `if_pos` has been deprecated: Use `ite_eq_left` instead
warning: DifferentialGeometry/Analysis/Spectral/Tensor/CovGrad/CurvatureCoefficientDifferenceJetTower/Palatini.lean:1624:12: `if_pos` has been deprecated: Use `ite_eq_left` instead
warning: DifferentialGeometry/Analysis/Spectral/Tensor/CovGrad/CurvatureCoefficientDifferenceJetTower/Palatini.lean:1633:12: `if_neg` has been deprecated: Use `ite_eq_right` instead
warning: DifferentialGeometry/Analysis/Spectral/Tensor/CovGrad/CurvatureCoefficientDifferenceJetTower/Palatini.lean:1638:6: `if_pos` has been deprecated: Use `ite_eq_left` instead
⚠ [10597/10605] Replayed DifferentialGeometry.Analysis.Spectral.Tensor.CovGrad.CurvatureCoefficientDifferenceJetTower.TraceGrid
warning: DifferentialGeometry/Analysis/Spectral/Tensor/CovGrad/CurvatureCoefficientDifferenceJetTower/TraceGrid.lean:179:14: `if_pos` has been deprecated: Use `ite_eq_left` instead
warning: DifferentialGeometry/Analysis/Spectral/Tensor/CovGrad/CurvatureCoefficientDifferenceJetTower/TraceGrid.lean:214:14: `if_neg` has been deprecated: Use `ite_eq_right` instead
warning: DifferentialGeometry/Analysis/Spectral/Tensor/CovGrad/CurvatureCoefficientDifferenceJetTower/TraceGrid.lean:226:8: `if_pos` has been deprecated: Use `ite_eq_left` instead
⚠ [10598/10605] Replayed DifferentialGeometry.Analysis.Spectral.Tensor.CovGrad.CurvatureCoefficientDifferenceJetTower.Envelope
warning: DifferentialGeometry/Analysis/Spectral/Tensor/CovGrad/CurvatureCoefficientDifferenceJetTower/Envelope.lean:768:30: `dif_pos` has been deprecated: Use `dite_eq_left` instead
⚠ [10609/10743] Replayed DifferentialGeometry.Analysis.Spectral.Tensor.CovGrad.CurvatureCoefficientDifferenceJetTower.ResidualFlat
warning: DifferentialGeometry/Analysis/Spectral/Tensor/CovGrad/CurvatureCoefficientDifferenceJetTower/ResidualFlat.lean:97:15: `dif_pos` has been deprecated: Use `dite_eq_left` instead
⚠ [10621/10743] Replayed DifferentialGeometry.Analysis.Sobolev.TensorHilbert.DeTurckLieKernelL2JetBoundCoeffFieldOrderZeroPointwise
warning: DifferentialGeometry/Analysis/Sobolev/TensorHilbert/DeTurckLieKernelL2JetBoundCoeffFieldOrderZeroPointwise.lean:389:8: `if_pos` has been deprecated: Use `ite_eq_left` instead
warning: DifferentialGeometry/Analysis/Sobolev/TensorHilbert/DeTurckLieKernelL2JetBoundCoeffFieldOrderZeroPointwise.lean:433:8: `if_pos` has been deprecated: Use `ite_eq_left` instead
⚠ [10623/10743] Replayed DifferentialGeometry.Analysis.Sobolev.TensorHilbert.DeTurckLieKernelL2JetBoundLoweredKernelTensors
warning: DifferentialGeometry/Analysis/Sobolev/TensorHilbert/DeTurckLieKernelL2JetBoundLoweredKernelTensors.lean:421:10: `if_pos` has been deprecated: Use `ite_eq_left` instead
warning: DifferentialGeometry/Analysis/Sobolev/TensorHilbert/DeTurckLieKernelL2JetBoundLoweredKernelTensors.lean:424:10: `if_neg` has been deprecated: Use `ite_eq_right` instead
⚠ [10627/10743] Replayed DifferentialGeometry.Analysis.Sobolev.TensorHilbert.DeTurckLieKernelL2JetBoundRaisedKernelGrid
warning: DifferentialGeometry/Analysis/Sobolev/TensorHilbert/DeTurckLieKernelL2JetBoundRaisedKernelGrid.lean:502:29: `if_pos` has been deprecated: Use `ite_eq_left` instead
warning: DifferentialGeometry/Analysis/Sobolev/TensorHilbert/DeTurckLieKernelL2JetBoundRaisedKernelGrid.lean:504:29: `if_pos` has been deprecated: Use `ite_eq_left` instead
⚠ [10630/10743] Replayed DifferentialGeometry.Analysis.Parabolic.RicciLinearization.CurvatureDecompositionMonomialFibreNormBound
warning: DifferentialGeometry/Analysis/Parabolic/RicciLinearization/CurvatureDecompositionMonomialFibreNormBound.lean:99:8: `if_pos` has been deprecated: Use `ite_eq_left` instead
warning: DifferentialGeometry/Analysis/Parabolic/RicciLinearization/CurvatureDecompositionMonomialFibreNormBound.lean:452:49: `if_pos` has been deprecated: Use `ite_eq_left` instead
warning: DifferentialGeometry/Analysis/Parabolic/RicciLinearization/CurvatureDecompositionMonomialFibreNormBound.lean:454:8: `if_pos` has been deprecated: Use `ite_eq_left` instead
⚠ [10635/10743] Replayed DifferentialGeometry.Analysis.Parabolic.RicciLinearization.RicciArmResidualCoefficientFieldsBackgroundDifferenceDecomposition
warning: DifferentialGeometry/Analysis/Parabolic/RicciLinearization/RicciArmResidualCoefficientFieldsBackgroundDifferenceDecomposition.lean:161:11: `if_pos` has been deprecated: Use `ite_eq_left` instead
warning: DifferentialGeometry/Analysis/Parabolic/RicciLinearization/RicciArmResidualCoefficientFieldsBackgroundDifferenceDecomposition.lean:163:10: `if_neg` has been deprecated: Use `ite_eq_right` instead
warning: DifferentialGeometry/Analysis/Parabolic/RicciLinearization/RicciArmResidualCoefficientFieldsBackgroundDifferenceDecomposition.lean:192:10: `if_pos` has been deprecated: Use `ite_eq_left` instead
warning: DifferentialGeometry/Analysis/Parabolic/RicciLinearization/RicciArmResidualCoefficientFieldsBackgroundDifferenceDecomposition.lean:194:10: `if_neg` has been deprecated: Use `ite_eq_right` instead
⚠ [10638/10743] Replayed DifferentialGeometry.Analysis.Spectral.Tensor.CovGrad.MetricLoweredConnectionDifferenceCoefficient
warning: DifferentialGeometry/Analysis/Spectral/Tensor/CovGrad/MetricLoweredConnectionDifferenceCoefficient.lean:375:29: `if_true` has been deprecated: Use `ite_true` instead
⚠ [10639/10743] Replayed DifferentialGeometry.Analysis.Sobolev.TensorHilbert.RicciArmResidualFieldGridWindowGInvQuadResidual
warning: DifferentialGeometry/Analysis/Sobolev/TensorHilbert/RicciArmResidualFieldGridWindowGInvQuadResidual.lean:133:11: `if_pos` has been deprecated: Use `ite_eq_left` instead
warning: DifferentialGeometry/Analysis/Sobolev/TensorHilbert/RicciArmResidualFieldGridWindowGInvQuadResidual.lean:135:10: `if_neg` has been deprecated: Use `ite_eq_right` instead
warning: DifferentialGeometry/Analysis/Sobolev/TensorHilbert/RicciArmResidualFieldGridWindowGInvQuadResidual.lean:163:10: `if_pos` has been deprecated: Use `ite_eq_left` instead
warning: DifferentialGeometry/Analysis/Sobolev/TensorHilbert/RicciArmResidualFieldGridWindowGInvQuadResidual.lean:165:10: `if_neg` has been deprecated: Use `ite_eq_right` instead
⚠ [10641/10743] Replayed DifferentialGeometry.Analysis.Sobolev.TensorHilbert.RicciArmResidualFieldGridWindowBackgroundDecompositionConversionFiberNormPointwiseBounds
warning: DifferentialGeometry/Analysis/Sobolev/TensorHilbert/RicciArmResidualFieldGridWindowBackgroundDecompositionConversionFiberNormPointwiseBounds.lean:114:53: `if_neg` has been deprecated: Use `ite_eq_right` instead
warning: DifferentialGeometry/Analysis/Sobolev/TensorHilbert/RicciArmResidualFieldGridWindowBackgroundDecompositionConversionFiberNormPointwiseBounds.lean:116:9: `if_pos` has been deprecated: Use `ite_eq_left` instead
warning: DifferentialGeometry/Analysis/Sobolev/TensorHilbert/RicciArmResidualFieldGridWindowBackgroundDecompositionConversionFiberNormPointwiseBounds.lean:182:29: `if_pos` has been deprecated: Use `ite_eq_left` instead
warning: DifferentialGeometry/Analysis/Sobolev/TensorHilbert/RicciArmResidualFieldGridWindowBackgroundDecompositionConversionFiberNormPointwiseBounds.lean:184:29: `if_pos` has been deprecated: Use `ite_eq_left` instead
⚠ [10646/10743] Replayed DifferentialGeometry.Analysis.Parabolic.RicciLinearization.RicciThreeArmOperatorFieldApplicationFibreNormBound
warning: DifferentialGeometry/Analysis/Parabolic/RicciLinearization/RicciThreeArmOperatorFieldApplicationFibreNormBound.lean:128:53: `if_neg` has been deprecated: Use `ite_eq_right` instead
warning: DifferentialGeometry/Analysis/Parabolic/RicciLinearization/RicciThreeArmOperatorFieldApplicationFibreNormBound.lean:130:9: `if_pos` has been deprecated: Use `ite_eq_left` instead
warning: DifferentialGeometry/Analysis/Parabolic/RicciLinearization/RicciThreeArmOperatorFieldApplicationFibreNormBound.lean:394:19: `if_pos` has been deprecated: Use `ite_eq_left` instead
⚠ [10647/10743] Replayed DifferentialGeometry.Analysis.Parabolic.RicciLinearization.ChartBasisReadout
warning: DifferentialGeometry/Analysis/Parabolic/RicciLinearization/ChartBasisReadout.lean:177:15: `if_pos` has been deprecated: Use `ite_eq_left` instead
warning: DifferentialGeometry/Analysis/Parabolic/RicciLinearization/ChartBasisReadout.lean:179:8: `if_neg` has been deprecated: Use `ite_eq_right` instead
⚠ [10648/10743] Replayed DifferentialGeometry.Analysis.Parabolic.RicciLinearization.RicciThreeArmOperatorFieldApplicationArmReadoutCovDeriv
warning: DifferentialGeometry/Analysis/Parabolic/RicciLinearization/RicciThreeArmOperatorFieldApplicationArmReadoutCovDeriv.lean:220:15: `if_pos` has been deprecated: Use `ite_eq_left` instead
warning: DifferentialGeometry/Analysis/Parabolic/RicciLinearization/RicciThreeArmOperatorFieldApplicationArmReadoutCovDeriv.lean:222:8: `if_neg` has been deprecated: Use `ite_eq_right` instead
warning: DifferentialGeometry/Analysis/Parabolic/RicciLinearization/RicciThreeArmOperatorFieldApplicationArmReadoutCovDeriv.lean:375:55: `if_true` has been deprecated: Use `ite_true` instead
warning: DifferentialGeometry/Analysis/Parabolic/RicciLinearization/RicciThreeArmOperatorFieldApplicationArmReadoutCovDeriv.lean:447:14: `if_pos` has been deprecated: Use `ite_eq_left` instead
warning: DifferentialGeometry/Analysis/Parabolic/RicciLinearization/RicciThreeArmOperatorFieldApplicationArmReadoutCovDeriv.lean:448:29: `if_neg` has been deprecated: Use `ite_eq_right` instead
warning: DifferentialGeometry/Analysis/Parabolic/RicciLinearization/RicciThreeArmOperatorFieldApplicationArmReadoutCovDeriv.lean:458:12: `if_pos` has been deprecated: Use `ite_eq_left` instead
warning: DifferentialGeometry/Analysis/Parabolic/RicciLinearization/RicciThreeArmOperatorFieldApplicationArmReadoutCovDeriv.lean:462:27: `if_neg` has been deprecated: Use `ite_eq_right` instead
warning: DifferentialGeometry/Analysis/Parabolic/RicciLinearization/RicciThreeArmOperatorFieldApplicationArmReadoutCovDeriv.lean:562:55: `if_true` has been deprecated: Use `ite_true` instead
warning: DifferentialGeometry/Analysis/Parabolic/RicciLinearization/RicciThreeArmOperatorFieldApplicationArmReadoutCovDeriv.lean:616:16: `if_pos` has been deprecated: Use `ite_eq_left` instead
warning: DifferentialGeometry/Analysis/Parabolic/RicciLinearization/RicciThreeArmOperatorFieldApplicationArmReadoutCovDeriv.lean:616:28: `if_pos` has been deprecated: Use `ite_eq_left` instead
warning: DifferentialGeometry/Analysis/Parabolic/RicciLinearization/RicciThreeArmOperatorFieldApplicationArmReadoutCovDeriv.lean:617:32: `if_neg` has been deprecated: Use `ite_eq_right` instead
warning: DifferentialGeometry/Analysis/Parabolic/RicciLinearization/RicciThreeArmOperatorFieldApplicationArmReadoutCovDeriv.lean:621:14: `if_neg` has been deprecated: Use `ite_eq_right` instead
warning: DifferentialGeometry/Analysis/Parabolic/RicciLinearization/RicciThreeArmOperatorFieldApplicationArmReadoutCovDeriv.lean:627:16: `if_pos` has been deprecated: Use `ite_eq_left` instead
warning: DifferentialGeometry/Analysis/Parabolic/RicciLinearization/RicciThreeArmOperatorFieldApplicationArmReadoutCovDeriv.lean:627:28: `if_pos` has been deprecated: Use `ite_eq_left` instead
warning: DifferentialGeometry/Analysis/Parabolic/RicciLinearization/RicciThreeArmOperatorFieldApplicationArmReadoutCovDeriv.lean:628:32: `if_neg` has been deprecated: Use `ite_eq_right` instead
warning: DifferentialGeometry/Analysis/Parabolic/RicciLinearization/RicciThreeArmOperatorFieldApplicationArmReadoutCovDeriv.lean:633:14: `if_neg` has been deprecated: Use `ite_eq_right` instead
warning: DifferentialGeometry/Analysis/Parabolic/RicciLinearization/RicciThreeArmOperatorFieldApplicationArmReadoutCovDeriv.lean:639:14: `if_pos` has been deprecated: Use `ite_eq_left` instead
warning: DifferentialGeometry/Analysis/Parabolic/RicciLinearization/RicciThreeArmOperatorFieldApplicationArmReadoutCovDeriv.lean:639:26: `if_pos` has been deprecated: Use `ite_eq_left` instead
warning: DifferentialGeometry/Analysis/Parabolic/RicciLinearization/RicciThreeArmOperatorFieldApplicationArmReadoutCovDeriv.lean:642:14: `if_neg` has been deprecated: Use `ite_eq_right` instead
warning: DifferentialGeometry/Analysis/Parabolic/RicciLinearization/RicciThreeArmOperatorFieldApplicationArmReadoutCovDeriv.lean:647:12: `if_neg` has been deprecated: Use `ite_eq_right` instead
warning: DifferentialGeometry/Analysis/Parabolic/RicciLinearization/RicciThreeArmOperatorFieldApplicationArmReadoutCovDeriv.lean:675:53: `if_true` has been deprecated: Use `ite_true` instead
warning: DifferentialGeometry/Analysis/Parabolic/RicciLinearization/RicciThreeArmOperatorFieldApplicationArmReadoutCovDeriv.lean:896:12: `if_pos` has been deprecated: Use `ite_eq_left` instead
warning: DifferentialGeometry/Analysis/Parabolic/RicciLinearization/RicciThreeArmOperatorFieldApplicationArmReadoutCovDeriv.lean:897:28: `if_neg` has been deprecated: Use `ite_eq_right` instead
warning: DifferentialGeometry/Analysis/Parabolic/RicciLinearization/RicciThreeArmOperatorFieldApplicationArmReadoutCovDeriv.lean:904:8: `if_pos` has been deprecated: Use `ite_eq_left` instead
warning: DifferentialGeometry/Analysis/Parabolic/RicciLinearization/RicciThreeArmOperatorFieldApplicationArmReadoutCovDeriv.lean:905:24: `if_neg` has been deprecated: Use `ite_eq_right` instead
warning: DifferentialGeometry/Analysis/Parabolic/RicciLinearization/RicciThreeArmOperatorFieldApplicationArmReadoutCovDeriv.lean:999:27: `if_true` has been deprecated: Use `ite_true` instead
warning: DifferentialGeometry/Analysis/Parabolic/RicciLinearization/RicciThreeArmOperatorFieldApplicationArmReadoutCovDeriv.lean:999:36: `if_false` has been deprecated: Use `ite_false` instead
warning: DifferentialGeometry/Analysis/Parabolic/RicciLinearization/RicciThreeArmOperatorFieldApplicationArmReadoutCovDeriv.lean:999:27: `if_true` has been deprecated: Use `ite_true` instead
warning: DifferentialGeometry/Analysis/Parabolic/RicciLinearization/RicciThreeArmOperatorFieldApplicationArmReadoutCovDeriv.lean:999:36: `if_false` has been deprecated: Use `ite_false` instead
warning: DifferentialGeometry/Analysis/Parabolic/RicciLinearization/RicciThreeArmOperatorFieldApplicationArmReadoutCovDeriv.lean:999:27: `if_true` has been deprecated: Use `ite_true` instead
warning: DifferentialGeometry/Analysis/Parabolic/RicciLinearization/RicciThreeArmOperatorFieldApplicationArmReadoutCovDeriv.lean:999:36: `if_false` has been deprecated: Use `ite_false` instead
warning: DifferentialGeometry/Analysis/Parabolic/RicciLinearization/RicciThreeArmOperatorFieldApplicationArmReadoutCovDeriv.lean:999:27: `if_true` has been deprecated: Use `ite_true` instead
warning: DifferentialGeometry/Analysis/Parabolic/RicciLinearization/RicciThreeArmOperatorFieldApplicationArmReadoutCovDeriv.lean:999:36: `if_false` has been deprecated: Use `ite_false` instead
⚠ [10651/10743] Replayed DifferentialGeometry.Analysis.Parabolic.RicciLinearization.RicciThreeArmOperatorFieldApplicationCorrectionFieldConstruction
warning: DifferentialGeometry/Analysis/Parabolic/RicciLinearization/RicciThreeArmOperatorFieldApplicationCorrectionFieldConstruction.lean:366:12: `dif_pos` has been deprecated: Use `dite_eq_left` instead
warning: DifferentialGeometry/Analysis/Parabolic/RicciLinearization/RicciThreeArmOperatorFieldApplicationCorrectionFieldConstruction.lean:488:12: `dif_pos` has been deprecated: Use `dite_eq_left` instead
⚠ [10653/10743] Replayed DifferentialGeometry.Analysis.Spectral.Tensor.CovGrad.PathIntegralFibreNormTransfer
warning: DifferentialGeometry/Analysis/Spectral/Tensor/CovGrad/PathIntegralFibreNormTransfer.lean:7:0: 'Mathlib.Analysis.Seminorm' has been deprecated: please replace this import by

import Mathlib.Analysis.Normed.Module.Seminorm.Basic
⚠ [10656/10743] Replayed DifferentialGeometry.Analysis.Spectral.Tensor.CovGrad.CurvatureCoefficientDifferenceJetTower.ResidualFree
warning: DifferentialGeometry/Analysis/Spectral/Tensor/CovGrad/CurvatureCoefficientDifferenceJetTower/ResidualFree.lean:142:30: `dif_pos` has been deprecated: Use `dite_eq_left` instead
⚠ [10670/10743] Replayed DifferentialGeometry.Analysis.Spectral.Tensor.CovGrad.DeTurckLieCoeffOperatorFieldApplicationValue
warning: DifferentialGeometry/Analysis/Spectral/Tensor/CovGrad/DeTurckLieCoeffOperatorFieldApplicationValue.lean:1063:30: `if_neg` has been deprecated: Use `ite_eq_right` instead
warning: DifferentialGeometry/Analysis/Spectral/Tensor/CovGrad/DeTurckLieCoeffOperatorFieldApplicationValue.lean:1068:54: `if_neg` has been deprecated: Use `ite_eq_right` instead
warning: DifferentialGeometry/Analysis/Spectral/Tensor/CovGrad/DeTurckLieCoeffOperatorFieldApplicationValue.lean:1184:56: `if_neg` has been deprecated: Use `ite_eq_right` instead
⚠ [10671/10743] Replayed DifferentialGeometry.Analysis.Elliptic.ConnectionLaplacian.ChartCoordinateExpansion.GramDerivativeChartEvaluation
warning: DifferentialGeometry/Analysis/Elliptic/ConnectionLaplacian/ChartCoordinateExpansion/GramDerivativeChartEvaluation.lean:614:55: `if_true` has been deprecated: Use `ite_true` instead
warning: DifferentialGeometry/Analysis/Elliptic/ConnectionLaplacian/ChartCoordinateExpansion/GramDerivativeChartEvaluation.lean:686:14: `if_pos` has been deprecated: Use `ite_eq_left` instead
warning: DifferentialGeometry/Analysis/Elliptic/ConnectionLaplacian/ChartCoordinateExpansion/GramDerivativeChartEvaluation.lean:687:29: `if_neg` has been deprecated: Use `ite_eq_right` instead
warning: DifferentialGeometry/Analysis/Elliptic/ConnectionLaplacian/ChartCoordinateExpansion/GramDerivativeChartEvaluation.lean:697:12: `if_pos` has been deprecated: Use `ite_eq_left` instead
warning: DifferentialGeometry/Analysis/Elliptic/ConnectionLaplacian/ChartCoordinateExpansion/GramDerivativeChartEvaluation.lean:701:27: `if_neg` has been deprecated: Use `ite_eq_right` instead
warning: DifferentialGeometry/Analysis/Elliptic/ConnectionLaplacian/ChartCoordinateExpansion/GramDerivativeChartEvaluation.lean:801:55: `if_true` has been deprecated: Use `ite_true` instead
warning: DifferentialGeometry/Analysis/Elliptic/ConnectionLaplacian/ChartCoordinateExpansion/GramDerivativeChartEvaluation.lean:855:16: `if_pos` has been deprecated: Use `ite_eq_left` instead
warning: DifferentialGeometry/Analysis/Elliptic/ConnectionLaplacian/ChartCoordinateExpansion/GramDerivativeChartEvaluation.lean:855:28: `if_pos` has been deprecated: Use `ite_eq_left` instead
warning: DifferentialGeometry/Analysis/Elliptic/ConnectionLaplacian/ChartCoordinateExpansion/GramDerivativeChartEvaluation.lean:856:32: `if_neg` has been deprecated: Use `ite_eq_right` instead
warning: DifferentialGeometry/Analysis/Elliptic/ConnectionLaplacian/ChartCoordinateExpansion/GramDerivativeChartEvaluation.lean:860:14: `if_neg` has been deprecated: Use `ite_eq_right` instead
warning: DifferentialGeometry/Analysis/Elliptic/ConnectionLaplacian/ChartCoordinateExpansion/GramDerivativeChartEvaluation.lean:866:16: `if_pos` has been deprecated: Use `ite_eq_left` instead
warning: DifferentialGeometry/Analysis/Elliptic/ConnectionLaplacian/ChartCoordinateExpansion/GramDerivativeChartEvaluation.lean:866:28: `if_pos` has been deprecated: Use `ite_eq_left` instead
warning: DifferentialGeometry/Analysis/Elliptic/ConnectionLaplacian/ChartCoordinateExpansion/GramDerivativeChartEvaluation.lean:867:32: `if_neg` has been deprecated: Use `ite_eq_right` instead
warning: DifferentialGeometry/Analysis/Elliptic/ConnectionLaplacian/ChartCoordinateExpansion/GramDerivativeChartEvaluation.lean:872:14: `if_neg` has been deprecated: Use `ite_eq_right` instead
warning: DifferentialGeometry/Analysis/Elliptic/ConnectionLaplacian/ChartCoordinateExpansion/GramDerivativeChartEvaluation.lean:878:14: `if_pos` has been deprecated: Use `ite_eq_left` instead
warning: DifferentialGeometry/Analysis/Elliptic/ConnectionLaplacian/ChartCoordinateExpansion/GramDerivativeChartEvaluation.lean:878:26: `if_pos` has been deprecated: Use `ite_eq_left` instead
warning: DifferentialGeometry/Analysis/Elliptic/ConnectionLaplacian/ChartCoordinateExpansion/GramDerivativeChartEvaluation.lean:881:14: `if_neg` has been deprecated: Use `ite_eq_right` instead
warning: DifferentialGeometry/Analysis/Elliptic/ConnectionLaplacian/ChartCoordinateExpansion/GramDerivativeChartEvaluation.lean:886:12: `if_neg` has been deprecated: Use `ite_eq_right` instead
⚠ [10673/10743] Replayed DifferentialGeometry.Analysis.Sobolev.TensorHilbert.DeTurckVectorFieldL2JetBoundDiagonalProductGridIntegralBound
warning: DifferentialGeometry/Analysis/Sobolev/TensorHilbert/DeTurckVectorFieldL2JetBoundDiagonalProductGridIntegralBound.lean:555:32: `dif_pos` has been deprecated: Use `dite_eq_left` instead
⚠ [10679/10743] Replayed DifferentialGeometry.Analysis.Sobolev.TensorHilbert.DeTurckLieArm1CoeffPieceConnectionDifferenceFeed
warning: DifferentialGeometry/Analysis/Sobolev/TensorHilbert/DeTurckLieArm1CoeffPieceConnectionDifferenceFeed.lean:1334:29: `if_pos` has been deprecated: Use `ite_eq_left` instead
warning: DifferentialGeometry/Analysis/Sobolev/TensorHilbert/DeTurckLieArm1CoeffPieceConnectionDifferenceFeed.lean:1336:29: `if_pos` has been deprecated: Use `ite_eq_left` instead
⚠ [10688/10743] Replayed DifferentialGeometry.Analysis.Parabolic.RicciLinearization.RiemannCoefficientPalatiniDecompositionCovDerivArmPairTrace
warning: DifferentialGeometry/Analysis/Parabolic/RicciLinearization/RiemannCoefficientPalatiniDecompositionCovDerivArmPairTrace.lean:1131:29: `if_pos` has been deprecated: Use `ite_eq_left` instead
warning: DifferentialGeometry/Analysis/Parabolic/RicciLinearization/RiemannCoefficientPalatiniDecompositionCovDerivArmPairTrace.lean:1133:29: `if_pos` has been deprecated: Use `ite_eq_left` instead
⚠ [10689/10743] Replayed DifferentialGeometry.Analysis.Parabolic.RicciLinearization.RiemannCoefficientPalatiniDecompositionLinearizedDecompositionCoreIdentity
warning: DifferentialGeometry/Analysis/Parabolic/RicciLinearization/RiemannCoefficientPalatiniDecompositionLinearizedDecompositionCoreIdentity.lean:171:32: `dif_neg` has been deprecated: Use `dite_eq_right` instead
warning: DifferentialGeometry/Analysis/Parabolic/RicciLinearization/RiemannCoefficientPalatiniDecompositionLinearizedDecompositionCoreIdentity.lean:369:43: This simp argument is unused:
  ContinuousLinearEquiv.coe_mk

Hint: Omit it from the simp argument list.
  [apply] simp only [NormedSpace.fromTangentSpace]

Note: This linter can be disabled with `set_option linter.unusedSimpArgs false`
⚠ [10691/10743] Replayed DifferentialGeometry.Analysis.Parabolic.RicciLinearization.RiemannCoefficientPalatiniDecompositionLinearizedDecompositionIdentity
warning: DifferentialGeometry/Analysis/Parabolic/RicciLinearization/RiemannCoefficientPalatiniDecompositionLinearizedDecompositionIdentity.lean:415:8: `if_pos` has been deprecated: Use `ite_eq_left` instead
warning: DifferentialGeometry/Analysis/Parabolic/RicciLinearization/RiemannCoefficientPalatiniDecompositionLinearizedDecompositionIdentity.lean:428:8: `if_neg` has been deprecated: Use `ite_eq_right` instead
⚠ [10692/10743] Replayed DifferentialGeometry.Analysis.Parabolic.RicciLinearization.RiemannCoefficientPalatiniDecompositionMonomialDecompositionL2JetWindow
warning: DifferentialGeometry/Analysis/Parabolic/RicciLinearization/RiemannCoefficientPalatiniDecompositionMonomialDecompositionL2JetWindow.lean:478:14: `if_neg` has been deprecated: Use `ite_eq_right` instead
⚠ [10693/10743] Replayed DifferentialGeometry.Analysis.Parabolic.RicciLinearization.RiemannCoefficientPalatiniDecompositionRicciFoldWeightKernel
warning: DifferentialGeometry/Analysis/Parabolic/RicciLinearization/RiemannCoefficientPalatiniDecompositionRicciFoldWeightKernel.lean:404:11: `if_pos` has been deprecated: Use `ite_eq_left` instead
warning: DifferentialGeometry/Analysis/Parabolic/RicciLinearization/RiemannCoefficientPalatiniDecompositionRicciFoldWeightKernel.lean:406:10: `if_neg` has been deprecated: Use `ite_eq_right` instead
warning: DifferentialGeometry/Analysis/Parabolic/RicciLinearization/RiemannCoefficientPalatiniDecompositionRicciFoldWeightKernel.lean:434:10: `if_pos` has been deprecated: Use `ite_eq_left` instead
warning: DifferentialGeometry/Analysis/Parabolic/RicciLinearization/RiemannCoefficientPalatiniDecompositionRicciFoldWeightKernel.lean:436:10: `if_neg` has been deprecated: Use `ite_eq_right` instead
⚠ [10696/10743] Replayed DifferentialGeometry.Analysis.Parabolic.RicciLinearization.RiemannCoefficientPalatiniDecompositionResidualFieldL2JetWindow
warning: DifferentialGeometry/Analysis/Parabolic/RicciLinearization/RiemannCoefficientPalatiniDecompositionResidualFieldL2JetWindow.lean:75:8: `if_pos` has been deprecated: Use `ite_eq_left` instead
warning: DifferentialGeometry/Analysis/Parabolic/RicciLinearization/RiemannCoefficientPalatiniDecompositionResidualFieldL2JetWindow.lean:88:8: `if_neg` has been deprecated: Use `ite_eq_right` instead
⚠ [10705/10743] Replayed DifferentialGeometry.Analysis.Spectral.Intrinsic.DeTurckCoefficients.LieCorrectionZeroNormalForm.Basic
warning: DifferentialGeometry/Analysis/Spectral/Intrinsic/DeTurckCoefficients/LieCorrectionZeroNormalForm/Basic.lean:161:8: `if_pos` has been deprecated: Use `ite_eq_left` instead
warning: DifferentialGeometry/Analysis/Spectral/Intrinsic/DeTurckCoefficients/LieCorrectionZeroNormalForm/Basic.lean:163:8: `if_neg` has been deprecated: Use `ite_eq_right` instead
⚠ [10711/10743] Replayed DifferentialGeometry.Analysis.Spectral.Intrinsic.DeTurckCoefficients.LieCorrectionZeroNormalForm.Defs
warning: DifferentialGeometry/Analysis/Spectral/Intrinsic/DeTurckCoefficients/LieCorrectionZeroNormalForm/Defs.lean:22:8: `if_pos` has been deprecated: Use `ite_eq_left` instead
warning: DifferentialGeometry/Analysis/Spectral/Intrinsic/DeTurckCoefficients/LieCorrectionZeroNormalForm/Defs.lean:24:8: `if_neg` has been deprecated: Use `ite_eq_right` instead
warning: DifferentialGeometry/Analysis/Spectral/Intrinsic/DeTurckCoefficients/LieCorrectionZeroNormalForm/Defs.lean:39:8: `if_pos` has been deprecated: Use `ite_eq_left` instead
warning: DifferentialGeometry/Analysis/Spectral/Intrinsic/DeTurckCoefficients/LieCorrectionZeroNormalForm/Defs.lean:41:8: `if_neg` has been deprecated: Use `ite_eq_right` instead
⚠ [10717/10743] Replayed DifferentialGeometry.Analysis.Spectral.Intrinsic.DeTurckCoefficients.LieCorrectionZeroField
warning: DifferentialGeometry/Analysis/Spectral/Intrinsic/DeTurckCoefficients/LieCorrectionZeroField.lean:1323:8: `if_pos` has been deprecated: Use `ite_eq_left` instead
warning: DifferentialGeometry/Analysis/Spectral/Intrinsic/DeTurckCoefficients/LieCorrectionZeroField.lean:1325:8: `if_neg` has been deprecated: Use `ite_eq_right` instead
⚠ [10720/10743] Replayed DifferentialGeometry.Analysis.Spectral.Intrinsic.DeTurck.DeTurckRemainderTameLipschitzLieArmChartValue
warning: DifferentialGeometry/Analysis/Spectral/Intrinsic/DeTurck/DeTurckRemainderTameLipschitzLieArmChartValue.lean:813:10: `if_pos` has been deprecated: Use `ite_eq_left` instead
warning: DifferentialGeometry/Analysis/Spectral/Intrinsic/DeTurck/DeTurckRemainderTameLipschitzLieArmChartValue.lean:815:10: `if_neg` has been deprecated: Use `ite_eq_right` instead
warning: DifferentialGeometry/Analysis/Spectral/Intrinsic/DeTurck/DeTurckRemainderTameLipschitzLieArmChartValue.lean:2081:8: `if_pos` has been deprecated: Use `ite_eq_left` instead
warning: DifferentialGeometry/Analysis/Spectral/Intrinsic/DeTurck/DeTurckRemainderTameLipschitzLieArmChartValue.lean:2083:8: `if_neg` has been deprecated: Use `ite_eq_right` instead
warning: DifferentialGeometry/Analysis/Spectral/Intrinsic/DeTurck/DeTurckRemainderTameLipschitzLieArmChartValue.lean:2228:8: `if_pos` has been deprecated: Use `ite_eq_left` instead
warning: DifferentialGeometry/Analysis/Spectral/Intrinsic/DeTurck/DeTurckRemainderTameLipschitzLieArmChartValue.lean:2230:8: `if_neg` has been deprecated: Use `ite_eq_right` instead
warning: DifferentialGeometry/Analysis/Spectral/Intrinsic/DeTurck/DeTurckRemainderTameLipschitzLieArmChartValue.lean:2406:8: `if_pos` has been deprecated: Use `ite_eq_left` instead
warning: DifferentialGeometry/Analysis/Spectral/Intrinsic/DeTurck/DeTurckRemainderTameLipschitzLieArmChartValue.lean:2408:8: `if_neg` has been deprecated: Use `ite_eq_right` instead
⚠ [10721/10743] Replayed DifferentialGeometry.Analysis.Spectral.Intrinsic.DeTurck.LieCorrectionTameBounds
warning: DifferentialGeometry/Analysis/Spectral/Intrinsic/DeTurck/LieCorrectionTameBounds.lean:378:29: `if_pos` has been deprecated: Use `ite_eq_left` instead
warning: DifferentialGeometry/Analysis/Spectral/Intrinsic/DeTurck/LieCorrectionTameBounds.lean:380:29: `if_pos` has been deprecated: Use `ite_eq_left` instead
⚠ [10723/10743] Replayed DifferentialGeometry.Analysis.Spectral.Intrinsic.DeTurck.DeTurckRemainderTameLipschitzArmDiffL2TameBallUniformYoungHolderPathIntegral
warning: DifferentialGeometry/Analysis/Spectral/Intrinsic/DeTurck/DeTurckRemainderTameLipschitzArmDiffL2TameBallUniformYoungHolderPathIntegral.lean:439:27: `dif_pos` has been deprecated: Use `dite_eq_left` instead
warning: DifferentialGeometry/Analysis/Spectral/Intrinsic/DeTurck/DeTurckRemainderTameLipschitzArmDiffL2TameBallUniformYoungHolderPathIntegral.lean:442:27: `dif_pos` has been deprecated: Use `dite_eq_left` instead
⚠ [10730/10743] Replayed DifferentialGeometry.Analysis.Spectral.Intrinsic.DeTurck.DeTurckRemainderTameLipschitzDegenerateOneDimensionalVanishing
warning: DifferentialGeometry/Analysis/Spectral/Intrinsic/DeTurck/DeTurckRemainderTameLipschitzDegenerateOneDimensionalVanishing.lean:232:6: `if_pos` has been deprecated: Use `ite_eq_left` instead
⚠ [10731/10743] Replayed DifferentialGeometry.Analysis.Sobolev.TensorHilbert.RicciArmResidualFieldLeibnizWindow
warning: DifferentialGeometry/Analysis/Sobolev/TensorHilbert/RicciArmResidualFieldLeibnizWindow.lean:55:6: `if_neg` has been deprecated: Use `ite_eq_right` instead
warning: DifferentialGeometry/Analysis/Sobolev/TensorHilbert/RicciArmResidualFieldLeibnizWindow.lean:55:25: `if_neg` has been deprecated: Use `ite_eq_right` instead
warning: DifferentialGeometry/Analysis/Sobolev/TensorHilbert/RicciArmResidualFieldLeibnizWindow.lean:55:44: `if_pos` has been deprecated: Use `ite_eq_left` instead
warning: DifferentialGeometry/Analysis/Sobolev/TensorHilbert/RicciArmResidualFieldLeibnizWindow.lean:59:6: `if_neg` has been deprecated: Use `ite_eq_right` instead
warning: DifferentialGeometry/Analysis/Sobolev/TensorHilbert/RicciArmResidualFieldLeibnizWindow.lean:59:25: `if_neg` has been deprecated: Use `ite_eq_right` instead
warning: DifferentialGeometry/Analysis/Sobolev/TensorHilbert/RicciArmResidualFieldLeibnizWindow.lean:59:44: `if_neg` has been deprecated: Use `ite_eq_right` instead
warning: DifferentialGeometry/Analysis/Sobolev/TensorHilbert/RicciArmResidualFieldLeibnizWindow.lean:59:63: `if_pos` has been deprecated: Use `ite_eq_left` instead
warning: DifferentialGeometry/Analysis/Sobolev/TensorHilbert/RicciArmResidualFieldLeibnizWindow.lean:63:6: `if_neg` has been deprecated: Use `ite_eq_right` instead
warning: DifferentialGeometry/Analysis/Sobolev/TensorHilbert/RicciArmResidualFieldLeibnizWindow.lean:63:25: `if_neg` has been deprecated: Use `ite_eq_right` instead
warning: DifferentialGeometry/Analysis/Sobolev/TensorHilbert/RicciArmResidualFieldLeibnizWindow.lean:63:44: `if_neg` has been deprecated: Use `ite_eq_right` instead
warning: DifferentialGeometry/Analysis/Sobolev/TensorHilbert/RicciArmResidualFieldLeibnizWindow.lean:63:63: `if_neg` has been deprecated: Use `ite_eq_right` instead
warning: DifferentialGeometry/Analysis/Sobolev/TensorHilbert/RicciArmResidualFieldLeibnizWindow.lean:63:82: `if_pos` has been deprecated: Use `ite_eq_left` instead
warning: DifferentialGeometry/Analysis/Sobolev/TensorHilbert/RicciArmResidualFieldLeibnizWindow.lean:67:6: `if_neg` has been deprecated: Use `ite_eq_right` instead
warning: DifferentialGeometry/Analysis/Sobolev/TensorHilbert/RicciArmResidualFieldLeibnizWindow.lean:67:25: `if_neg` has been deprecated: Use `ite_eq_right` instead
warning: DifferentialGeometry/Analysis/Sobolev/TensorHilbert/RicciArmResidualFieldLeibnizWindow.lean:67:44: `if_neg` has been deprecated: Use `ite_eq_right` instead
warning: DifferentialGeometry/Analysis/Sobolev/TensorHilbert/RicciArmResidualFieldLeibnizWindow.lean:67:63: `if_neg` has been deprecated: Use `ite_eq_right` instead
warning: DifferentialGeometry/Analysis/Sobolev/TensorHilbert/RicciArmResidualFieldLeibnizWindow.lean:68:4: `if_neg` has been deprecated: Use `ite_eq_right` instead
warning: DifferentialGeometry/Analysis/Sobolev/TensorHilbert/RicciArmResidualFieldLeibnizWindow.lean:68:23: `if_pos` has been deprecated: Use `ite_eq_left` instead
warning: DifferentialGeometry/Analysis/Sobolev/TensorHilbert/RicciArmResidualFieldLeibnizWindow.lean:72:6: `if_neg` has been deprecated: Use `ite_eq_right` instead
warning: DifferentialGeometry/Analysis/Sobolev/TensorHilbert/RicciArmResidualFieldLeibnizWindow.lean:72:25: `if_neg` has been deprecated: Use `ite_eq_right` instead
warning: DifferentialGeometry/Analysis/Sobolev/TensorHilbert/RicciArmResidualFieldLeibnizWindow.lean:72:44: `if_neg` has been deprecated: Use `ite_eq_right` instead
warning: DifferentialGeometry/Analysis/Sobolev/TensorHilbert/RicciArmResidualFieldLeibnizWindow.lean:72:63: `if_neg` has been deprecated: Use `ite_eq_right` instead
warning: DifferentialGeometry/Analysis/Sobolev/TensorHilbert/RicciArmResidualFieldLeibnizWindow.lean:73:4: `if_neg` has been deprecated: Use `ite_eq_right` instead
warning: DifferentialGeometry/Analysis/Sobolev/TensorHilbert/RicciArmResidualFieldLeibnizWindow.lean:73:23: `if_neg` has been deprecated: Use `ite_eq_right` instead
warning: DifferentialGeometry/Analysis/Sobolev/TensorHilbert/RicciArmResidualFieldLeibnizWindow.lean:83:8: `dif_neg` has been deprecated: Use `dite_eq_right` instead
warning: DifferentialGeometry/Analysis/Sobolev/TensorHilbert/RicciArmResidualFieldLeibnizWindow.lean:102:10: `if_neg` has been deprecated: Use `ite_eq_right` instead
warning: DifferentialGeometry/Analysis/Sobolev/TensorHilbert/RicciArmResidualFieldLeibnizWindow.lean:103:8: `if_neg` has been deprecated: Use `ite_eq_right` instead
warning: DifferentialGeometry/Analysis/Sobolev/TensorHilbert/RicciArmResidualFieldLeibnizWindow.lean:123:8: `dif_pos` has been deprecated: Use `dite_eq_left` instead
warning: DifferentialGeometry/Analysis/Sobolev/TensorHilbert/RicciArmResidualFieldLeibnizWindow.lean:125:55: `if_pos` has been deprecated: Use `ite_eq_left` instead
warning: DifferentialGeometry/Analysis/Sobolev/TensorHilbert/RicciArmResidualFieldLeibnizWindow.lean:126:8: `dif_neg` has been deprecated: Use `dite_eq_right` instead
warning: DifferentialGeometry/Analysis/Sobolev/TensorHilbert/RicciArmResidualFieldLeibnizWindow.lean:134:8: `dif_neg` has been deprecated: Use `dite_eq_right` instead
warning: DifferentialGeometry/Analysis/Sobolev/TensorHilbert/RicciArmResidualFieldLeibnizWindow.lean:142:27: `if_neg` has been deprecated: Use `ite_eq_right` instead
warning: DifferentialGeometry/Analysis/Sobolev/TensorHilbert/RicciArmResidualFieldLeibnizWindow.lean:142:46: `if_neg` has been deprecated: Use `ite_eq_right` instead
warning: DifferentialGeometry/Analysis/Sobolev/TensorHilbert/RicciArmResidualFieldLeibnizWindow.lean:143:10: `dif_neg` has been deprecated: Use `dite_eq_right` instead
warning: DifferentialGeometry/Analysis/Sobolev/TensorHilbert/RicciArmResidualFieldLeibnizWindow.lean:156:29: `if_neg` has been deprecated: Use `ite_eq_right` instead
warning: DifferentialGeometry/Analysis/Sobolev/TensorHilbert/RicciArmResidualFieldLeibnizWindow.lean:156:48: `if_pos` has been deprecated: Use `ite_eq_left` instead
warning: DifferentialGeometry/Analysis/Sobolev/TensorHilbert/RicciArmResidualFieldLeibnizWindow.lean:157:12: `dif_pos` has been deprecated: Use `dite_eq_left` instead
warning: DifferentialGeometry/Analysis/Sobolev/TensorHilbert/RicciArmResidualFieldLeibnizWindow.lean:163:14: `if_neg` has been deprecated: Use `ite_eq_right` instead
warning: DifferentialGeometry/Analysis/Sobolev/TensorHilbert/RicciArmResidualFieldLeibnizWindow.lean:163:33: `if_neg` has been deprecated: Use `ite_eq_right` instead
warning: DifferentialGeometry/Analysis/Sobolev/TensorHilbert/RicciArmResidualFieldLeibnizWindow.lean:166:29: `if_neg` has been deprecated: Use `ite_eq_right` instead
warning: DifferentialGeometry/Analysis/Sobolev/TensorHilbert/RicciArmResidualFieldLeibnizWindow.lean:166:48: `if_neg` has been deprecated: Use `ite_eq_right` instead
warning: DifferentialGeometry/Analysis/Sobolev/TensorHilbert/RicciArmResidualFieldLeibnizWindow.lean:167:12: `dif_neg` has been deprecated: Use `dite_eq_right` instead
warning: DifferentialGeometry/Analysis/Sobolev/TensorHilbert/RicciArmResidualFieldLeibnizWindow.lean:631:12: `if_neg` has been deprecated: Use `ite_eq_right` instead
warning: DifferentialGeometry/Analysis/Sobolev/TensorHilbert/RicciArmResidualFieldLeibnizWindow.lean:734:8: `dif_pos` has been deprecated: Use `dite_eq_left` instead
warning: DifferentialGeometry/Analysis/Sobolev/TensorHilbert/RicciArmResidualFieldLeibnizWindow.lean:742:10: `dif_pos` has been deprecated: Use `dite_eq_left` instead
warning: DifferentialGeometry/Analysis/Sobolev/TensorHilbert/RicciArmResidualFieldLeibnizWindow.lean:743:42: `dif_pos` has been deprecated: Use `dite_eq_left` instead
warning: DifferentialGeometry/Analysis/Sobolev/TensorHilbert/RicciArmResidualFieldLeibnizWindow.lean:746:10: `dif_neg` has been deprecated: Use `dite_eq_right` instead
warning: DifferentialGeometry/Analysis/Sobolev/TensorHilbert/RicciArmResidualFieldLeibnizWindow.lean:747:42: `dif_neg` has been deprecated: Use `dite_eq_right` instead
warning: DifferentialGeometry/Analysis/Sobolev/TensorHilbert/RicciArmResidualFieldLeibnizWindow.lean:749:12: `if_pos` has been deprecated: Use `ite_eq_left` instead
warning: DifferentialGeometry/Analysis/Sobolev/TensorHilbert/RicciArmResidualFieldLeibnizWindow.lean:751:44: `if_pos` has been deprecated: Use `ite_eq_left` instead
warning: DifferentialGeometry/Analysis/Sobolev/TensorHilbert/RicciArmResidualFieldLeibnizWindow.lean:752:12: `if_neg` has been deprecated: Use `ite_eq_right` instead
warning: DifferentialGeometry/Analysis/Sobolev/TensorHilbert/RicciArmResidualFieldLeibnizWindow.lean:754:44: `if_neg` has been deprecated: Use `ite_eq_right` instead
warning: DifferentialGeometry/Analysis/Sobolev/TensorHilbert/RicciArmResidualFieldLeibnizWindow.lean:756:14: `if_pos` has been deprecated: Use `ite_eq_left` instead
warning: DifferentialGeometry/Analysis/Sobolev/TensorHilbert/RicciArmResidualFieldLeibnizWindow.lean:758:46: `if_pos` has been deprecated: Use `ite_eq_left` instead
warning: DifferentialGeometry/Analysis/Sobolev/TensorHilbert/RicciArmResidualFieldLeibnizWindow.lean:759:14: `if_neg` has been deprecated: Use `ite_eq_right` instead
warning: DifferentialGeometry/Analysis/Sobolev/TensorHilbert/RicciArmResidualFieldLeibnizWindow.lean:761:46: `if_neg` has been deprecated: Use `ite_eq_right` instead
warning: DifferentialGeometry/Analysis/Sobolev/TensorHilbert/RicciArmResidualFieldLeibnizWindow.lean:763:16: `if_pos` has been deprecated: Use `ite_eq_left` instead
warning: DifferentialGeometry/Analysis/Sobolev/TensorHilbert/RicciArmResidualFieldLeibnizWindow.lean:764:48: `if_pos` has been deprecated: Use `ite_eq_left` instead
warning: DifferentialGeometry/Analysis/Sobolev/TensorHilbert/RicciArmResidualFieldLeibnizWindow.lean:767:16: `if_neg` has been deprecated: Use `ite_eq_right` instead
warning: DifferentialGeometry/Analysis/Sobolev/TensorHilbert/RicciArmResidualFieldLeibnizWindow.lean:768:48: `if_neg` has been deprecated: Use `ite_eq_right` instead
warning: DifferentialGeometry/Analysis/Sobolev/TensorHilbert/RicciArmResidualFieldLeibnizWindow.lean:942:53: `if_neg` has been deprecated: Use `ite_eq_right` instead
warning: DifferentialGeometry/Analysis/Sobolev/TensorHilbert/RicciArmResidualFieldLeibnizWindow.lean:944:8: `if_pos` has been deprecated: Use `ite_eq_left` instead
warning: DifferentialGeometry/Analysis/Sobolev/TensorHilbert/RicciArmResidualFieldLeibnizWindow.lean:990:25: `dif_pos` has been deprecated: Use `dite_eq_left` instead
warning: DifferentialGeometry/Analysis/Sobolev/TensorHilbert/RicciArmResidualFieldLeibnizWindow.lean:1001:25: `dif_neg` has been deprecated: Use `dite_eq_right` instead
warning: DifferentialGeometry/Analysis/Sobolev/TensorHilbert/RicciArmResidualFieldLeibnizWindow.lean:1001:45: `if_pos` has been deprecated: Use `ite_eq_left` instead
warning: DifferentialGeometry/Analysis/Sobolev/TensorHilbert/RicciArmResidualFieldLeibnizWindow.lean:1012:25: `dif_neg` has been deprecated: Use `dite_eq_right` instead
warning: DifferentialGeometry/Analysis/Sobolev/TensorHilbert/RicciArmResidualFieldLeibnizWindow.lean:1012:45: `if_neg` has been deprecated: Use `ite_eq_right` instead
warning: DifferentialGeometry/Analysis/Sobolev/TensorHilbert/RicciArmResidualFieldLeibnizWindow.lean:1012:64: `if_pos` has been deprecated: Use `ite_eq_left` instead
warning: DifferentialGeometry/Analysis/Sobolev/TensorHilbert/RicciArmResidualFieldLeibnizWindow.lean:1022:25: `dif_neg` has been deprecated: Use `dite_eq_right` instead
warning: DifferentialGeometry/Analysis/Sobolev/TensorHilbert/RicciArmResidualFieldLeibnizWindow.lean:1022:45: `if_neg` has been deprecated: Use `ite_eq_right` instead
warning: DifferentialGeometry/Analysis/Sobolev/TensorHilbert/RicciArmResidualFieldLeibnizWindow.lean:1022:64: `if_neg` has been deprecated: Use `ite_eq_right` instead
warning: DifferentialGeometry/Analysis/Sobolev/TensorHilbert/RicciArmResidualFieldLeibnizWindow.lean:1022:83: `if_pos` has been deprecated: Use `ite_eq_left` instead
warning: DifferentialGeometry/Analysis/Sobolev/TensorHilbert/RicciArmResidualFieldLeibnizWindow.lean:1033:8: `dif_neg` has been deprecated: Use `dite_eq_right` instead
warning: DifferentialGeometry/Analysis/Sobolev/TensorHilbert/RicciArmResidualFieldLeibnizWindow.lean:1033:28: `if_neg` has been deprecated: Use `ite_eq_right` instead
warning: DifferentialGeometry/Analysis/Sobolev/TensorHilbert/RicciArmResidualFieldLeibnizWindow.lean:1033:47: `if_neg` has been deprecated: Use `ite_eq_right` instead
warning: DifferentialGeometry/Analysis/Sobolev/TensorHilbert/RicciArmResidualFieldLeibnizWindow.lean:1033:66: `if_neg` has been deprecated: Use `ite_eq_right` instead
warning: DifferentialGeometry/Analysis/Sobolev/TensorHilbert/RicciArmResidualFieldLeibnizWindow.lean:1060:8: `if_pos` has been deprecated: Use `ite_eq_left` instead
warning: DifferentialGeometry/Analysis/Sobolev/TensorHilbert/RicciArmResidualFieldLeibnizWindow.lean:1070:8: `if_neg` has been deprecated: Use `ite_eq_right` instead
warning: DifferentialGeometry/Analysis/Sobolev/TensorHilbert/RicciArmResidualFieldLeibnizWindow.lean:1072:10: `if_pos` has been deprecated: Use `ite_eq_left` instead
warning: DifferentialGeometry/Analysis/Sobolev/TensorHilbert/RicciArmResidualFieldLeibnizWindow.lean:1082:10: `if_neg` has been deprecated: Use `ite_eq_right` instead
warning: DifferentialGeometry/Analysis/Sobolev/TensorHilbert/RicciArmResidualFieldLeibnizWindow.lean:1084:29: `dif_pos` has been deprecated: Use `dite_eq_left` instead
warning: DifferentialGeometry/Analysis/Sobolev/TensorHilbert/RicciArmResidualFieldLeibnizWindow.lean:1139:8: `if_pos` has been deprecated: Use `ite_eq_left` instead
warning: DifferentialGeometry/Analysis/Sobolev/TensorHilbert/RicciArmResidualFieldLeibnizWindow.lean:1139:53: `dif_neg` has been deprecated: Use `dite_eq_right` instead
warning: DifferentialGeometry/Analysis/Sobolev/TensorHilbert/RicciArmResidualFieldLeibnizWindow.lean:1139:73: `if_neg` has been deprecated: Use `ite_eq_right` instead
warning: DifferentialGeometry/Analysis/Sobolev/TensorHilbert/RicciArmResidualFieldLeibnizWindow.lean:1140:8: `if_neg` has been deprecated: Use `ite_eq_right` instead
warning: DifferentialGeometry/Analysis/Sobolev/TensorHilbert/RicciArmResidualFieldLeibnizWindow.lean:1142:10: `if_pos` has been deprecated: Use `ite_eq_left` instead
warning: DifferentialGeometry/Analysis/Sobolev/TensorHilbert/RicciArmResidualFieldLeibnizWindow.lean:1142:55: `dif_neg` has been deprecated: Use `dite_eq_right` instead
warning: DifferentialGeometry/Analysis/Sobolev/TensorHilbert/RicciArmResidualFieldLeibnizWindow.lean:1142:75: `if_pos` has been deprecated: Use `ite_eq_left` instead
warning: DifferentialGeometry/Analysis/Sobolev/TensorHilbert/RicciArmResidualFieldLeibnizWindow.lean:1143:10: `if_neg` has been deprecated: Use `ite_eq_right` instead
warning: DifferentialGeometry/Analysis/Sobolev/TensorHilbert/RicciArmResidualFieldLeibnizWindow.lean:1145:29: `dif_pos` has been deprecated: Use `dite_eq_left` instead
warning: DifferentialGeometry/Analysis/Sobolev/TensorHilbert/RicciArmResidualFieldLeibnizWindow.lean:1145:41: `dif_pos` has been deprecated: Use `dite_eq_left` instead
warning: DifferentialGeometry/Analysis/Sobolev/TensorHilbert/RicciArmResidualFieldLeibnizWindow.lean:1151:6: `dif_pos` has been deprecated: Use `dite_eq_left` instead
warning: DifferentialGeometry/Analysis/Sobolev/TensorHilbert/RicciArmResidualFieldLeibnizWindow.lean:1157:6: `dif_neg` has been deprecated: Use `dite_eq_right` instead
warning: DifferentialGeometry/Analysis/Sobolev/TensorHilbert/RicciArmResidualFieldLeibnizWindow.lean:1157:26: `if_pos` has been deprecated: Use `ite_eq_left` instead
warning: DifferentialGeometry/Analysis/Sobolev/TensorHilbert/RicciArmResidualFieldLeibnizWindow.lean:1163:6: `dif_neg` has been deprecated: Use `dite_eq_right` instead
warning: DifferentialGeometry/Analysis/Sobolev/TensorHilbert/RicciArmResidualFieldLeibnizWindow.lean:1163:18: `if_neg` has been deprecated: Use `ite_eq_right` instead
⚠ [10732/10743] Replayed DifferentialGeometry.Analysis.Spectral.Intrinsic.DeTurck.DeTurckRemainderTameLipschitzKernelDecompositionTopOrderSeparatedBounds
warning: DifferentialGeometry/Analysis/Spectral/Intrinsic/DeTurck/DeTurckRemainderTameLipschitzKernelDecompositionTopOrderSeparatedBounds.lean:1193:19: `if_pos` has been deprecated: Use `ite_eq_left` instead
warning: DifferentialGeometry/Analysis/Spectral/Intrinsic/DeTurck/DeTurckRemainderTameLipschitzKernelDecompositionTopOrderSeparatedBounds.lean:1194:33: `if_neg` has been deprecated: Use `ite_eq_right` instead
warning: DifferentialGeometry/Analysis/Spectral/Intrinsic/DeTurck/DeTurckRemainderTameLipschitzKernelDecompositionTopOrderSeparatedBounds.lean:1470:12: `if_neg` has been deprecated: Use `ite_eq_right` instead
warning: DifferentialGeometry/Analysis/Spectral/Intrinsic/DeTurck/DeTurckRemainderTameLipschitzKernelDecompositionTopOrderSeparatedBounds.lean:1547:10: `if_pos` has been deprecated: Use `ite_eq_left` instead
warning: DifferentialGeometry/Analysis/Spectral/Intrinsic/DeTurck/DeTurckRemainderTameLipschitzKernelDecompositionTopOrderSeparatedBounds.lean:1547:20: `if_pos` has been deprecated: Use `ite_eq_left` instead
warning: DifferentialGeometry/Analysis/Spectral/Intrinsic/DeTurck/DeTurckRemainderTameLipschitzKernelDecompositionTopOrderSeparatedBounds.lean:1548:10: `if_neg` has been deprecated: Use `ite_eq_right` instead
warning: DifferentialGeometry/Analysis/Spectral/Intrinsic/DeTurck/DeTurckRemainderTameLipschitzKernelDecompositionTopOrderSeparatedBounds.lean:1548:20: `if_neg` has been deprecated: Use `ite_eq_right` instead
warning: DifferentialGeometry/Analysis/Spectral/Intrinsic/DeTurck/DeTurckRemainderTameLipschitzKernelDecompositionTopOrderSeparatedBounds.lean:1939:16: `if_pos` has been deprecated: Use `ite_eq_left` instead
warning: DifferentialGeometry/Analysis/Spectral/Intrinsic/DeTurck/DeTurckRemainderTameLipschitzKernelDecompositionTopOrderSeparatedBounds.lean:1939:26: `if_pos` has been deprecated: Use `ite_eq_left` instead
warning: DifferentialGeometry/Analysis/Spectral/Intrinsic/DeTurck/DeTurckRemainderTameLipschitzKernelDecompositionTopOrderSeparatedBounds.lean:1940:16: `if_neg` has been deprecated: Use `ite_eq_right` instead
warning: DifferentialGeometry/Analysis/Spectral/Intrinsic/DeTurck/DeTurckRemainderTameLipschitzKernelDecompositionTopOrderSeparatedBounds.lean:1940:26: `if_neg` has been deprecated: Use `ite_eq_right` instead
warning: DifferentialGeometry/Analysis/Spectral/Intrinsic/DeTurck/DeTurckRemainderTameLipschitzKernelDecompositionTopOrderSeparatedBounds.lean:1943:16: `if_pos` has been deprecated: Use `ite_eq_left` instead
warning: DifferentialGeometry/Analysis/Spectral/Intrinsic/DeTurck/DeTurckRemainderTameLipschitzKernelDecompositionTopOrderSeparatedBounds.lean:1943:26: `if_pos` has been deprecated: Use `ite_eq_left` instead
warning: DifferentialGeometry/Analysis/Spectral/Intrinsic/DeTurck/DeTurckRemainderTameLipschitzKernelDecompositionTopOrderSeparatedBounds.lean:1944:16: `if_neg` has been deprecated: Use `ite_eq_right` instead
warning: DifferentialGeometry/Analysis/Spectral/Intrinsic/DeTurck/DeTurckRemainderTameLipschitzKernelDecompositionTopOrderSeparatedBounds.lean:1944:26: `if_neg` has been deprecated: Use `ite_eq_right` instead
warning: DifferentialGeometry/Analysis/Spectral/Intrinsic/DeTurck/DeTurckRemainderTameLipschitzKernelDecompositionTopOrderSeparatedBounds.lean:2307:18: `if_pos` has been deprecated: Use `ite_eq_left` instead
warning: DifferentialGeometry/Analysis/Spectral/Intrinsic/DeTurck/DeTurckRemainderTameLipschitzKernelDecompositionTopOrderSeparatedBounds.lean:2480:21: `if_pos` has been deprecated: Use `ite_eq_left` instead
⚠ [10737/10743] Replayed DifferentialGeometry.Analysis.Elliptic.ConnectionLaplacian.GreenIdentityAndIBP.TensorCovDivergence
warning: DifferentialGeometry/Analysis/Elliptic/ConnectionLaplacian/GreenIdentityAndIBP/TensorCovDivergence.lean:1087:10: `if_pos` has been deprecated: Use `ite_eq_left` instead
warning: DifferentialGeometry/Analysis/Elliptic/ConnectionLaplacian/GreenIdentityAndIBP/TensorCovDivergence.lean:1090:10: `if_neg` has been deprecated: Use `ite_eq_right` instead
⚠ [10741/10916] Replayed DifferentialGeometry.Analysis.Spectral.Tensor.Spectrum.SlotSwapEquivariance
warning: DifferentialGeometry/Analysis/Spectral/Tensor/Spectrum/SlotSwapEquivariance.lean:400:10: `if_neg` has been deprecated: Use `ite_eq_right` instead
warning: DifferentialGeometry/Analysis/Spectral/Tensor/Spectrum/SlotSwapEquivariance.lean:403:8: `if_neg` has been deprecated: Use `ite_eq_right` instead
warning: DifferentialGeometry/Analysis/Spectral/Tensor/Spectrum/SlotSwapEquivariance.lean:405:8: `if_neg` has been deprecated: Use `ite_eq_right` instead
warning: DifferentialGeometry/Analysis/Spectral/Tensor/Spectrum/SlotSwapEquivariance.lean:421:8: `if_pos` has been deprecated: Use `ite_eq_left` instead
warning: DifferentialGeometry/Analysis/Spectral/Tensor/Spectrum/SlotSwapEquivariance.lean:422:8: `if_neg` has been deprecated: Use `ite_eq_right` instead
⚠ [10746/10916] Replayed DifferentialGeometry.Analysis.Spectral.Intrinsic.DeTurck.SobolevNonlinearityExistence
warning: DifferentialGeometry/Analysis/Spectral/Intrinsic/DeTurck/SobolevNonlinearityExistence.lean:100:10: `if_pos` has been deprecated: Use `ite_eq_left` instead
warning: DifferentialGeometry/Analysis/Spectral/Intrinsic/DeTurck/SobolevNonlinearityExistence.lean:101:10: `if_neg` has been deprecated: Use `ite_eq_right` instead
warning: DifferentialGeometry/Analysis/Spectral/Intrinsic/DeTurck/SobolevNonlinearityExistence.lean:922:8: `dif_pos` has been deprecated: Use `dite_eq_left` instead
warning: DifferentialGeometry/Analysis/Spectral/Intrinsic/DeTurck/SobolevNonlinearityExistence.lean:1010:36: `dif_pos` has been deprecated: Use `dite_eq_left` instead
warning: DifferentialGeometry/Analysis/Spectral/Intrinsic/DeTurck/SobolevNonlinearityExistence.lean:1077:64: `dif_pos` has been deprecated: Use `dite_eq_left` instead
warning: DifferentialGeometry/Analysis/Spectral/Intrinsic/DeTurck/SobolevNonlinearityExistence.lean:1077:75: `dif_pos` has been deprecated: Use `dite_eq_left` instead
warning: DifferentialGeometry/Analysis/Spectral/Intrinsic/DeTurck/SobolevNonlinearityExistence.lean:1336:8: `dif_pos` has been deprecated: Use `dite_eq_left` instead
warning: DifferentialGeometry/Analysis/Spectral/Intrinsic/DeTurck/SobolevNonlinearityExistence.lean:1447:8: `dif_pos` has been deprecated: Use `dite_eq_left` instead
warning: DifferentialGeometry/Analysis/Spectral/Intrinsic/DeTurck/SobolevNonlinearityExistence.lean:1611:8: `dif_pos` has been deprecated: Use `dite_eq_left` instead
⚠ [10749/10916] Replayed DifferentialGeometry.Analysis.Parabolic.AbstractSemigroup.AbstractSpectralSemigroup
warning: DifferentialGeometry/Analysis/Parabolic/AbstractSemigroup/AbstractSpectralSemigroup.lean:246:6: `dif_pos` has been deprecated: Use `dite_eq_left` instead
warning: DifferentialGeometry/Analysis/Parabolic/AbstractSemigroup/AbstractSpectralSemigroup.lean:276:6: `dif_neg` has been deprecated: Use `dite_eq_right` instead
warning: DifferentialGeometry/Analysis/Parabolic/AbstractSemigroup/AbstractSpectralSemigroup.lean:283:8: `dif_pos` has been deprecated: Use `dite_eq_left` instead
warning: DifferentialGeometry/Analysis/Parabolic/AbstractSemigroup/AbstractSpectralSemigroup.lean:285:8: `dif_neg` has been deprecated: Use `dite_eq_right` instead
⚠ [10771/10916] Replayed DifferentialGeometry.Analysis.Sobolev.TensorHilbert.CometricDifferenceSlotPairing
warning: DifferentialGeometry/Analysis/Sobolev/TensorHilbert/CometricDifferenceSlotPairing.lean:171:53: `if_neg` has been deprecated: Use `ite_eq_right` instead
warning: DifferentialGeometry/Analysis/Sobolev/TensorHilbert/CometricDifferenceSlotPairing.lean:173:9: `if_pos` has been deprecated: Use `ite_eq_left` instead
⚠ [10776/10916] Replayed DifferentialGeometry.Analysis.Spectral.Intrinsic.DeTurck.DeTurckPrincipalArmEnergyPairing
warning: DifferentialGeometry/Analysis/Spectral/Intrinsic/DeTurck/DeTurckPrincipalArmEnergyPairing.lean:422:11: `if_pos` has been deprecated: Use `ite_eq_left` instead
warning: DifferentialGeometry/Analysis/Spectral/Intrinsic/DeTurck/DeTurckPrincipalArmEnergyPairing.lean:424:10: `if_neg` has been deprecated: Use `ite_eq_right` instead
warning: DifferentialGeometry/Analysis/Spectral/Intrinsic/DeTurck/DeTurckPrincipalArmEnergyPairing.lean:440:10: `if_pos` has been deprecated: Use `ite_eq_left` instead
warning: DifferentialGeometry/Analysis/Spectral/Intrinsic/DeTurck/DeTurckPrincipalArmEnergyPairing.lean:442:10: `if_neg` has been deprecated: Use `ite_eq_right` instead
⚠ [10778/10916] Replayed DifferentialGeometry.Analysis.Sobolev.TensorHilbert.OperatorFieldApplicationJetWindowTame
warning: DifferentialGeometry/Analysis/Sobolev/TensorHilbert/OperatorFieldApplicationJetWindowTame.lean:854:34: `dif_pos` has been deprecated: Use `dite_eq_left` instead
⚠ [10782/10916] Replayed DifferentialGeometry.Analysis.Spectral.Intrinsic.DeTurck.DeTurckPrincipalArmEnergyCrossTerm
warning: DifferentialGeometry/Analysis/Spectral/Intrinsic/DeTurck/DeTurckPrincipalArmEnergyCrossTerm.lean:59:30: `if_pos` has been deprecated: Use `ite_eq_left` instead
warning: DifferentialGeometry/Analysis/Spectral/Intrinsic/DeTurck/DeTurckPrincipalArmEnergyCrossTerm.lean:69:8: `if_neg` has been deprecated: Use `ite_eq_right` instead
⚠ [10797/10916] Replayed DifferentialGeometry.Analysis.Spectral.Intrinsic.DeTurck.DeTurckRemainderPrincipalArm.TameBounds
warning: DifferentialGeometry/Analysis/Spectral/Intrinsic/DeTurck/DeTurckRemainderPrincipalArm/TameBounds.lean:521:10: `if_pos` has been deprecated: Use `ite_eq_left` instead
warning: DifferentialGeometry/Analysis/Spectral/Intrinsic/DeTurck/DeTurckRemainderPrincipalArm/TameBounds.lean:533:10: `if_neg` has been deprecated: Use `ite_eq_right` instead
warning: DifferentialGeometry/Analysis/Spectral/Intrinsic/DeTurck/DeTurckRemainderPrincipalArm/TameBounds.lean:564:53: `if_pos` has been deprecated: Use `ite_eq_left` instead
warning: DifferentialGeometry/Analysis/Spectral/Intrinsic/DeTurck/DeTurckRemainderPrincipalArm/TameBounds.lean:569:10: `if_neg` has been deprecated: Use `ite_eq_right` instead
warning: DifferentialGeometry/Analysis/Spectral/Intrinsic/DeTurck/DeTurckRemainderPrincipalArm/TameBounds.lean:580:6: `if_pos` has been deprecated: Use `ite_eq_left` instead
warning: DifferentialGeometry/Analysis/Spectral/Intrinsic/DeTurck/DeTurckRemainderPrincipalArm/TameBounds.lean:3529:34: `dif_pos` has been deprecated: Use `dite_eq_left` instead
warning: DifferentialGeometry/Analysis/Spectral/Intrinsic/DeTurck/DeTurckRemainderPrincipalArm/TameBounds.lean:6591:21: `if_pos` has been deprecated: Use `ite_eq_left` instead
warning: DifferentialGeometry/Analysis/Spectral/Intrinsic/DeTurck/DeTurckRemainderPrincipalArm/TameBounds.lean:6693:64: `if_pos` has been deprecated: Use `ite_eq_left` instead
⚠ [10799/10916] Replayed DifferentialGeometry.Analysis.Spectral.Intrinsic.HeatSemigroup.GalerkinParabolicEnergyDeTurck
warning: DifferentialGeometry/Analysis/Spectral/Intrinsic/HeatSemigroup/GalerkinParabolicEnergyDeTurck.lean:91:17: `if_pos` has been deprecated: Use `ite_eq_left` instead
warning: DifferentialGeometry/Analysis/Spectral/Intrinsic/HeatSemigroup/GalerkinParabolicEnergyDeTurck.lean:91:28: `dif_pos` has been deprecated: Use `dite_eq_left` instead
warning: DifferentialGeometry/Analysis/Spectral/Intrinsic/HeatSemigroup/GalerkinParabolicEnergyDeTurck.lean:94:17: `if_neg` has been deprecated: Use `ite_eq_right` instead
warning: DifferentialGeometry/Analysis/Spectral/Intrinsic/HeatSemigroup/GalerkinParabolicEnergyDeTurck.lean:100:17: `if_pos` has been deprecated: Use `ite_eq_left` instead
warning: DifferentialGeometry/Analysis/Spectral/Intrinsic/HeatSemigroup/GalerkinParabolicEnergyDeTurck.lean:100:28: `dif_pos` has been deprecated: Use `dite_eq_left` instead
warning: DifferentialGeometry/Analysis/Spectral/Intrinsic/HeatSemigroup/GalerkinParabolicEnergyDeTurck.lean:103:17: `if_neg` has been deprecated: Use `ite_eq_right` instead
warning: DifferentialGeometry/Analysis/Spectral/Intrinsic/HeatSemigroup/GalerkinParabolicEnergyDeTurck.lean:125:8: `if_pos` has been deprecated: Use `ite_eq_left` instead
warning: DifferentialGeometry/Analysis/Spectral/Intrinsic/HeatSemigroup/GalerkinParabolicEnergyDeTurck.lean:125:19: `dif_pos` has been deprecated: Use `dite_eq_left` instead
warning: DifferentialGeometry/Analysis/Spectral/Intrinsic/HeatSemigroup/GalerkinParabolicEnergyDeTurck.lean:126:8: `if_neg` has been deprecated: Use `ite_eq_right` instead
warning: DifferentialGeometry/Analysis/Spectral/Intrinsic/HeatSemigroup/GalerkinParabolicEnergyDeTurck.lean:126:19: `dif_neg` has been deprecated: Use `dite_eq_right` instead
warning: DifferentialGeometry/Analysis/Spectral/Intrinsic/HeatSemigroup/GalerkinParabolicEnergyDeTurck.lean:209:47: `ContinuousLinearMap.lipschitz` has been deprecated: Use `ContinuousLinearMap.lipschitzWith` instead
warning: DifferentialGeometry/Analysis/Spectral/Intrinsic/HeatSemigroup/GalerkinParabolicEnergyDeTurck.lean:216:54: `ContinuousLinearMap.lipschitz` has been deprecated: Use `ContinuousLinearMap.lipschitzWith` instead
warning: DifferentialGeometry/Analysis/Spectral/Intrinsic/HeatSemigroup/GalerkinParabolicEnergyDeTurck.lean:217:52: `ContinuousLinearMap.lipschitz` has been deprecated: Use `ContinuousLinearMap.lipschitzWith` instead
warning: DifferentialGeometry/Analysis/Spectral/Intrinsic/HeatSemigroup/GalerkinParabolicEnergyDeTurck.lean:329:15: `dif_pos` has been deprecated: Use `dite_eq_left` instead
warning: DifferentialGeometry/Analysis/Spectral/Intrinsic/HeatSemigroup/GalerkinParabolicEnergyDeTurck.lean:333:26: `dif_pos` has been deprecated: Use `dite_eq_left` instead
warning: DifferentialGeometry/Analysis/Spectral/Intrinsic/HeatSemigroup/GalerkinParabolicEnergyDeTurck.lean:356:21: `if_pos` has been deprecated: Use `ite_eq_left` instead
warning: DifferentialGeometry/Analysis/Spectral/Intrinsic/HeatSemigroup/GalerkinParabolicEnergyDeTurck.lean:356:33: `dif_pos` has been deprecated: Use `dite_eq_left` instead
warning: DifferentialGeometry/Analysis/Spectral/Intrinsic/HeatSemigroup/GalerkinParabolicEnergyDeTurck.lean:357:21: `if_neg` has been deprecated: Use `ite_eq_right` instead
warning: DifferentialGeometry/Analysis/Spectral/Intrinsic/HeatSemigroup/GalerkinParabolicEnergyDeTurck.lean:357:33: `dif_neg` has been deprecated: Use `dite_eq_right` instead
warning: DifferentialGeometry/Analysis/Spectral/Intrinsic/HeatSemigroup/GalerkinParabolicEnergyDeTurck.lean:360:36: `if_pos` has been deprecated: Use `ite_eq_left` instead
warning: DifferentialGeometry/Analysis/Spectral/Intrinsic/HeatSemigroup/GalerkinParabolicEnergyDeTurck.lean:360:47: `dif_pos` has been deprecated: Use `dite_eq_left` instead
warning: DifferentialGeometry/Analysis/Spectral/Intrinsic/HeatSemigroup/GalerkinParabolicEnergyDeTurck.lean:373:20: `dif_pos` has been deprecated: Use `dite_eq_left` instead
warning: DifferentialGeometry/Analysis/Spectral/Intrinsic/HeatSemigroup/GalerkinParabolicEnergyDeTurck.lean:377:15: `dif_pos` has been deprecated: Use `dite_eq_left` instead
warning: DifferentialGeometry/Analysis/Spectral/Intrinsic/HeatSemigroup/GalerkinParabolicEnergyDeTurck.lean:380:15: `dif_neg` has been deprecated: Use `dite_eq_right` instead
warning: DifferentialGeometry/Analysis/Spectral/Intrinsic/HeatSemigroup/GalerkinParabolicEnergyDeTurck.lean:579:47: `ContinuousLinearMap.lipschitz` has been deprecated: Use `ContinuousLinearMap.lipschitzWith` instead
warning: DifferentialGeometry/Analysis/Spectral/Intrinsic/HeatSemigroup/GalerkinParabolicEnergyDeTurck.lean:586:54: `ContinuousLinearMap.lipschitz` has been deprecated: Use `ContinuousLinearMap.lipschitzWith` instead
warning: DifferentialGeometry/Analysis/Spectral/Intrinsic/HeatSemigroup/GalerkinParabolicEnergyDeTurck.lean:587:52: `ContinuousLinearMap.lipschitz` has been deprecated: Use `ContinuousLinearMap.lipschitzWith` instead
warning: DifferentialGeometry/Analysis/Spectral/Intrinsic/HeatSemigroup/GalerkinParabolicEnergyDeTurck.lean:699:15: `dif_pos` has been deprecated: Use `dite_eq_left` instead
warning: DifferentialGeometry/Analysis/Spectral/Intrinsic/HeatSemigroup/GalerkinParabolicEnergyDeTurck.lean:703:26: `dif_pos` has been deprecated: Use `dite_eq_left` instead
warning: DifferentialGeometry/Analysis/Spectral/Intrinsic/HeatSemigroup/GalerkinParabolicEnergyDeTurck.lean:726:21: `if_pos` has been deprecated: Use `ite_eq_left` instead
warning: DifferentialGeometry/Analysis/Spectral/Intrinsic/HeatSemigroup/GalerkinParabolicEnergyDeTurck.lean:726:33: `dif_pos` has been deprecated: Use `dite_eq_left` instead
warning: DifferentialGeometry/Analysis/Spectral/Intrinsic/HeatSemigroup/GalerkinParabolicEnergyDeTurck.lean:727:21: `if_neg` has been deprecated: Use `ite_eq_right` instead
warning: DifferentialGeometry/Analysis/Spectral/Intrinsic/HeatSemigroup/GalerkinParabolicEnergyDeTurck.lean:727:33: `dif_neg` has been deprecated: Use `dite_eq_right` instead
warning: DifferentialGeometry/Analysis/Spectral/Intrinsic/HeatSemigroup/GalerkinParabolicEnergyDeTurck.lean:730:40: `if_pos` has been deprecated: Use `ite_eq_left` instead
warning: DifferentialGeometry/Analysis/Spectral/Intrinsic/HeatSemigroup/GalerkinParabolicEnergyDeTurck.lean:730:51: `dif_pos` has been deprecated: Use `dite_eq_left` instead
warning: DifferentialGeometry/Analysis/Spectral/Intrinsic/HeatSemigroup/GalerkinParabolicEnergyDeTurck.lean:743:20: `dif_pos` has been deprecated: Use `dite_eq_left` instead
warning: DifferentialGeometry/Analysis/Spectral/Intrinsic/HeatSemigroup/GalerkinParabolicEnergyDeTurck.lean:747:15: `dif_pos` has been deprecated: Use `dite_eq_left` instead
warning: DifferentialGeometry/Analysis/Spectral/Intrinsic/HeatSemigroup/GalerkinParabolicEnergyDeTurck.lean:750:15: `dif_neg` has been deprecated: Use `dite_eq_right` instead
warning: DifferentialGeometry/Analysis/Spectral/Intrinsic/HeatSemigroup/GalerkinParabolicEnergyDeTurck.lean:1038:59: `if_neg` has been deprecated: Use `ite_eq_right` instead
warning: DifferentialGeometry/Analysis/Spectral/Intrinsic/HeatSemigroup/GalerkinParabolicEnergyDeTurck.lean:1153:34: `if_pos` has been deprecated: Use `ite_eq_left` instead
warning: DifferentialGeometry/Analysis/Spectral/Intrinsic/HeatSemigroup/GalerkinParabolicEnergyDeTurck.lean:1421:38: `if_pos` has been deprecated: Use `ite_eq_left` instead
warning: DifferentialGeometry/Analysis/Spectral/Intrinsic/HeatSemigroup/GalerkinParabolicEnergyDeTurck.lean:1425:42: `if_pos` has been deprecated: Use `ite_eq_left` instead
⚠ [10800/10916] Replayed DifferentialGeometry.Analysis.Spectral.Intrinsic.HeatSemigroup.TimeL2EigenProjection
warning: DifferentialGeometry/Analysis/Spectral/Intrinsic/HeatSemigroup/TimeL2EigenProjection.lean:123:10: `if_pos` has been deprecated: Use `ite_eq_left` instead
warning: DifferentialGeometry/Analysis/Spectral/Intrinsic/HeatSemigroup/TimeL2EigenProjection.lean:123:21: `if_pos` has been deprecated: Use `ite_eq_left` instead
warning: DifferentialGeometry/Analysis/Spectral/Intrinsic/HeatSemigroup/TimeL2EigenProjection.lean:124:10: `if_neg` has been deprecated: Use `ite_eq_right` instead
warning: DifferentialGeometry/Analysis/Spectral/Intrinsic/HeatSemigroup/TimeL2EigenProjection.lean:124:21: `if_neg` has been deprecated: Use `ite_eq_right` instead
warning: DifferentialGeometry/Analysis/Spectral/Intrinsic/HeatSemigroup/TimeL2EigenProjection.lean:130:19: `if_neg` has been deprecated: Use `ite_eq_right` instead
warning: DifferentialGeometry/Analysis/Spectral/Intrinsic/HeatSemigroup/TimeL2EigenProjection.lean:147:77: `if_neg` has been deprecated: Use `ite_eq_right` instead
warning: DifferentialGeometry/Analysis/Spectral/Intrinsic/HeatSemigroup/TimeL2EigenProjection.lean:148:44: `if_pos` has been deprecated: Use `ite_eq_left` instead
⚠ [10813/10916] Replayed DifferentialGeometry.Analysis.Spectral.Intrinsic.HeatSemigroup.SpectralEigenSeriesJointGramRawComponentJetBound
warning: DifferentialGeometry/Analysis/Spectral/Intrinsic/HeatSemigroup/SpectralEigenSeriesJointGramRawComponentJetBound.lean:337:8: `dif_pos` has been deprecated: Use `dite_eq_left` instead
⚠ [10814/10916] Replayed DifferentialGeometry.Analysis.Spectral.Intrinsic.HeatSemigroup.SpectralEigenSeriesJointGramEigenChartIncrementMajorant
warning: DifferentialGeometry/Analysis/Spectral/Intrinsic/HeatSemigroup/SpectralEigenSeriesJointGramEigenChartIncrementMajorant.lean:293:8: `dif_pos` has been deprecated: Use `dite_eq_left` instead
⚠ [10822/10916] Replayed DifferentialGeometry.Analysis.Spectral.Intrinsic.HeatSemigroup.DeTurckRemainderPathTimeJet
warning: DifferentialGeometry/Analysis/Spectral/Intrinsic/HeatSemigroup/DeTurckRemainderPathTimeJet.lean:1137:24: `dif_pos` has been deprecated: Use `dite_eq_left` instead
⚠ [10823/10916] Replayed DifferentialGeometry.Analysis.Calculus.SmoothExtension.BorelHalfLine
warning: DifferentialGeometry/Analysis/Calculus/SmoothExtension/BorelHalfLine.lean:232:21: `if_pos` has been deprecated: Use `ite_eq_left` instead
warning: DifferentialGeometry/Analysis/Calculus/SmoothExtension/BorelHalfLine.lean:238:8: `if_pos` has been deprecated: Use `ite_eq_left` instead
warning: DifferentialGeometry/Analysis/Calculus/SmoothExtension/BorelHalfLine.lean:240:8: `if_neg` has been deprecated: Use `ite_eq_right` instead
warning: DifferentialGeometry/Analysis/Calculus/SmoothExtension/BorelHalfLine.lean:282:10: `if_pos` has been deprecated: Use `ite_eq_left` instead
warning: DifferentialGeometry/Analysis/Calculus/SmoothExtension/BorelHalfLine.lean:282:22: `if_pos` has been deprecated: Use `ite_eq_left` instead
warning: DifferentialGeometry/Analysis/Calculus/SmoothExtension/BorelHalfLine.lean:285:10: `if_neg` has been deprecated: Use `ite_eq_right` instead
warning: DifferentialGeometry/Analysis/Calculus/SmoothExtension/BorelHalfLine.lean:285:40: `if_neg` has been deprecated: Use `ite_eq_right` instead
warning: DifferentialGeometry/Analysis/Calculus/SmoothExtension/BorelHalfLine.lean:315:45: `if_neg` has been deprecated: Use `ite_eq_right` instead
warning: DifferentialGeometry/Analysis/Calculus/SmoothExtension/BorelHalfLine.lean:316:8: `if_pos` has been deprecated: Use `ite_eq_left` instead
⚠ [10824/10916] Replayed DifferentialGeometry.Analysis.Calculus.SmoothExtension.BorelHalfLineParam
warning: DifferentialGeometry/Analysis/Calculus/SmoothExtension/BorelHalfLineParam.lean:347:21: `if_pos` has been deprecated: Use `ite_eq_left` instead
warning: DifferentialGeometry/Analysis/Calculus/SmoothExtension/BorelHalfLineParam.lean:353:8: `if_pos` has been deprecated: Use `ite_eq_left` instead
warning: DifferentialGeometry/Analysis/Calculus/SmoothExtension/BorelHalfLineParam.lean:354:8: `if_neg` has been deprecated: Use `ite_eq_right` instead
warning: DifferentialGeometry/Analysis/Calculus/SmoothExtension/BorelHalfLineParam.lean:393:8: `if_pos` has been deprecated: Use `ite_eq_left` instead
warning: DifferentialGeometry/Analysis/Calculus/SmoothExtension/BorelHalfLineParam.lean:393:20: `if_pos` has been deprecated: Use `ite_eq_left` instead
warning: DifferentialGeometry/Analysis/Calculus/SmoothExtension/BorelHalfLineParam.lean:396:8: `if_neg` has been deprecated: Use `ite_eq_right` instead
warning: DifferentialGeometry/Analysis/Calculus/SmoothExtension/BorelHalfLineParam.lean:396:38: `if_neg` has been deprecated: Use `ite_eq_right` instead
warning: DifferentialGeometry/Analysis/Calculus/SmoothExtension/BorelHalfLineParam.lean:484:26: `if_pos` has been deprecated: Use `ite_eq_left` instead
warning: DifferentialGeometry/Analysis/Calculus/SmoothExtension/BorelHalfLineParam.lean:491:8: `if_pos` has been deprecated: Use `ite_eq_left` instead
warning: DifferentialGeometry/Analysis/Calculus/SmoothExtension/BorelHalfLineParam.lean:492:8: `if_neg` has been deprecated: Use `ite_eq_right` instead
warning: DifferentialGeometry/Analysis/Calculus/SmoothExtension/BorelHalfLineParam.lean:515:61: `if_neg` has been deprecated: Use `ite_eq_right` instead
warning: DifferentialGeometry/Analysis/Calculus/SmoothExtension/BorelHalfLineParam.lean:516:4: `if_pos` has been deprecated: Use `ite_eq_left` instead
warning: DifferentialGeometry/Analysis/Calculus/SmoothExtension/BorelHalfLineParam.lean:628:14: `if_pos` has been deprecated: Use `ite_eq_left` instead
warning: DifferentialGeometry/Analysis/Calculus/SmoothExtension/BorelHalfLineParam.lean:630:14: `if_neg` has been deprecated: Use `ite_eq_right` instead
warning: DifferentialGeometry/Analysis/Calculus/SmoothExtension/BorelHalfLineParam.lean:635:66: `if_neg` has been deprecated: Use `ite_eq_right` instead
warning: DifferentialGeometry/Analysis/Calculus/SmoothExtension/BorelHalfLineParam.lean:636:8: `if_pos` has been deprecated: Use `ite_eq_left` instead
warning: DifferentialGeometry/Analysis/Calculus/SmoothExtension/BorelHalfLineParam.lean:644:48: `if_pos` has been deprecated: Use `ite_eq_left` instead
warning: DifferentialGeometry/Analysis/Calculus/SmoothExtension/BorelHalfLineParam.lean:646:48: `if_neg` has been deprecated: Use `ite_eq_right` instead
warning: DifferentialGeometry/Analysis/Calculus/SmoothExtension/BorelHalfLineParam.lean:651:46: `if_pos` has been deprecated: Use `ite_eq_left` instead
warning: DifferentialGeometry/Analysis/Calculus/SmoothExtension/BorelHalfLineParam.lean:700:25: `if_pos` has been deprecated: Use `ite_eq_left` instead
warning: DifferentialGeometry/Analysis/Calculus/SmoothExtension/BorelHalfLineParam.lean:707:27: `if_pos` has been deprecated: Use `ite_eq_left` instead
warning: DifferentialGeometry/Analysis/Calculus/SmoothExtension/BorelHalfLineParam.lean:709:27: `if_neg` has been deprecated: Use `ite_eq_right` instead
warning: DifferentialGeometry/Analysis/Calculus/SmoothExtension/BorelHalfLineParam.lean:715:32: `if_pos` has been deprecated: Use `ite_eq_left` instead
warning: DifferentialGeometry/Analysis/Calculus/SmoothExtension/BorelHalfLineParam.lean:720:32: `if_neg` has been deprecated: Use `ite_eq_right` instead
warning: DifferentialGeometry/Analysis/Calculus/SmoothExtension/BorelHalfLineParam.lean:743:32: `if_pos` has been deprecated: Use `ite_eq_left` instead
warning: DifferentialGeometry/Analysis/Calculus/SmoothExtension/BorelHalfLineParam.lean:763:32: `if_pos` has been deprecated: Use `ite_eq_left` instead
warning: DifferentialGeometry/Analysis/Calculus/SmoothExtension/BorelHalfLineParam.lean:778:32: `if_neg` has been deprecated: Use `ite_eq_right` instead
warning: DifferentialGeometry/Analysis/Calculus/SmoothExtension/BorelHalfLineParam.lean:784:26: `if_pos` has been deprecated: Use `ite_eq_left` instead
warning: DifferentialGeometry/Analysis/Calculus/SmoothExtension/BorelHalfLineParam.lean:1058:22: `if_pos` has been deprecated: Use `ite_eq_left` instead
warning: DifferentialGeometry/Analysis/Calculus/SmoothExtension/BorelHalfLineParam.lean:1059:12: `if_neg` has been deprecated: Use `ite_eq_right` instead
warning: DifferentialGeometry/Analysis/Calculus/SmoothExtension/BorelHalfLineParam.lean:1060:64: `if_neg` has been deprecated: Use `ite_eq_right` instead
warning: DifferentialGeometry/Analysis/Calculus/SmoothExtension/BorelHalfLineParam.lean:1061:6: `if_pos` has been deprecated: Use `ite_eq_left` instead
warning: DifferentialGeometry/Analysis/Calculus/SmoothExtension/BorelHalfLineParam.lean:1173:59: `if_false` has been deprecated: Use `ite_false` instead
warning: DifferentialGeometry/Analysis/Calculus/SmoothExtension/BorelHalfLineParam.lean:1175:48: `if_pos` has been deprecated: Use `ite_eq_left` instead
warning: DifferentialGeometry/Analysis/Calculus/SmoothExtension/BorelHalfLineParam.lean:1179:46: `if_neg` has been deprecated: Use `ite_eq_right` instead
warning: DifferentialGeometry/Analysis/Calculus/SmoothExtension/BorelHalfLineParam.lean:1179:72: `if_pos` has been deprecated: Use `ite_eq_left` instead
warning: DifferentialGeometry/Analysis/Calculus/SmoothExtension/BorelHalfLineParam.lean:1185:48: `if_neg` has been deprecated: Use `ite_eq_right` instead
warning: DifferentialGeometry/Analysis/Calculus/SmoothExtension/BorelHalfLineParam.lean:1186:10: `if_pos` has been deprecated: Use `ite_eq_left` instead
warning: DifferentialGeometry/Analysis/Calculus/SmoothExtension/BorelHalfLineParam.lean:1188:48: `if_neg` has been deprecated: Use `ite_eq_right` instead
warning: DifferentialGeometry/Analysis/Calculus/SmoothExtension/BorelHalfLineParam.lean:1189:10: `if_neg` has been deprecated: Use `ite_eq_right` instead
warning: DifferentialGeometry/Analysis/Calculus/SmoothExtension/BorelHalfLineParam.lean:1193:27: `if_pos` has been deprecated: Use `ite_eq_left` instead
warning: DifferentialGeometry/Analysis/Calculus/SmoothExtension/BorelHalfLineParam.lean:1198:38: `if_false` has been deprecated: Use `ite_false` instead
warning: DifferentialGeometry/Analysis/Calculus/SmoothExtension/BorelHalfLineParam.lean:1203:25: `if_neg` has been deprecated: Use `ite_eq_right` instead
warning: DifferentialGeometry/Analysis/Calculus/SmoothExtension/BorelHalfLineParam.lean:1203:51: `if_pos` has been deprecated: Use `ite_eq_left` instead
warning: DifferentialGeometry/Analysis/Calculus/SmoothExtension/BorelHalfLineParam.lean:1208:32: `if_neg` has been deprecated: Use `ite_eq_right` instead
warning: DifferentialGeometry/Analysis/Calculus/SmoothExtension/BorelHalfLineParam.lean:1208:67: `if_pos` has been deprecated: Use `ite_eq_left` instead
warning: DifferentialGeometry/Analysis/Calculus/SmoothExtension/BorelHalfLineParam.lean:1211:27: `if_neg` has been deprecated: Use `ite_eq_right` instead
warning: DifferentialGeometry/Analysis/Calculus/SmoothExtension/BorelHalfLineParam.lean:1211:77: `if_neg` has been deprecated: Use `ite_eq_right` instead
warning: DifferentialGeometry/Analysis/Calculus/SmoothExtension/BorelHalfLineParam.lean:1217:32: `if_pos` has been deprecated: Use `ite_eq_left` instead
warning: DifferentialGeometry/Analysis/Calculus/SmoothExtension/BorelHalfLineParam.lean:1222:43: `if_false` has been deprecated: Use `ite_false` instead
warning: DifferentialGeometry/Analysis/Calculus/SmoothExtension/BorelHalfLineParam.lean:1227:34: `if_neg` has been deprecated: Use `ite_eq_right` instead
warning: DifferentialGeometry/Analysis/Calculus/SmoothExtension/BorelHalfLineParam.lean:1227:69: `if_pos` has been deprecated: Use `ite_eq_left` instead
warning: DifferentialGeometry/Analysis/Calculus/SmoothExtension/BorelHalfLineParam.lean:1231:21: `if_neg` has been deprecated: Use `ite_eq_right` instead
warning: DifferentialGeometry/Analysis/Calculus/SmoothExtension/BorelHalfLineParam.lean:1231:71: `if_neg` has been deprecated: Use `ite_eq_right` instead
warning: DifferentialGeometry/Analysis/Calculus/SmoothExtension/BorelHalfLineParam.lean:1251:32: `if_pos` has been deprecated: Use `ite_eq_left` instead
warning: DifferentialGeometry/Analysis/Calculus/SmoothExtension/BorelHalfLineParam.lean:1279:43: `if_false` has been deprecated: Use `ite_false` instead
warning: DifferentialGeometry/Analysis/Calculus/SmoothExtension/BorelHalfLineParam.lean:1293:34: `if_neg` has been deprecated: Use `ite_eq_right` instead
warning: DifferentialGeometry/Analysis/Calculus/SmoothExtension/BorelHalfLineParam.lean:1293:69: `if_pos` has been deprecated: Use `ite_eq_left` instead
warning: DifferentialGeometry/Analysis/Calculus/SmoothExtension/BorelHalfLineParam.lean:1315:34: `if_neg` has been deprecated: Use `ite_eq_right` instead
warning: DifferentialGeometry/Analysis/Calculus/SmoothExtension/BorelHalfLineParam.lean:1315:69: `if_pos` has been deprecated: Use `ite_eq_left` instead
warning: DifferentialGeometry/Analysis/Calculus/SmoothExtension/BorelHalfLineParam.lean:1321:30: `if_neg` has been deprecated: Use `ite_eq_right` instead
warning: DifferentialGeometry/Analysis/Calculus/SmoothExtension/BorelHalfLineParam.lean:1321:65: `if_pos` has been deprecated: Use `ite_eq_left` instead
warning: DifferentialGeometry/Analysis/Calculus/SmoothExtension/BorelHalfLineParam.lean:1333:21: `if_neg` has been deprecated: Use `ite_eq_right` instead
warning: DifferentialGeometry/Analysis/Calculus/SmoothExtension/BorelHalfLineParam.lean:1333:71: `if_neg` has been deprecated: Use `ite_eq_right` instead
warning: DifferentialGeometry/Analysis/Calculus/SmoothExtension/BorelHalfLineParam.lean:1340:26: `if_neg` has been deprecated: Use `ite_eq_right` instead
warning: DifferentialGeometry/Analysis/Calculus/SmoothExtension/BorelHalfLineParam.lean:1340:51: `if_pos` has been deprecated: Use `ite_eq_left` instead
⚠ [10825/10916] Replayed DifferentialGeometry.Analysis.Spectral.Intrinsic.HeatSemigroup.SmoothCoordinateJetPreservation
warning: DifferentialGeometry/Analysis/Spectral/Intrinsic/HeatSemigroup/SmoothCoordinateJetPreservation.lean:405:27: `if_pos` has been deprecated: Use `ite_eq_left` instead
warning: DifferentialGeometry/Analysis/Spectral/Intrinsic/HeatSemigroup/SmoothCoordinateJetPreservation.lean:478:54: `if_neg` has been deprecated: Use `ite_eq_right` instead
⚠ [10826/10916] Replayed DifferentialGeometry.Analysis.Calculus.ContDiffExtendInterval
warning: DifferentialGeometry/Analysis/Calculus/ContDiffExtendInterval.lean:59:8: `if_pos` has been deprecated: Use `ite_eq_left` instead
warning: DifferentialGeometry/Analysis/Calculus/ContDiffExtendInterval.lean:61:8: `if_neg` has been deprecated: Use `ite_eq_right` instead
warning: DifferentialGeometry/Analysis/Calculus/ContDiffExtendInterval.lean:189:27: `if_pos` has been deprecated: Use `ite_eq_left` instead
warning: DifferentialGeometry/Analysis/Calculus/ContDiffExtendInterval.lean:194:12: `if_pos` has been deprecated: Use `ite_eq_left` instead
warning: DifferentialGeometry/Analysis/Calculus/ContDiffExtendInterval.lean:196:12: `if_neg` has been deprecated: Use `ite_eq_right` instead
warning: DifferentialGeometry/Analysis/Calculus/ContDiffExtendInterval.lean:201:71: `if_pos` has been deprecated: Use `ite_eq_left` instead
warning: DifferentialGeometry/Analysis/Calculus/ContDiffExtendInterval.lean:208:14: `if_pos` has been deprecated: Use `ite_eq_left` instead
warning: DifferentialGeometry/Analysis/Calculus/ContDiffExtendInterval.lean:210:14: `if_neg` has been deprecated: Use `ite_eq_right` instead
warning: DifferentialGeometry/Analysis/Calculus/ContDiffExtendInterval.lean:217:55: `if_pos` has been deprecated: Use `ite_eq_left` instead
warning: DifferentialGeometry/Analysis/Calculus/ContDiffExtendInterval.lean:222:26: `if_pos` has been deprecated: Use `ite_eq_left` instead
warning: DifferentialGeometry/Analysis/Calculus/ContDiffExtendInterval.lean:226:12: `if_pos` has been deprecated: Use `ite_eq_left` instead
warning: DifferentialGeometry/Analysis/Calculus/ContDiffExtendInterval.lean:227:12: `if_neg` has been deprecated: Use `ite_eq_right` instead
warning: DifferentialGeometry/Analysis/Calculus/ContDiffExtendInterval.lean:231:46: `if_pos` has been deprecated: Use `ite_eq_left` instead
warning: DifferentialGeometry/Analysis/Calculus/ContDiffExtendInterval.lean:242:29: `if_pos` has been deprecated: Use `ite_eq_left` instead
warning: DifferentialGeometry/Analysis/Calculus/ContDiffExtendInterval.lean:250:18: `if_pos` has been deprecated: Use `ite_eq_left` instead
warning: DifferentialGeometry/Analysis/Calculus/ContDiffExtendInterval.lean:251:18: `if_neg` has been deprecated: Use `ite_eq_right` instead
warning: DifferentialGeometry/Analysis/Calculus/ContDiffExtendInterval.lean:261:8: `if_pos` has been deprecated: Use `ite_eq_left` instead
warning: DifferentialGeometry/Analysis/Calculus/ContDiffExtendInterval.lean:262:8: `if_neg` has been deprecated: Use `ite_eq_right` instead
warning: DifferentialGeometry/Analysis/Calculus/ContDiffExtendInterval.lean:263:25: `if_pos` has been deprecated: Use `ite_eq_left` instead
⚠ [10829/10916] Replayed DifferentialGeometry.Analysis.Spectral.Intrinsic.HeatSemigroup.ForcingFiniteOrderTimeRegularitySpectralPath
warning: DifferentialGeometry/Analysis/Spectral/Intrinsic/HeatSemigroup/ForcingFiniteOrderTimeRegularitySpectralPath.lean:319:25: `dif_pos` has been deprecated: Use `dite_eq_left` instead
warning: DifferentialGeometry/Analysis/Spectral/Intrinsic/HeatSemigroup/ForcingFiniteOrderTimeRegularitySpectralPath.lean:723:10: `if_pos` has been deprecated: Use `ite_eq_left` instead
⚠ [10831/10916] Replayed DifferentialGeometry.Analysis.Spectral.Intrinsic.HeatSemigroup.ForcingFiniteOrderTimeRegularity
warning: DifferentialGeometry/Analysis/Spectral/Intrinsic/HeatSemigroup/ForcingFiniteOrderTimeRegularity.lean:634:25: `dif_pos` has been deprecated: Use `dite_eq_left` instead
warning: DifferentialGeometry/Analysis/Spectral/Intrinsic/HeatSemigroup/ForcingFiniteOrderTimeRegularity.lean:813:34: `if_pos` has been deprecated: Use `ite_eq_left` instead
warning: DifferentialGeometry/Analysis/Spectral/Intrinsic/HeatSemigroup/ForcingFiniteOrderTimeRegularity.lean:817:34: `if_neg` has been deprecated: Use `ite_eq_right` instead
warning: DifferentialGeometry/Analysis/Spectral/Intrinsic/HeatSemigroup/ForcingFiniteOrderTimeRegularity.lean:2878:27: `if_pos` has been deprecated: Use `ite_eq_left` instead
warning: DifferentialGeometry/Analysis/Spectral/Intrinsic/HeatSemigroup/ForcingFiniteOrderTimeRegularity.lean:2951:54: `if_neg` has been deprecated: Use `ite_eq_right` instead
⚠ [10836/10916] Replayed DifferentialGeometry.Analysis.Spectral.Intrinsic.HeatSemigroup.MaxRegSolutionRegularity
warning: DifferentialGeometry/Analysis/Spectral/Intrinsic/HeatSemigroup/MaxRegSolutionRegularity.lean:82:8: `if_pos` has been deprecated: Use `ite_eq_left` instead
warning: DifferentialGeometry/Analysis/Spectral/Intrinsic/HeatSemigroup/MaxRegSolutionRegularity.lean:82:19: `dif_pos` has been deprecated: Use `dite_eq_left` instead
warning: DifferentialGeometry/Analysis/Spectral/Intrinsic/HeatSemigroup/MaxRegSolutionRegularity.lean:84:8: `if_neg` has been deprecated: Use `ite_eq_right` instead
warning: DifferentialGeometry/Analysis/Spectral/Intrinsic/HeatSemigroup/MaxRegSolutionRegularity.lean:84:19: `dif_neg` has been deprecated: Use `dite_eq_right` instead
warning: DifferentialGeometry/Analysis/Spectral/Intrinsic/HeatSemigroup/MaxRegSolutionRegularity.lean:146:38: `if_pos` has been deprecated: Use `ite_eq_left` instead
warning: DifferentialGeometry/Analysis/Spectral/Intrinsic/HeatSemigroup/MaxRegSolutionRegularity.lean:148:38: `if_neg` has been deprecated: Use `ite_eq_right` instead
warning: DifferentialGeometry/Analysis/Spectral/Intrinsic/HeatSemigroup/MaxRegSolutionRegularity.lean:693:10: `if_pos` has been deprecated: Use `ite_eq_left` instead
warning: DifferentialGeometry/Analysis/Spectral/Intrinsic/HeatSemigroup/MaxRegSolutionRegularity.lean:693:21: `if_pos` has been deprecated: Use `ite_eq_left` instead
warning: DifferentialGeometry/Analysis/Spectral/Intrinsic/HeatSemigroup/MaxRegSolutionRegularity.lean:694:10: `if_neg` has been deprecated: Use `ite_eq_right` instead
warning: DifferentialGeometry/Analysis/Spectral/Intrinsic/HeatSemigroup/MaxRegSolutionRegularity.lean:694:21: `if_neg` has been deprecated: Use `ite_eq_right` instead
warning: DifferentialGeometry/Analysis/Spectral/Intrinsic/HeatSemigroup/MaxRegSolutionRegularity.lean:700:40: `if_pos` has been deprecated: Use `ite_eq_left` instead
warning: DifferentialGeometry/Analysis/Spectral/Intrinsic/HeatSemigroup/MaxRegSolutionRegularity.lean:721:40: `if_neg` has been deprecated: Use `ite_eq_right` instead
warning: DifferentialGeometry/Analysis/Spectral/Intrinsic/HeatSemigroup/MaxRegSolutionRegularity.lean:731:44: `if_neg` has been deprecated: Use `ite_eq_right` instead
warning: DifferentialGeometry/Analysis/Spectral/Intrinsic/HeatSemigroup/MaxRegSolutionRegularity.lean:777:10: `dif_pos` has been deprecated: Use `dite_eq_left` instead
warning: DifferentialGeometry/Analysis/Spectral/Intrinsic/HeatSemigroup/MaxRegSolutionRegularity.lean:777:23: `if_pos` has been deprecated: Use `ite_eq_left` instead
warning: DifferentialGeometry/Analysis/Spectral/Intrinsic/HeatSemigroup/MaxRegSolutionRegularity.lean:778:10: `dif_neg` has been deprecated: Use `dite_eq_right` instead
warning: DifferentialGeometry/Analysis/Spectral/Intrinsic/HeatSemigroup/MaxRegSolutionRegularity.lean:778:23: `if_neg` has been deprecated: Use `ite_eq_right` instead
warning: DifferentialGeometry/Analysis/Spectral/Intrinsic/HeatSemigroup/MaxRegSolutionRegularity.lean:933:42: `if_pos` has been deprecated: Use `ite_eq_left` instead
warning: DifferentialGeometry/Analysis/Spectral/Intrinsic/HeatSemigroup/MaxRegSolutionRegularity.lean:935:42: `if_neg` has been deprecated: Use `ite_eq_right` instead
warning: DifferentialGeometry/Analysis/Spectral/Intrinsic/HeatSemigroup/MaxRegSolutionRegularity.lean:1046:47: `ContinuousLinearMap.lipschitz` has been deprecated: Use `ContinuousLinearMap.lipschitzWith` instead
warning: DifferentialGeometry/Analysis/Spectral/Intrinsic/HeatSemigroup/MaxRegSolutionRegularity.lean:1053:54: `ContinuousLinearMap.lipschitz` has been deprecated: Use `ContinuousLinearMap.lipschitzWith` instead
warning: DifferentialGeometry/Analysis/Spectral/Intrinsic/HeatSemigroup/MaxRegSolutionRegularity.lean:1054:52: `ContinuousLinearMap.lipschitz` has been deprecated: Use `ContinuousLinearMap.lipschitzWith` instead
warning: DifferentialGeometry/Analysis/Spectral/Intrinsic/HeatSemigroup/MaxRegSolutionRegularity.lean:1098:10: `dif_pos` has been deprecated: Use `dite_eq_left` instead
warning: DifferentialGeometry/Analysis/Spectral/Intrinsic/HeatSemigroup/MaxRegSolutionRegularity.lean:1098:23: `if_pos` has been deprecated: Use `ite_eq_left` instead
warning: DifferentialGeometry/Analysis/Spectral/Intrinsic/HeatSemigroup/MaxRegSolutionRegularity.lean:1099:10: `dif_neg` has been deprecated: Use `dite_eq_right` instead
warning: DifferentialGeometry/Analysis/Spectral/Intrinsic/HeatSemigroup/MaxRegSolutionRegularity.lean:1099:23: `if_neg` has been deprecated: Use `ite_eq_right` instead
warning: DifferentialGeometry/Analysis/Spectral/Intrinsic/HeatSemigroup/MaxRegSolutionRegularity.lean:1222:10: `if_pos` has been deprecated: Use `ite_eq_left` instead
warning: DifferentialGeometry/Analysis/Spectral/Intrinsic/HeatSemigroup/MaxRegSolutionRegularity.lean:1222:21: `if_pos` has been deprecated: Use `ite_eq_left` instead
warning: DifferentialGeometry/Analysis/Spectral/Intrinsic/HeatSemigroup/MaxRegSolutionRegularity.lean:1223:10: `if_neg` has been deprecated: Use `ite_eq_right` instead
warning: DifferentialGeometry/Analysis/Spectral/Intrinsic/HeatSemigroup/MaxRegSolutionRegularity.lean:1223:21: `if_neg` has been deprecated: Use `ite_eq_right` instead
warning: DifferentialGeometry/Analysis/Spectral/Intrinsic/HeatSemigroup/MaxRegSolutionRegularity.lean:1229:40: `if_pos` has been deprecated: Use `ite_eq_left` instead
warning: DifferentialGeometry/Analysis/Spectral/Intrinsic/HeatSemigroup/MaxRegSolutionRegularity.lean:1250:40: `if_neg` has been deprecated: Use `ite_eq_right` instead
warning: DifferentialGeometry/Analysis/Spectral/Intrinsic/HeatSemigroup/MaxRegSolutionRegularity.lean:1260:48: `if_neg` has been deprecated: Use `ite_eq_right` instead
warning: DifferentialGeometry/Analysis/Spectral/Intrinsic/HeatSemigroup/MaxRegSolutionRegularity.lean:1631:10: `if_pos` has been deprecated: Use `ite_eq_left` instead
warning: DifferentialGeometry/Analysis/Spectral/Intrinsic/HeatSemigroup/MaxRegSolutionRegularity.lean:1631:21: `if_pos` has been deprecated: Use `ite_eq_left` instead
warning: DifferentialGeometry/Analysis/Spectral/Intrinsic/HeatSemigroup/MaxRegSolutionRegularity.lean:1632:10: `if_neg` has been deprecated: Use `ite_eq_right` instead
warning: DifferentialGeometry/Analysis/Spectral/Intrinsic/HeatSemigroup/MaxRegSolutionRegularity.lean:1632:21: `if_neg` has been deprecated: Use `ite_eq_right` instead
warning: DifferentialGeometry/Analysis/Spectral/Intrinsic/HeatSemigroup/MaxRegSolutionRegularity.lean:1642:42: `if_pos` has been deprecated: Use `ite_eq_left` instead
warning: DifferentialGeometry/Analysis/Spectral/Intrinsic/HeatSemigroup/MaxRegSolutionRegularity.lean:1646:42: `if_neg` has been deprecated: Use `ite_eq_right` instead
warning: DifferentialGeometry/Analysis/Spectral/Intrinsic/HeatSemigroup/MaxRegSolutionRegularity.lean:1654:18: `if_neg` has been deprecated: Use `ite_eq_right` instead
warning: DifferentialGeometry/Analysis/Spectral/Intrinsic/HeatSemigroup/MaxRegSolutionRegularity.lean:1685:44: `if_pos` has been deprecated: Use `ite_eq_left` instead
warning: DifferentialGeometry/Analysis/Spectral/Intrinsic/HeatSemigroup/MaxRegSolutionRegularity.lean:1703:15: `if_pos` has been deprecated: Use `ite_eq_left` instead
warning: DifferentialGeometry/Analysis/Spectral/Intrinsic/HeatSemigroup/MaxRegSolutionRegularity.lean:1738:43: `if_pos` has been deprecated: Use `ite_eq_left` instead
warning: DifferentialGeometry/Analysis/Spectral/Intrinsic/HeatSemigroup/MaxRegSolutionRegularity.lean:1758:41: `if_pos` has been deprecated: Use `ite_eq_left` instead
warning: DifferentialGeometry/Analysis/Spectral/Intrinsic/HeatSemigroup/MaxRegSolutionRegularity.lean:1765:41: `if_neg` has been deprecated: Use `ite_eq_right` instead
warning: DifferentialGeometry/Analysis/Spectral/Intrinsic/HeatSemigroup/MaxRegSolutionRegularity.lean:1773:16: `if_neg` has been deprecated: Use `ite_eq_right` instead
warning: DifferentialGeometry/Analysis/Spectral/Intrinsic/HeatSemigroup/MaxRegSolutionRegularity.lean:1932:44: `if_pos` has been deprecated: Use `ite_eq_left` instead
warning: DifferentialGeometry/Analysis/Spectral/Intrinsic/HeatSemigroup/MaxRegSolutionRegularity.lean:2289:10: `if_neg` has been deprecated: Use `ite_eq_right` instead
warning: DifferentialGeometry/Analysis/Spectral/Intrinsic/HeatSemigroup/MaxRegSolutionRegularity.lean:2292:8: `if_neg` has been deprecated: Use `ite_eq_right` instead
warning: DifferentialGeometry/Analysis/Spectral/Intrinsic/HeatSemigroup/MaxRegSolutionRegularity.lean:2294:8: `if_neg` has been deprecated: Use `ite_eq_right` instead
warning: DifferentialGeometry/Analysis/Spectral/Intrinsic/HeatSemigroup/MaxRegSolutionRegularity.lean:2309:8: `if_pos` has been deprecated: Use `ite_eq_left` instead
warning: DifferentialGeometry/Analysis/Spectral/Intrinsic/HeatSemigroup/MaxRegSolutionRegularity.lean:2311:8: `if_neg` has been deprecated: Use `ite_eq_right` instead
warning: DifferentialGeometry/Analysis/Spectral/Intrinsic/HeatSemigroup/MaxRegSolutionRegularity.lean:3394:23: `dif_pos` has been deprecated: Use `dite_eq_left` instead
warning: DifferentialGeometry/Analysis/Spectral/Intrinsic/HeatSemigroup/MaxRegSolutionRegularity.lean:4519:26: `dif_pos` has been deprecated: Use `dite_eq_left` instead
warning: DifferentialGeometry/Analysis/Spectral/Intrinsic/HeatSemigroup/MaxRegSolutionRegularity.lean:4544:8: `if_neg` has been deprecated: Use `ite_eq_right` instead
warning: DifferentialGeometry/Analysis/Spectral/Intrinsic/HeatSemigroup/MaxRegSolutionRegularity.lean:4550:55: `if_pos` has been deprecated: Use `ite_eq_left` instead
warning: DifferentialGeometry/Analysis/Spectral/Intrinsic/HeatSemigroup/MaxRegSolutionRegularity.lean:4588:50: `if_neg` has been deprecated: Use `ite_eq_right` instead
warning: DifferentialGeometry/Analysis/Spectral/Intrinsic/HeatSemigroup/MaxRegSolutionRegularity.lean:4604:55: `if_pos` has been deprecated: Use `ite_eq_left` instead
warning: DifferentialGeometry/Analysis/Spectral/Intrinsic/HeatSemigroup/MaxRegSolutionRegularity.lean:4821:26: `dif_pos` has been deprecated: Use `dite_eq_left` instead
warning: DifferentialGeometry/Analysis/Spectral/Intrinsic/HeatSemigroup/MaxRegSolutionRegularity.lean:4827:8: `if_neg` has been deprecated: Use `ite_eq_right` instead
warning: DifferentialGeometry/Analysis/Spectral/Intrinsic/HeatSemigroup/MaxRegSolutionRegularity.lean:4833:55: `if_pos` has been deprecated: Use `ite_eq_left` instead
warning: DifferentialGeometry/Analysis/Spectral/Intrinsic/HeatSemigroup/MaxRegSolutionRegularity.lean:4862:50: `if_neg` has been deprecated: Use `ite_eq_right` instead
warning: DifferentialGeometry/Analysis/Spectral/Intrinsic/HeatSemigroup/MaxRegSolutionRegularity.lean:4878:55: `if_pos` has been deprecated: Use `ite_eq_left` instead
⚠ [10861/10916] Replayed DifferentialGeometry.Analysis.ODE.TimeDependentFlow.BoundaryExtension.FullIntervalFlow
warning: DifferentialGeometry/Analysis/ODE/TimeDependentFlow/BoundaryExtension/FullIntervalFlow.lean:80:26: `if_pos` has been deprecated: Use `ite_eq_left` instead
warning: DifferentialGeometry/Analysis/ODE/TimeDependentFlow/BoundaryExtension/FullIntervalFlow.lean:82:26: `if_neg` has been deprecated: Use `ite_eq_right` instead
warning: DifferentialGeometry/Analysis/ODE/TimeDependentFlow/BoundaryExtension/FullIntervalFlow.lean:85:24: `if_pos` has been deprecated: Use `ite_eq_left` instead
warning: DifferentialGeometry/Analysis/ODE/TimeDependentFlow/BoundaryExtension/FullIntervalFlow.lean:113:24: `if_pos` has been deprecated: Use `ite_eq_left` instead
warning: DifferentialGeometry/Analysis/ODE/TimeDependentFlow/BoundaryExtension/FullIntervalFlow.lean:164:28: `if_pos` has been deprecated: Use `ite_eq_left` instead
warning: DifferentialGeometry/Analysis/ODE/TimeDependentFlow/BoundaryExtension/FullIntervalFlow.lean:165:59: `if_pos` has been deprecated: Use `ite_eq_left` instead
warning: DifferentialGeometry/Analysis/ODE/TimeDependentFlow/BoundaryExtension/FullIntervalFlow.lean:180:26: `if_pos` has been deprecated: Use `ite_eq_left` instead
warning: DifferentialGeometry/Analysis/ODE/TimeDependentFlow/BoundaryExtension/FullIntervalFlow.lean:181:26: `if_neg` has been deprecated: Use `ite_eq_right` instead
⚠ [10862/10916] Replayed DifferentialGeometry.Analysis.ODE.TimeDependentFlow.DiffeomorphismFamily.ChartBridge
warning: DifferentialGeometry/Analysis/ODE/TimeDependentFlow/DiffeomorphismFamily/ChartBridge.lean:97:19: `dif_neg` has been deprecated: Use `dite_eq_right` instead
warning: DifferentialGeometry/Analysis/ODE/TimeDependentFlow/DiffeomorphismFamily/ChartBridge.lean:100:23: `dif_pos` has been deprecated: Use `dite_eq_left` instead
warning: DifferentialGeometry/Analysis/ODE/TimeDependentFlow/DiffeomorphismFamily/ChartBridge.lean:117:19: `dif_neg` has been deprecated: Use `dite_eq_right` instead
warning: DifferentialGeometry/Analysis/ODE/TimeDependentFlow/DiffeomorphismFamily/ChartBridge.lean:120:23: `dif_pos` has been deprecated: Use `dite_eq_left` instead
⚠ [10875/10916] Replayed DifferentialGeometry.Geometry.Flow.RicciFlow.Uniqueness.Forward.IntegrationByParts
warning: DifferentialGeometry/Geometry/Flow/RicciFlow/Uniqueness/Forward/IntegrationByParts.lean:160:10: `if_pos` has been deprecated: Use `ite_eq_left` instead
warning: DifferentialGeometry/Geometry/Flow/RicciFlow/Uniqueness/Forward/IntegrationByParts.lean:163:10: `if_neg` has been deprecated: Use `ite_eq_right` instead
warning: DifferentialGeometry/Geometry/Flow/RicciFlow/Uniqueness/Forward/IntegrationByParts.lean:201:8: `if_pos` has been deprecated: Use `ite_eq_left` instead
warning: DifferentialGeometry/Geometry/Flow/RicciFlow/Uniqueness/Forward/IntegrationByParts.lean:206:8: `if_neg` has been deprecated: Use `ite_eq_right` instead
⚠ [10878/10916] Replayed DifferentialGeometry.Geometry.Flow.RicciFlow.Uniqueness.Forward.CurvatureBounds
warning: DifferentialGeometry/Geometry/Flow/RicciFlow/Uniqueness/Forward/CurvatureBounds.lean:106:10: `if_neg` has been deprecated: Use `ite_eq_right` instead
warning: DifferentialGeometry/Geometry/Flow/RicciFlow/Uniqueness/Forward/CurvatureBounds.lean:106:20: `if_neg` has been deprecated: Use `ite_eq_right` instead
⚠ [10884/10916] Replayed DifferentialGeometry.Geometry.Flow.RicciFlow.Uniqueness.Forward.Relowering
warning: DifferentialGeometry/Geometry/Flow/RicciFlow/Uniqueness/Forward/Relowering.lean:68:56: `if_pos` has been deprecated: Use `ite_eq_left` instead
warning: DifferentialGeometry/Geometry/Flow/RicciFlow/Uniqueness/Forward/Relowering.lean:74:8: `dif_neg` has been deprecated: Use `dite_eq_right` instead
warning: DifferentialGeometry/Geometry/Flow/RicciFlow/Uniqueness/Forward/Relowering.lean:74:49: `dif_neg` has been deprecated: Use `dite_eq_right` instead
warning: DifferentialGeometry/Geometry/Flow/RicciFlow/Uniqueness/Forward/Relowering.lean:78:56: `if_neg` has been deprecated: Use `ite_eq_right` instead
warning: DifferentialGeometry/Geometry/Flow/RicciFlow/Uniqueness/Forward/Relowering.lean:78:67: `if_pos` has been deprecated: Use `ite_eq_left` instead
warning: DifferentialGeometry/Geometry/Flow/RicciFlow/Uniqueness/Forward/Relowering.lean:81:8: `dif_pos` has been deprecated: Use `dite_eq_left` instead
warning: DifferentialGeometry/Geometry/Flow/RicciFlow/Uniqueness/Forward/Relowering.lean:90:54: `if_neg` has been deprecated: Use `ite_eq_right` instead
warning: DifferentialGeometry/Geometry/Flow/RicciFlow/Uniqueness/Forward/Relowering.lean:90:73: `if_neg` has been deprecated: Use `ite_eq_right` instead
warning: DifferentialGeometry/Geometry/Flow/RicciFlow/Uniqueness/Forward/Relowering.lean:90:92: `if_pos` has been deprecated: Use `ite_eq_left` instead
warning: DifferentialGeometry/Geometry/Flow/RicciFlow/Uniqueness/Forward/Relowering.lean:93:6: `dif_neg` has been deprecated: Use `dite_eq_right` instead
warning: DifferentialGeometry/Geometry/Flow/RicciFlow/Uniqueness/Forward/Relowering.lean:93:43: `dif_pos` has been deprecated: Use `dite_eq_left` instead
warning: DifferentialGeometry/Geometry/Flow/RicciFlow/Uniqueness/Forward/Relowering.lean:103:54: `if_neg` has been deprecated: Use `ite_eq_right` instead
warning: DifferentialGeometry/Geometry/Flow/RicciFlow/Uniqueness/Forward/Relowering.lean:103:73: `if_neg` has been deprecated: Use `ite_eq_right` instead
warning: DifferentialGeometry/Geometry/Flow/RicciFlow/Uniqueness/Forward/Relowering.lean:103:92: `if_neg` has been deprecated: Use `ite_eq_right` instead
warning: DifferentialGeometry/Geometry/Flow/RicciFlow/Uniqueness/Forward/Relowering.lean:106:6: `dif_neg` has been deprecated: Use `dite_eq_right` instead
warning: DifferentialGeometry/Geometry/Flow/RicciFlow/Uniqueness/Forward/Relowering.lean:106:41: `dif_neg` has been deprecated: Use `dite_eq_right` instead
warning: DifferentialGeometry/Geometry/Flow/RicciFlow/Uniqueness/Forward/Relowering.lean:326:58: `if_pos` has been deprecated: Use `ite_eq_left` instead
warning: DifferentialGeometry/Geometry/Flow/RicciFlow/Uniqueness/Forward/Relowering.lean:332:8: `dif_neg` has been deprecated: Use `dite_eq_right` instead
warning: DifferentialGeometry/Geometry/Flow/RicciFlow/Uniqueness/Forward/Relowering.lean:332:49: `dif_neg` has been deprecated: Use `dite_eq_right` instead
warning: DifferentialGeometry/Geometry/Flow/RicciFlow/Uniqueness/Forward/Relowering.lean:336:58: `if_neg` has been deprecated: Use `ite_eq_right` instead
warning: DifferentialGeometry/Geometry/Flow/RicciFlow/Uniqueness/Forward/Relowering.lean:336:69: `if_pos` has been deprecated: Use `ite_eq_left` instead
warning: DifferentialGeometry/Geometry/Flow/RicciFlow/Uniqueness/Forward/Relowering.lean:339:8: `dif_pos` has been deprecated: Use `dite_eq_left` instead
warning: DifferentialGeometry/Geometry/Flow/RicciFlow/Uniqueness/Forward/Relowering.lean:348:56: `if_neg` has been deprecated: Use `ite_eq_right` instead
warning: DifferentialGeometry/Geometry/Flow/RicciFlow/Uniqueness/Forward/Relowering.lean:348:75: `if_neg` has been deprecated: Use `ite_eq_right` instead
warning: DifferentialGeometry/Geometry/Flow/RicciFlow/Uniqueness/Forward/Relowering.lean:348:94: `if_pos` has been deprecated: Use `ite_eq_left` instead
warning: DifferentialGeometry/Geometry/Flow/RicciFlow/Uniqueness/Forward/Relowering.lean:351:6: `dif_neg` has been deprecated: Use `dite_eq_right` instead
warning: DifferentialGeometry/Geometry/Flow/RicciFlow/Uniqueness/Forward/Relowering.lean:351:43: `dif_neg` has been deprecated: Use `dite_eq_right` instead
warning: DifferentialGeometry/Geometry/Flow/RicciFlow/Uniqueness/Forward/Relowering.lean:361:56: `if_neg` has been deprecated: Use `ite_eq_right` instead
warning: DifferentialGeometry/Geometry/Flow/RicciFlow/Uniqueness/Forward/Relowering.lean:361:75: `if_neg` has been deprecated: Use `ite_eq_right` instead
warning: DifferentialGeometry/Geometry/Flow/RicciFlow/Uniqueness/Forward/Relowering.lean:361:94: `if_neg` has been deprecated: Use `ite_eq_right` instead
warning: DifferentialGeometry/Geometry/Flow/RicciFlow/Uniqueness/Forward/Relowering.lean:362:6: `if_pos` has been deprecated: Use `ite_eq_left` instead
warning: DifferentialGeometry/Geometry/Flow/RicciFlow/Uniqueness/Forward/Relowering.lean:365:6: `dif_neg` has been deprecated: Use `dite_eq_right` instead
warning: DifferentialGeometry/Geometry/Flow/RicciFlow/Uniqueness/Forward/Relowering.lean:365:43: `dif_pos` has been deprecated: Use `dite_eq_left` instead
warning: DifferentialGeometry/Geometry/Flow/RicciFlow/Uniqueness/Forward/Relowering.lean:375:56: `if_neg` has been deprecated: Use `ite_eq_right` instead
warning: DifferentialGeometry/Geometry/Flow/RicciFlow/Uniqueness/Forward/Relowering.lean:375:75: `if_neg` has been deprecated: Use `ite_eq_right` instead
warning: DifferentialGeometry/Geometry/Flow/RicciFlow/Uniqueness/Forward/Relowering.lean:375:94: `if_neg` has been deprecated: Use `ite_eq_right` instead
warning: DifferentialGeometry/Geometry/Flow/RicciFlow/Uniqueness/Forward/Relowering.lean:376:6: `if_neg` has been deprecated: Use `ite_eq_right` instead
warning: DifferentialGeometry/Geometry/Flow/RicciFlow/Uniqueness/Forward/Relowering.lean:379:6: `dif_neg` has been deprecated: Use `dite_eq_right` instead
warning: DifferentialGeometry/Geometry/Flow/RicciFlow/Uniqueness/Forward/Relowering.lean:379:41: `dif_neg` has been deprecated: Use `dite_eq_right` instead
warning: DifferentialGeometry/Geometry/Flow/RicciFlow/Uniqueness/Forward/Relowering.lean:794:6: `dif_neg` has been deprecated: Use `dite_eq_right` instead
warning: DifferentialGeometry/Geometry/Flow/RicciFlow/Uniqueness/Forward/Relowering.lean:794:41: `dif_neg` has been deprecated: Use `dite_eq_right` instead
⚠ [10886/10916] Replayed DifferentialGeometry.Geometry.Flow.RicciFlow.Uniqueness.Forward.CovariantDerivativeCoordinates
warning: DifferentialGeometry/Geometry/Flow/RicciFlow/Uniqueness/Forward/CovariantDerivativeCoordinates.lean:255:48: `if_true` has been deprecated: Use `ite_true` instead
⚠ [10894/10916] Replayed DifferentialGeometry.Geometry.Flow.RicciFlow.Uniqueness.Forward.UniformBounds
warning: DifferentialGeometry/Geometry/Flow/RicciFlow/Uniqueness/Forward/UniformBounds.lean:706:23: `if_true` has been deprecated: Use `ite_true` instead
⚠ [10895/10916] Replayed DifferentialGeometry.Geometry.Flow.RicciFlow.Uniqueness.Forward.ConnectionBounds
warning: DifferentialGeometry/Geometry/Flow/RicciFlow/Uniqueness/Forward/ConnectionBounds.lean:99:83: `if_true` has been deprecated: Use `ite_true` instead
⚠ [10896/10916] Replayed DifferentialGeometry.Geometry.Flow.RicciFlow.Uniqueness.Forward.Remainder
warning: DifferentialGeometry/Geometry/Flow/RicciFlow/Uniqueness/Forward/Remainder.lean:242:21: `if_true` has been deprecated: Use `ite_true` instead
warning: DifferentialGeometry/Geometry/Flow/RicciFlow/Uniqueness/Forward/Remainder.lean:351:15: `if_true` has been deprecated: Use `ite_true` instead
warning: DifferentialGeometry/Geometry/Flow/RicciFlow/Uniqueness/Forward/Remainder.lean:351:29: `if_false` has been deprecated: Use `ite_false` instead
⚠ [10900/10916] Replayed DifferentialGeometry.Geometry.Flow.RicciFlow.Evolution.Curvature.Reduction
warning: DifferentialGeometry/Geometry/Flow/RicciFlow/Evolution/Curvature/Reduction.lean:264:27: `if_true` has been deprecated: Use `ite_true` instead
⚠ [10901/10916] Replayed DifferentialGeometry.Geometry.Flow.RicciFlow.Evolution.Curvature.Evolution
warning: DifferentialGeometry/Geometry/Flow/RicciFlow/Evolution/Curvature/Evolution.lean:1040:29: `if_pos` has been deprecated: Use `ite_eq_left` instead
warning: DifferentialGeometry/Geometry/Flow/RicciFlow/Evolution/Curvature/Evolution.lean:1040:37: `if_neg` has been deprecated: Use `ite_eq_right` instead
warning: DifferentialGeometry/Geometry/Flow/RicciFlow/Evolution/Curvature/Evolution.lean:1040:45: `if_false` has been deprecated: Use `ite_false` instead
⚠ [10912/10916] Replayed DifferentialGeometry.Analysis.Parabolic.QuasiLinear.TensorMaximalRegularity.LocalNemytskii
warning: DifferentialGeometry/Analysis/Parabolic/QuasiLinear/TensorMaximalRegularity/LocalNemytskii.lean:30:24: `dif_pos` has been deprecated: Use `dite_eq_left` instead
warning: DifferentialGeometry/Analysis/Parabolic/QuasiLinear/TensorMaximalRegularity/LocalNemytskii.lean:58:27: `dif_pos` has been deprecated: Use `dite_eq_left` instead
warning: DifferentialGeometry/Analysis/Parabolic/QuasiLinear/TensorMaximalRegularity/LocalNemytskii.lean:96:24: `dif_pos` has been deprecated: Use `dite_eq_left` instead
warning: DifferentialGeometry/Analysis/Parabolic/QuasiLinear/TensorMaximalRegularity/LocalNemytskii.lean:283:26: `dif_pos` has been deprecated: Use `dite_eq_left` instead
⚠ [10914/10916] Replayed DifferentialGeometry.Analysis.Parabolic.QuasiLinear.TensorMaximalRegularity.PartialForcingFixedPoint
warning: DifferentialGeometry/Analysis/Parabolic/QuasiLinear/TensorMaximalRegularity/PartialForcingFixedPoint.lean:136:26: `dif_pos` has been deprecated: Use `dite_eq_left` instead
warning: DifferentialGeometry/Analysis/Parabolic/QuasiLinear/TensorMaximalRegularity/PartialForcingFixedPoint.lean:136:39: `dif_pos` has been deprecated: Use `dite_eq_left` instead
⚠ [10915/11095] Replayed DifferentialGeometry.Analysis.Parabolic.QuasiLinear.TensorMaximalRegularity.TameForcingFixedPoint
warning: DifferentialGeometry/Analysis/Parabolic/QuasiLinear/TensorMaximalRegularity/TameForcingFixedPoint.lean:488:26: `dif_pos` has been deprecated: Use `dite_eq_left` instead
warning: DifferentialGeometry/Analysis/Parabolic/QuasiLinear/TensorMaximalRegularity/TameForcingFixedPoint.lean:745:28: `dif_pos` has been deprecated: Use `dite_eq_left` instead
warning: DifferentialGeometry/Analysis/Parabolic/QuasiLinear/TensorMaximalRegularity/TameForcingFixedPoint.lean:745:45: `dif_pos` has been deprecated: Use `dite_eq_left` instead
warning: DifferentialGeometry/Analysis/Parabolic/QuasiLinear/TensorMaximalRegularity/TameForcingFixedPoint.lean:900:28: `dif_pos` has been deprecated: Use `dite_eq_left` instead
warning: DifferentialGeometry/Analysis/Parabolic/QuasiLinear/TensorMaximalRegularity/TameForcingFixedPoint.lean:1095:26: `dif_pos` has been deprecated: Use `dite_eq_left` instead
warning: DifferentialGeometry/Analysis/Parabolic/QuasiLinear/TensorMaximalRegularity/TameForcingFixedPoint.lean:1095:43: `dif_pos` has been deprecated: Use `dite_eq_left` instead
⚠ [10921/11095] Replayed DifferentialGeometry.Analysis.Spectral.Intrinsic.DeTurckCoefficients.LieTopReanchor
warning: DifferentialGeometry/Analysis/Spectral/Intrinsic/DeTurckCoefficients/LieTopReanchor.lean:715:10: `if_pos` has been deprecated: Use `ite_eq_left` instead
warning: DifferentialGeometry/Analysis/Spectral/Intrinsic/DeTurckCoefficients/LieTopReanchor.lean:717:10: `if_neg` has been deprecated: Use `ite_eq_right` instead
⚠ [10947/11095] Replayed DifferentialGeometry.Analysis.Spectral.Intrinsic.DeTurck.RicciConnectionDifferencePairing
warning: DifferentialGeometry/Analysis/Spectral/Intrinsic/DeTurck/RicciConnectionDifferencePairing.lean:1288:28: `if_neg` has been deprecated: Use `ite_eq_right` instead
warning: DifferentialGeometry/Analysis/Spectral/Intrinsic/DeTurck/RicciConnectionDifferencePairing.lean:1290:9: `if_pos` has been deprecated: Use `ite_eq_left` instead
⚠ [10957/11095] Replayed DifferentialGeometry.Analysis.Sobolev.TensorHilbert.DeTurckVectorFieldEndomorphismInsertionBounds
warning: DifferentialGeometry/Analysis/Sobolev/TensorHilbert/DeTurckVectorFieldEndomorphismInsertionBounds.lean:547:32: `dif_pos` has been deprecated: Use `dite_eq_left` instead
⚠ [10960/11095] Replayed DifferentialGeometry.Analysis.Sobolev.TensorHilbert.LieCorrectionZeroTraceRadiusFreeBounds
warning: DifferentialGeometry/Analysis/Sobolev/TensorHilbert/LieCorrectionZeroTraceRadiusFreeBounds.lean:256:27: `if_pos` has been deprecated: Use `ite_eq_left` instead
⚠ [10962/11095] Replayed DifferentialGeometry.Analysis.Sobolev.TensorHilbert.InteriorProductJetBound
warning: DifferentialGeometry/Analysis/Sobolev/TensorHilbert/InteriorProductJetBound.lean:113:11: `if_pos` has been deprecated: Use `ite_eq_left` instead
warning: DifferentialGeometry/Analysis/Sobolev/TensorHilbert/InteriorProductJetBound.lean:115:10: `if_neg` has been deprecated: Use `ite_eq_right` instead
warning: DifferentialGeometry/Analysis/Sobolev/TensorHilbert/InteriorProductJetBound.lean:143:10: `if_pos` has been deprecated: Use `ite_eq_left` instead
warning: DifferentialGeometry/Analysis/Sobolev/TensorHilbert/InteriorProductJetBound.lean:145:10: `if_neg` has been deprecated: Use `ite_eq_right` instead
⚠ [10966/11095] Replayed DifferentialGeometry.Analysis.Sobolev.TensorHilbert.LieCorrectionZeroCoefficientDifferenceRadiusFree
warning: DifferentialGeometry/Analysis/Sobolev/TensorHilbert/LieCorrectionZeroCoefficientDifferenceRadiusFree.lean:1016:11: `if_pos` has been deprecated: Use `ite_eq_left` instead
warning: DifferentialGeometry/Analysis/Sobolev/TensorHilbert/LieCorrectionZeroCoefficientDifferenceRadiusFree.lean:1018:10: `if_neg` has been deprecated: Use `ite_eq_right` instead
warning: DifferentialGeometry/Analysis/Sobolev/TensorHilbert/LieCorrectionZeroCoefficientDifferenceRadiusFree.lean:1033:10: `if_pos` has been deprecated: Use `ite_eq_left` instead
warning: DifferentialGeometry/Analysis/Sobolev/TensorHilbert/LieCorrectionZeroCoefficientDifferenceRadiusFree.lean:1035:10: `if_neg` has been deprecated: Use `ite_eq_right` instead
⚠ [10967/11095] Replayed DifferentialGeometry.Analysis.Spectral.Tensor.Estimates.H3GridIntegral
warning: DifferentialGeometry/Analysis/Spectral/Tensor/Estimates/H3GridIntegral.lean:113:20: `if_pos` has been deprecated: Use `ite_eq_left` instead
warning: DifferentialGeometry/Analysis/Spectral/Tensor/Estimates/H3GridIntegral.lean:158:24: `dif_pos` has been deprecated: Use `dite_eq_left` instead
warning: DifferentialGeometry/Analysis/Spectral/Tensor/Estimates/H3GridIntegral.lean:243:24: `if_neg` has been deprecated: Use `ite_eq_right` instead
⚠ [10971/11095] Replayed DifferentialGeometry.Geometry.Flow.RicciFlow.ShortTime.LowRegularity.CoefficientJetBounds
warning: DifferentialGeometry/Geometry/Flow/RicciFlow/ShortTime/LowRegularity/CoefficientJetBounds.lean:802:23: `if_pos` has been deprecated: Use `ite_eq_left` instead
warning: DifferentialGeometry/Geometry/Flow/RicciFlow/ShortTime/LowRegularity/CoefficientJetBounds.lean:804:19: `if_neg` has been deprecated: Use `ite_eq_right` instead
warning: DifferentialGeometry/Geometry/Flow/RicciFlow/ShortTime/LowRegularity/CoefficientJetBounds.lean:810:23: `if_pos` has been deprecated: Use `ite_eq_left` instead
warning: DifferentialGeometry/Geometry/Flow/RicciFlow/ShortTime/LowRegularity/CoefficientJetBounds.lean:812:19: `if_neg` has been deprecated: Use `ite_eq_right` instead
warning: DifferentialGeometry/Geometry/Flow/RicciFlow/ShortTime/LowRegularity/CoefficientJetBounds.lean:827:25: `if_pos` has been deprecated: Use `ite_eq_left` instead
warning: DifferentialGeometry/Geometry/Flow/RicciFlow/ShortTime/LowRegularity/CoefficientJetBounds.lean:829:21: `if_neg` has been deprecated: Use `ite_eq_right` instead
warning: DifferentialGeometry/Geometry/Flow/RicciFlow/ShortTime/LowRegularity/CoefficientJetBounds.lean:847:22: `if_pos` has been deprecated: Use `ite_eq_left` instead
warning: DifferentialGeometry/Geometry/Flow/RicciFlow/ShortTime/LowRegularity/CoefficientJetBounds.lean:850:22: `if_neg` has been deprecated: Use `ite_eq_right` instead
warning: DifferentialGeometry/Geometry/Flow/RicciFlow/ShortTime/LowRegularity/CoefficientJetBounds.lean:862:25: `if_pos` has been deprecated: Use `ite_eq_left` instead
warning: DifferentialGeometry/Geometry/Flow/RicciFlow/ShortTime/LowRegularity/CoefficientJetBounds.lean:864:21: `if_neg` has been deprecated: Use `ite_eq_right` instead
⚠ [10973/11095] Replayed DifferentialGeometry.Geometry.Connection.LeviCivita.DivergenceFrameInvariance
warning: DifferentialGeometry/Geometry/Connection/LeviCivita/DivergenceFrameInvariance.lean:324:14: `if_neg` has been deprecated: Use `ite_eq_right` instead
warning: DifferentialGeometry/Geometry/Connection/LeviCivita/DivergenceFrameInvariance.lean:324:26: `if_neg` has been deprecated: Use `ite_eq_right` instead
warning: DifferentialGeometry/Geometry/Connection/LeviCivita/DivergenceFrameInvariance.lean:334:8: `if_pos` has been deprecated: Use `ite_eq_left` instead
warning: DifferentialGeometry/Geometry/Connection/LeviCivita/DivergenceFrameInvariance.lean:453:14: `if_pos` has been deprecated: Use `ite_eq_left` instead
warning: DifferentialGeometry/Geometry/Connection/LeviCivita/DivergenceFrameInvariance.lean:454:29: `if_neg` has been deprecated: Use `ite_eq_right` instead
⚠ [10980/11095] Replayed DifferentialGeometry.Geometry.Flow.RicciFlow.Compactness.Bounds.Uniform.CovariantSumCross
warning: DifferentialGeometry/Geometry/Flow/RicciFlow/Compactness/Bounds/Uniform/CovariantSumCross.lean:1042:15: `if_neg` has been deprecated: Use `ite_eq_right` instead
⚠ [10985/11095] Replayed DifferentialGeometry.Geometry.Flow.RicciFlow.Compactness.Bounds.Uniform.GagliardoNirenberg
warning: DifferentialGeometry/Geometry/Flow/RicciFlow/Compactness/Bounds/Uniform/GagliardoNirenberg.lean:157:10: `if_neg` has been deprecated: Use `ite_eq_right` instead
warning: DifferentialGeometry/Geometry/Flow/RicciFlow/Compactness/Bounds/Uniform/GagliardoNirenberg.lean:492:25: `if_neg` has been deprecated: Use `ite_eq_right` instead
⚠ [10988/11095] Replayed DifferentialGeometry.Geometry.Flow.RicciFlow.Compactness.Bounds.Uniform.GridRegularity
warning: DifferentialGeometry/Geometry/Flow/RicciFlow/Compactness/Bounds/Uniform/GridRegularity.lean:83:29: `if_pos` has been deprecated: Use `ite_eq_left` instead
warning: DifferentialGeometry/Geometry/Flow/RicciFlow/Compactness/Bounds/Uniform/GridRegularity.lean:85:29: `if_neg` has been deprecated: Use `ite_eq_right` instead
⚠ [10989/11095] Replayed DifferentialGeometry.Analysis.Spectral.Tensor.SobolevScale.UnifBochnerGap
warning: DifferentialGeometry/Analysis/Spectral/Tensor/SobolevScale/UnifBochnerGap.lean:2646:14: `if_neg` has been deprecated: Use `ite_eq_right` instead
warning: DifferentialGeometry/Analysis/Spectral/Tensor/SobolevScale/UnifBochnerGap.lean:3491:8: `if_pos` has been deprecated: Use `ite_eq_left` instead
warning: DifferentialGeometry/Analysis/Spectral/Tensor/SobolevScale/UnifBochnerGap.lean:3497:8: `if_neg` has been deprecated: Use `ite_eq_right` instead
⚠ [10993/11095] Replayed DifferentialGeometry.Geometry.Metric.ConvexCombination
warning: DifferentialGeometry/Geometry/Metric/ConvexCombination.lean:64:42: `dif_pos` has been deprecated: Use `dite_eq_left` instead
⚠ [10994/11095] Replayed DifferentialGeometry.Geometry.Flow.RicciFlow.Compactness.Bounds.Uniform.CurvatureJetBound
warning: DifferentialGeometry/Geometry/Flow/RicciFlow/Compactness/Bounds/Uniform/CurvatureJetBound.lean:561:17: `if_neg` has been deprecated: Use `ite_eq_right` instead
warning: DifferentialGeometry/Geometry/Flow/RicciFlow/Compactness/Bounds/Uniform/CurvatureJetBound.lean:564:17: `if_neg` has been deprecated: Use `ite_eq_right` instead
warning: DifferentialGeometry/Geometry/Flow/RicciFlow/Compactness/Bounds/Uniform/CurvatureJetBound.lean:568:39: `if_pos` has been deprecated: Use `ite_eq_left` instead
warning: DifferentialGeometry/Geometry/Flow/RicciFlow/Compactness/Bounds/Uniform/CurvatureJetBound.lean:569:6: `if_neg` has been deprecated: Use `ite_eq_right` instead
warning: DifferentialGeometry/Geometry/Flow/RicciFlow/Compactness/Bounds/Uniform/CurvatureJetBound.lean:569:43: `if_neg` has been deprecated: Use `ite_eq_right` instead
⚠ [11005/11095] Replayed DifferentialGeometry.Geometry.Flow.RicciFlow.ShortTime.LowRegularity.Uniform.SecondOrderGridBounds
warning: DifferentialGeometry/Geometry/Flow/RicciFlow/ShortTime/LowRegularity/Uniform/SecondOrderGridBounds.lean:86:23: `if_pos` has been deprecated: Use `ite_eq_left` instead
warning: DifferentialGeometry/Geometry/Flow/RicciFlow/ShortTime/LowRegularity/Uniform/SecondOrderGridBounds.lean:88:19: `if_neg` has been deprecated: Use `ite_eq_right` instead
warning: DifferentialGeometry/Geometry/Flow/RicciFlow/ShortTime/LowRegularity/Uniform/SecondOrderGridBounds.lean:94:23: `if_pos` has been deprecated: Use `ite_eq_left` instead
warning: DifferentialGeometry/Geometry/Flow/RicciFlow/ShortTime/LowRegularity/Uniform/SecondOrderGridBounds.lean:96:19: `if_neg` has been deprecated: Use `ite_eq_right` instead
warning: DifferentialGeometry/Geometry/Flow/RicciFlow/ShortTime/LowRegularity/Uniform/SecondOrderGridBounds.lean:117:25: `if_pos` has been deprecated: Use `ite_eq_left` instead
warning: DifferentialGeometry/Geometry/Flow/RicciFlow/ShortTime/LowRegularity/Uniform/SecondOrderGridBounds.lean:119:21: `if_neg` has been deprecated: Use `ite_eq_right` instead
warning: DifferentialGeometry/Geometry/Flow/RicciFlow/ShortTime/LowRegularity/Uniform/SecondOrderGridBounds.lean:137:22: `if_pos` has been deprecated: Use `ite_eq_left` instead
warning: DifferentialGeometry/Geometry/Flow/RicciFlow/ShortTime/LowRegularity/Uniform/SecondOrderGridBounds.lean:139:22: `if_neg` has been deprecated: Use `ite_eq_right` instead
warning: DifferentialGeometry/Geometry/Flow/RicciFlow/ShortTime/LowRegularity/Uniform/SecondOrderGridBounds.lean:153:29: `if_pos` has been deprecated: Use `ite_eq_left` instead
warning: DifferentialGeometry/Geometry/Flow/RicciFlow/ShortTime/LowRegularity/Uniform/SecondOrderGridBounds.lean:154:25: `if_neg` has been deprecated: Use `ite_eq_right` instead
⚠ [11012/11095] Replayed DifferentialGeometry.Geometry.Flow.RicciFlow.Compactness.Bounds.Uniform.ThirdCovariantDerivativeComparison
warning: DifferentialGeometry/Geometry/Flow/RicciFlow/Compactness/Bounds/Uniform/ThirdCovariantDerivativeComparison.lean:290:17: `if_neg` has been deprecated: Use `ite_eq_right` instead
warning: DifferentialGeometry/Geometry/Flow/RicciFlow/Compactness/Bounds/Uniform/ThirdCovariantDerivativeComparison.lean:290:53: `if_neg` has been deprecated: Use `ite_eq_right` instead
⚠ [11013/11095] Replayed DifferentialGeometry.Geometry.Flow.RicciFlow.Compactness.Bounds.Uniform.DeTurckRHSFirstDerivative
warning: DifferentialGeometry/Geometry/Flow/RicciFlow/Compactness/Bounds/Uniform/DeTurckRHSFirstDerivative.lean:88:10: `if_neg` has been deprecated: Use `ite_eq_right` instead
⚠ [11027/11095] Replayed DifferentialGeometry.Geometry.Flow.RicciFlow.ShortTime.LowRegularity.SymmetryPreservation
warning: DifferentialGeometry/Geometry/Flow/RicciFlow/ShortTime/LowRegularity/SymmetryPreservation.lean:141:67: `if_neg` has been deprecated: Use `ite_eq_right` instead
warning: DifferentialGeometry/Geometry/Flow/RicciFlow/ShortTime/LowRegularity/SymmetryPreservation.lean:179:10: `if_neg` has been deprecated: Use `ite_eq_right` instead
warning: DifferentialGeometry/Geometry/Flow/RicciFlow/ShortTime/LowRegularity/SymmetryPreservation.lean:182:8: `if_neg` has been deprecated: Use `ite_eq_right` instead
warning: DifferentialGeometry/Geometry/Flow/RicciFlow/ShortTime/LowRegularity/SymmetryPreservation.lean:184:8: `if_neg` has been deprecated: Use `ite_eq_right` instead
warning: DifferentialGeometry/Geometry/Flow/RicciFlow/ShortTime/LowRegularity/SymmetryPreservation.lean:200:8: `if_pos` has been deprecated: Use `ite_eq_left` instead
warning: DifferentialGeometry/Geometry/Flow/RicciFlow/ShortTime/LowRegularity/SymmetryPreservation.lean:202:8: `if_neg` has been deprecated: Use `ite_eq_right` instead
⚠ [11029/11095] Replayed DifferentialGeometry.Geometry.Connection.TensorNabla.Tensor03Tensoriality
warning: DifferentialGeometry/Geometry/Connection/TensorNabla/Tensor03Tensoriality.lean:462:6: `dif_pos` has been deprecated: Use `dite_eq_left` instead
warning: DifferentialGeometry/Geometry/Connection/TensorNabla/Tensor03Tensoriality.lean:488:6: `dif_neg` has been deprecated: Use `dite_eq_right` instead
⚠ [11055/11095] Replayed DifferentialGeometry.Geometry.Flow.RicciFlow.ShortTime.LowRegularity.LowOrderRemainderTameBounds
warning: DifferentialGeometry/Geometry/Flow/RicciFlow/ShortTime/LowRegularity/LowOrderRemainderTameBounds.lean:88:19: `if_neg` has been deprecated: Use `ite_eq_right` instead
warning: DifferentialGeometry/Geometry/Flow/RicciFlow/ShortTime/LowRegularity/LowOrderRemainderTameBounds.lean:94:23: `if_pos` has been deprecated: Use `ite_eq_left` instead
warning: DifferentialGeometry/Geometry/Flow/RicciFlow/ShortTime/LowRegularity/LowOrderRemainderTameBounds.lean:110:25: `if_pos` has been deprecated: Use `ite_eq_left` instead
warning: DifferentialGeometry/Geometry/Flow/RicciFlow/ShortTime/LowRegularity/LowOrderRemainderTameBounds.lean:112:21: `if_neg` has been deprecated: Use `ite_eq_right` instead
warning: DifferentialGeometry/Geometry/Flow/RicciFlow/ShortTime/LowRegularity/LowOrderRemainderTameBounds.lean:129:22: `if_pos` has been deprecated: Use `ite_eq_left` instead
warning: DifferentialGeometry/Geometry/Flow/RicciFlow/ShortTime/LowRegularity/LowOrderRemainderTameBounds.lean:132:22: `if_neg` has been deprecated: Use `ite_eq_right` instead
warning: DifferentialGeometry/Geometry/Flow/RicciFlow/ShortTime/LowRegularity/LowOrderRemainderTameBounds.lean:144:25: `if_pos` has been deprecated: Use `ite_eq_left` instead
warning: DifferentialGeometry/Geometry/Flow/RicciFlow/ShortTime/LowRegularity/LowOrderRemainderTameBounds.lean:146:21: `if_neg` has been deprecated: Use `ite_eq_right` instead
⚠ [11061/11095] Replayed DifferentialGeometry.Geometry.Flow.RicciFlow.ShortTime.LowRegularity.SmoothBridge
warning: DifferentialGeometry/Geometry/Flow/RicciFlow/ShortTime/LowRegularity/SmoothBridge.lean:223:26: `dif_pos` has been deprecated: Use `dite_eq_left` instead
⚠ [11080/11095] Replayed DifferentialGeometry.Analysis.Spectral.Intrinsic.DeTurck.TimeDependentPrincipalOperatorH2
warning: DifferentialGeometry/Analysis/Spectral/Intrinsic/DeTurck/TimeDependentPrincipalOperatorH2.lean:245:83: `dif_pos` has been deprecated: Use `dite_eq_left` instead
⚠ [11088/11095] Replayed DifferentialGeometry.Analysis.Spectral.Tensor.CovGrad.ParametricTimeDeriv
warning: DifferentialGeometry/Analysis/Spectral/Tensor/CovGrad/ParametricTimeDeriv.lean:337:19: `dif_pos` has been deprecated: Use `dite_eq_left` instead
warning: DifferentialGeometry/Analysis/Spectral/Tensor/CovGrad/ParametricTimeDeriv.lean:354:19: `dif_pos` has been deprecated: Use `dite_eq_left` instead
⚠ [11089/11095] Replayed DifferentialGeometry.Analysis.Spectral.Tensor.SobolevScale.ParametricAppHsTime
warning: DifferentialGeometry/Analysis/Spectral/Tensor/SobolevScale/ParametricAppHsTime.lean:541:26: `dif_pos` has been deprecated: Use `dite_eq_left` instead
warning: DifferentialGeometry/Analysis/Spectral/Tensor/SobolevScale/ParametricAppHsTime.lean:590:26: `dif_pos` has been deprecated: Use `dite_eq_left` instead
warning: DifferentialGeometry/Analysis/Spectral/Tensor/SobolevScale/ParametricAppHsTime.lean:665:28: `dif_pos` has been deprecated: Use `dite_eq_left` instead
warning: DifferentialGeometry/Analysis/Spectral/Tensor/SobolevScale/ParametricAppHsTime.lean:759:28: `dif_pos` has been deprecated: Use `dite_eq_left` instead
warning: DifferentialGeometry/Analysis/Spectral/Tensor/SobolevScale/ParametricAppHsTime.lean:875:28: `dif_pos` has been deprecated: Use `dite_eq_left` instead
warning: DifferentialGeometry/Analysis/Spectral/Tensor/SobolevScale/ParametricAppHsTime.lean:1042:28: `dif_pos` has been deprecated: Use `dite_eq_left` instead
⚠ [11131/11310] Replayed DifferentialGeometry.Analysis.Spectral.Intrinsic.HeatSemigroup.GalerkinTameSol
warning: DifferentialGeometry/Analysis/Spectral/Intrinsic/HeatSemigroup/GalerkinTameSol.lean:52:8: `if_pos` has been deprecated: Use `ite_eq_left` instead
warning: DifferentialGeometry/Analysis/Spectral/Intrinsic/HeatSemigroup/GalerkinTameSol.lean:53:8: `if_neg` has been deprecated: Use `ite_eq_right` instead
warning: DifferentialGeometry/Analysis/Spectral/Intrinsic/HeatSemigroup/GalerkinTameSol.lean:53:19: `dif_neg` has been deprecated: Use `dite_eq_right` instead
warning: DifferentialGeometry/Analysis/Spectral/Intrinsic/HeatSemigroup/GalerkinTameSol.lean:101:19: `dif_pos` has been deprecated: Use `dite_eq_left` instead
warning: DifferentialGeometry/Analysis/Spectral/Intrinsic/HeatSemigroup/GalerkinTameSol.lean:215:12: `if_pos` has been deprecated: Use `ite_eq_left` instead
warning: DifferentialGeometry/Analysis/Spectral/Intrinsic/HeatSemigroup/GalerkinTameSol.lean:215:23: `if_pos` has been deprecated: Use `ite_eq_left` instead
warning: DifferentialGeometry/Analysis/Spectral/Intrinsic/HeatSemigroup/GalerkinTameSol.lean:216:12: `if_neg` has been deprecated: Use `ite_eq_right` instead
warning: DifferentialGeometry/Analysis/Spectral/Intrinsic/HeatSemigroup/GalerkinTameSol.lean:216:23: `if_neg` has been deprecated: Use `ite_eq_right` instead
warning: DifferentialGeometry/Analysis/Spectral/Intrinsic/HeatSemigroup/GalerkinTameSol.lean:219:27: `dif_pos` has been deprecated: Use `dite_eq_left` instead
warning: DifferentialGeometry/Analysis/Spectral/Intrinsic/HeatSemigroup/GalerkinTameSol.lean:621:28: `if_pos` has been deprecated: Use `ite_eq_left` instead
warning: DifferentialGeometry/Analysis/Spectral/Intrinsic/HeatSemigroup/GalerkinTameSol.lean:624:28: `if_neg` has been deprecated: Use `ite_eq_right` instead
warning: DifferentialGeometry/Analysis/Spectral/Intrinsic/HeatSemigroup/GalerkinTameSol.lean:701:15: `dif_pos` has been deprecated: Use `dite_eq_left` instead
warning: DifferentialGeometry/Analysis/Spectral/Intrinsic/HeatSemigroup/GalerkinTameSol.lean:732:50: `if_pos` has been deprecated: Use `ite_eq_left` instead
warning: DifferentialGeometry/Analysis/Spectral/Intrinsic/HeatSemigroup/GalerkinTameSol.lean:732:61: `dif_pos` has been deprecated: Use `dite_eq_left` instead
warning: DifferentialGeometry/Analysis/Spectral/Intrinsic/HeatSemigroup/GalerkinTameSol.lean:744:20: `dif_pos` has been deprecated: Use `dite_eq_left` instead
warning: DifferentialGeometry/Analysis/Spectral/Intrinsic/HeatSemigroup/GalerkinTameSol.lean:749:17: `dif_pos` has been deprecated: Use `dite_eq_left` instead
warning: DifferentialGeometry/Analysis/Spectral/Intrinsic/HeatSemigroup/GalerkinTameSol.lean:751:17: `dif_neg` has been deprecated: Use `dite_eq_right` instead
warning: DifferentialGeometry/Analysis/Spectral/Intrinsic/HeatSemigroup/GalerkinTameSol.lean:753:15: `dif_neg` has been deprecated: Use `dite_eq_right` instead
⚠ [11133/11310] Replayed DifferentialGeometry.Geometry.Flow.RicciFlow.ShortTime.LowRegularity.GalerkinForcingArms
warning: DifferentialGeometry/Geometry/Flow/RicciFlow/ShortTime/LowRegularity/GalerkinForcingArms.lean:409:8: `if_pos` has been deprecated: Use `ite_eq_left` instead
warning: DifferentialGeometry/Geometry/Flow/RicciFlow/ShortTime/LowRegularity/GalerkinForcingArms.lean:409:19: `if_pos` has been deprecated: Use `ite_eq_left` instead
warning: DifferentialGeometry/Geometry/Flow/RicciFlow/ShortTime/LowRegularity/GalerkinForcingArms.lean:410:8: `if_neg` has been deprecated: Use `ite_eq_right` instead
warning: DifferentialGeometry/Geometry/Flow/RicciFlow/ShortTime/LowRegularity/GalerkinForcingArms.lean:410:19: `if_neg` has been deprecated: Use `ite_eq_right` instead
⚠ [11143/11310] Replayed DifferentialGeometry.Analysis.Sobolev.TensorHilbert.TameGridProd
warning: DifferentialGeometry/Analysis/Sobolev/TensorHilbert/TameGridProd.lean:137:23: `dif_pos` has been deprecated: Use `dite_eq_left` instead
⚠ [11152/11310] Replayed DifferentialGeometry.Geometry.Flow.RicciFlow.ShortTime.LowRegularity.SecondOrderPerIndex
warning: DifferentialGeometry/Geometry/Flow/RicciFlow/ShortTime/LowRegularity/SecondOrderPerIndex.lean:227:17: `if_neg` has been deprecated: Use `ite_eq_right` instead
warning: DifferentialGeometry/Geometry/Flow/RicciFlow/ShortTime/LowRegularity/SecondOrderPerIndex.lean:264:21: `if_neg` has been deprecated: Use `ite_eq_right` instead
⚠ [11154/11310] Replayed DifferentialGeometry.Geometry.Flow.RicciFlow.ShortTime.LowRegularity.H3Energy
warning: DifferentialGeometry/Geometry/Flow/RicciFlow/ShortTime/LowRegularity/H3Energy.lean:728:65: `if_pos` has been deprecated: Use `ite_eq_left` instead
⚠ [11155/11310] Replayed DifferentialGeometry.Geometry.Flow.RicciFlow.ShortTime.LowRegularity.H4Energy
warning: DifferentialGeometry/Geometry/Flow/RicciFlow/ShortTime/LowRegularity/H4Energy.lean:610:65: `if_pos` has been deprecated: Use `ite_eq_left` instead
⚠ [11156/11310] Replayed DifferentialGeometry.Geometry.Flow.RicciFlow.ShortTime.LowRegularity.H5Energy
warning: DifferentialGeometry/Geometry/Flow/RicciFlow/ShortTime/LowRegularity/H5Energy.lean:680:65: `if_pos` has been deprecated: Use `ite_eq_left` instead
⚠ [11159/11310] Replayed DifferentialGeometry.Analysis.Spectral.Intrinsic.HeatSemigroup.EigenProjDuhamel
warning: DifferentialGeometry/Analysis/Spectral/Intrinsic/HeatSemigroup/EigenProjDuhamel.lean:74:8: `if_pos` has been deprecated: Use `ite_eq_left` instead
warning: DifferentialGeometry/Analysis/Spectral/Intrinsic/HeatSemigroup/EigenProjDuhamel.lean:78:35: `if_pos` has been deprecated: Use `ite_eq_left` instead
warning: DifferentialGeometry/Analysis/Spectral/Intrinsic/HeatSemigroup/EigenProjDuhamel.lean:79:8: `if_neg` has been deprecated: Use `ite_eq_right` instead
warning: DifferentialGeometry/Analysis/Spectral/Intrinsic/HeatSemigroup/EigenProjDuhamel.lean:83:35: `if_neg` has been deprecated: Use `ite_eq_right` instead
warning: DifferentialGeometry/Analysis/Spectral/Intrinsic/HeatSemigroup/EigenProjDuhamel.lean:97:8: `if_pos` has been deprecated: Use `ite_eq_left` instead
warning: DifferentialGeometry/Analysis/Spectral/Intrinsic/HeatSemigroup/EigenProjDuhamel.lean:97:19: `if_pos` has been deprecated: Use `ite_eq_left` instead
warning: DifferentialGeometry/Analysis/Spectral/Intrinsic/HeatSemigroup/EigenProjDuhamel.lean:98:8: `if_neg` has been deprecated: Use `ite_eq_right` instead
warning: DifferentialGeometry/Analysis/Spectral/Intrinsic/HeatSemigroup/EigenProjDuhamel.lean:98:19: `if_neg` has been deprecated: Use `ite_eq_right` instead
warning: DifferentialGeometry/Analysis/Spectral/Intrinsic/HeatSemigroup/EigenProjDuhamel.lean:112:8: `if_pos` has been deprecated: Use `ite_eq_left` instead
warning: DifferentialGeometry/Analysis/Spectral/Intrinsic/HeatSemigroup/EigenProjDuhamel.lean:112:19: `if_pos` has been deprecated: Use `ite_eq_left` instead
warning: DifferentialGeometry/Analysis/Spectral/Intrinsic/HeatSemigroup/EigenProjDuhamel.lean:113:8: `if_neg` has been deprecated: Use `ite_eq_right` instead
warning: DifferentialGeometry/Analysis/Spectral/Intrinsic/HeatSemigroup/EigenProjDuhamel.lean:113:19: `if_neg` has been deprecated: Use `ite_eq_right` instead
warning: DifferentialGeometry/Analysis/Spectral/Intrinsic/HeatSemigroup/EigenProjDuhamel.lean:138:8: `if_pos` has been deprecated: Use `ite_eq_left` instead
warning: DifferentialGeometry/Analysis/Spectral/Intrinsic/HeatSemigroup/EigenProjDuhamel.lean:142:35: `if_pos` has been deprecated: Use `ite_eq_left` instead
warning: DifferentialGeometry/Analysis/Spectral/Intrinsic/HeatSemigroup/EigenProjDuhamel.lean:143:8: `if_neg` has been deprecated: Use `ite_eq_right` instead
warning: DifferentialGeometry/Analysis/Spectral/Intrinsic/HeatSemigroup/EigenProjDuhamel.lean:147:35: `if_neg` has been deprecated: Use `ite_eq_right` instead
warning: DifferentialGeometry/Analysis/Spectral/Intrinsic/HeatSemigroup/EigenProjDuhamel.lean:255:52: `if_neg` has been deprecated: Use `ite_eq_right` instead
warning: DifferentialGeometry/Analysis/Spectral/Intrinsic/HeatSemigroup/EigenProjDuhamel.lean:272:8: `if_pos` has been deprecated: Use `ite_eq_left` instead
warning: DifferentialGeometry/Analysis/Spectral/Intrinsic/HeatSemigroup/EigenProjDuhamel.lean:273:8: `if_neg` has been deprecated: Use `ite_eq_right` instead
⚠ [11163/11310] Replayed DifferentialGeometry.Geometry.Flow.RicciFlow.ShortTime.LowRegularity.FatouIdentification
warning: DifferentialGeometry/Geometry/Flow/RicciFlow/ShortTime/LowRegularity/FatouIdentification.lean:103:8: `if_pos` has been deprecated: Use `ite_eq_left` instead
warning: DifferentialGeometry/Geometry/Flow/RicciFlow/ShortTime/LowRegularity/FatouIdentification.lean:103:19: `if_pos` has been deprecated: Use `ite_eq_left` instead
warning: DifferentialGeometry/Geometry/Flow/RicciFlow/ShortTime/LowRegularity/FatouIdentification.lean:104:8: `if_neg` has been deprecated: Use `ite_eq_right` instead
warning: DifferentialGeometry/Geometry/Flow/RicciFlow/ShortTime/LowRegularity/FatouIdentification.lean:104:19: `if_neg` has been deprecated: Use `ite_eq_right` instead
⚠ [11167/11310] Replayed DifferentialGeometry.Geometry.Flow.RicciFlow.ShortTime.LowRegularity.HigherOrderEnergy
warning: DifferentialGeometry/Geometry/Flow/RicciFlow/ShortTime/LowRegularity/HigherOrderEnergy.lean:258:64: `if_pos` has been deprecated: Use `ite_eq_left` instead
⚠ [11168/11310] Replayed DifferentialGeometry.Geometry.Flow.RicciFlow.ShortTime.LowRegularity.AllOrderRegularity
warning: DifferentialGeometry/Geometry/Flow/RicciFlow/ShortTime/LowRegularity/AllOrderRegularity.lean:454:27: `if_pos` has been deprecated: Use `ite_eq_left` instead
warning: DifferentialGeometry/Geometry/Flow/RicciFlow/ShortTime/LowRegularity/AllOrderRegularity.lean:524:31: `if_neg` has been deprecated: Use `ite_eq_right` instead
⚠ [11169/11310] Replayed DifferentialGeometry.Geometry.Flow.RicciFlow.ShortTime.LowRegularity.DirectJetRegularity
warning: DifferentialGeometry/Geometry/Flow/RicciFlow/ShortTime/LowRegularity/DirectJetRegularity.lean:94:27: `if_pos` has been deprecated: Use `ite_eq_left` instead
warning: DifferentialGeometry/Geometry/Flow/RicciFlow/ShortTime/LowRegularity/DirectJetRegularity.lean:189:31: `if_neg` has been deprecated: Use `ite_eq_right` instead
warning: DifferentialGeometry/Geometry/Flow/RicciFlow/ShortTime/LowRegularity/DirectJetRegularity.lean:825:57: `if_pos` has been deprecated: Use `ite_eq_left` instead
warning: DifferentialGeometry/Geometry/Flow/RicciFlow/ShortTime/LowRegularity/DirectJetRegularity.lean:829:34: `if_false` has been deprecated: Use `ite_false` instead
warning: DifferentialGeometry/Geometry/Flow/RicciFlow/ShortTime/LowRegularity/DirectJetRegularity.lean:880:65: `if_pos` has been deprecated: Use `ite_eq_left` instead
warning: DifferentialGeometry/Geometry/Flow/RicciFlow/ShortTime/LowRegularity/DirectJetRegularity.lean:944:61: `if_pos` has been deprecated: Use `ite_eq_left` instead
⚠ [11171/11310] Replayed DifferentialGeometry.Geometry.Flow.RicciFlow.ShortTime.LowRegularity.Background.GalerkinForcingArms
warning: DifferentialGeometry/Geometry/Flow/RicciFlow/ShortTime/LowRegularity/Background/GalerkinForcingArms.lean:304:8: `if_pos` has been deprecated: Use `ite_eq_left` instead
warning: DifferentialGeometry/Geometry/Flow/RicciFlow/ShortTime/LowRegularity/Background/GalerkinForcingArms.lean:304:19: `if_pos` has been deprecated: Use `ite_eq_left` instead
warning: DifferentialGeometry/Geometry/Flow/RicciFlow/ShortTime/LowRegularity/Background/GalerkinForcingArms.lean:305:8: `if_neg` has been deprecated: Use `ite_eq_right` instead
warning: DifferentialGeometry/Geometry/Flow/RicciFlow/ShortTime/LowRegularity/Background/GalerkinForcingArms.lean:305:19: `if_neg` has been deprecated: Use `ite_eq_right` instead
⚠ [11172/11310] Replayed DifferentialGeometry.Geometry.Flow.RicciFlow.ShortTime.LowRegularity.Background.H3Energy
warning: DifferentialGeometry/Geometry/Flow/RicciFlow/ShortTime/LowRegularity/Background/H3Energy.lean:522:65: `if_pos` has been deprecated: Use `ite_eq_left` instead
⚠ [11173/11310] Replayed DifferentialGeometry.Geometry.Flow.RicciFlow.ShortTime.LowRegularity.Background.H4Energy
warning: DifferentialGeometry/Geometry/Flow/RicciFlow/ShortTime/LowRegularity/Background/H4Energy.lean:619:59: `if_pos` has been deprecated: Use `ite_eq_left` instead
⚠ [11174/11310] Replayed DifferentialGeometry.Geometry.Flow.RicciFlow.ShortTime.LowRegularity.Background.H5Energy
warning: DifferentialGeometry/Geometry/Flow/RicciFlow/ShortTime/LowRegularity/Background/H5Energy.lean:680:65: `if_pos` has been deprecated: Use `ite_eq_left` instead
⚠ [11180/11310] Replayed DifferentialGeometry.Geometry.Flow.RicciFlow.ShortTime.LowRegularity.Background.HigherOrderEnergy
warning: DifferentialGeometry/Geometry/Flow/RicciFlow/ShortTime/LowRegularity/Background/HigherOrderEnergy.lean:271:64: `if_pos` has been deprecated: Use `ite_eq_left` instead
⚠ [11184/11310] Replayed DifferentialGeometry.Analysis.Spectral.Intrinsic.DeTurck.MetricPrincipalDefectSelfBound
warning: DifferentialGeometry/Analysis/Spectral/Intrinsic/DeTurck/MetricPrincipalDefectSelfBound.lean:39:29: `if_pos` has been deprecated: Use `ite_eq_left` instead
warning: DifferentialGeometry/Analysis/Spectral/Intrinsic/DeTurck/MetricPrincipalDefectSelfBound.lean:55:31: `if_pos` has been deprecated: Use `ite_eq_left` instead
warning: DifferentialGeometry/Analysis/Spectral/Intrinsic/DeTurck/MetricPrincipalDefectSelfBound.lean:69:30: `if_pos` has been deprecated: Use `ite_eq_left` instead
warning: DifferentialGeometry/Analysis/Spectral/Intrinsic/DeTurck/MetricPrincipalDefectSelfBound.lean:265:29: `if_pos` has been deprecated: Use `ite_eq_left` instead
warning: DifferentialGeometry/Analysis/Spectral/Intrinsic/DeTurck/MetricPrincipalDefectSelfBound.lean:274:47: `if_false` has been deprecated: Use `ite_false` instead
⚠ [11191/11310] Replayed DifferentialGeometry.Analysis.Spectral.Tensor.CovGrad.GradSlotCurvatureBound
warning: DifferentialGeometry/Analysis/Spectral/Tensor/CovGrad/GradSlotCurvatureBound.lean:52:23: `if_pos` has been deprecated: Use `ite_eq_left` instead
warning: DifferentialGeometry/Analysis/Spectral/Tensor/CovGrad/GradSlotCurvatureBound.lean:140:33: `if_pos` has been deprecated: Use `ite_eq_left` instead
warning: DifferentialGeometry/Analysis/Spectral/Tensor/CovGrad/GradSlotCurvatureBound.lean:219:33: `if_pos` has been deprecated: Use `ite_eq_left` instead
⚠ [11202/11310] Replayed DifferentialGeometry.Geometry.Flow.RicciFlow.ShortTime.LowRegularity.Uniform.GridTameBounds
warning: DifferentialGeometry/Geometry/Flow/RicciFlow/ShortTime/LowRegularity/Uniform/GridTameBounds.lean:86:23: `if_pos` has been deprecated: Use `ite_eq_left` instead
warning: DifferentialGeometry/Geometry/Flow/RicciFlow/ShortTime/LowRegularity/Uniform/GridTameBounds.lean:88:19: `if_neg` has been deprecated: Use `ite_eq_right` instead
warning: DifferentialGeometry/Geometry/Flow/RicciFlow/ShortTime/LowRegularity/Uniform/GridTameBounds.lean:94:23: `if_pos` has been deprecated: Use `ite_eq_left` instead
warning: DifferentialGeometry/Geometry/Flow/RicciFlow/ShortTime/LowRegularity/Uniform/GridTameBounds.lean:96:19: `if_neg` has been deprecated: Use `ite_eq_right` instead
warning: DifferentialGeometry/Geometry/Flow/RicciFlow/ShortTime/LowRegularity/Uniform/GridTameBounds.lean:117:25: `if_pos` has been deprecated: Use `ite_eq_left` instead
warning: DifferentialGeometry/Geometry/Flow/RicciFlow/ShortTime/LowRegularity/Uniform/GridTameBounds.lean:119:21: `if_neg` has been deprecated: Use `ite_eq_right` instead
warning: DifferentialGeometry/Geometry/Flow/RicciFlow/ShortTime/LowRegularity/Uniform/GridTameBounds.lean:137:22: `if_pos` has been deprecated: Use `ite_eq_left` instead
warning: DifferentialGeometry/Geometry/Flow/RicciFlow/ShortTime/LowRegularity/Uniform/GridTameBounds.lean:139:22: `if_neg` has been deprecated: Use `ite_eq_right` instead
warning: DifferentialGeometry/Geometry/Flow/RicciFlow/ShortTime/LowRegularity/Uniform/GridTameBounds.lean:153:29: `if_pos` has been deprecated: Use `ite_eq_left` instead
warning: DifferentialGeometry/Geometry/Flow/RicciFlow/ShortTime/LowRegularity/Uniform/GridTameBounds.lean:154:25: `if_neg` has been deprecated: Use `ite_eq_right` instead
⚠ [11211/11310] Replayed DifferentialGeometry.Analysis.Spectral.Tensor.CovGrad.SlotFreeCurvatureOperatorBound
warning: DifferentialGeometry/Analysis/Spectral/Tensor/CovGrad/SlotFreeCurvatureOperatorBound.lean:57:39: `if_pos` has been deprecated: Use `ite_eq_left` instead
warning: DifferentialGeometry/Analysis/Spectral/Tensor/CovGrad/SlotFreeCurvatureOperatorBound.lean:175:27: `if_pos` has been deprecated: Use `ite_eq_left` instead
warning: DifferentialGeometry/Analysis/Spectral/Tensor/CovGrad/SlotFreeCurvatureOperatorBound.lean:241:27: `if_pos` has been deprecated: Use `ite_eq_left` instead
⚠ [11225/11310] Replayed DifferentialGeometry.Analysis.Spectral.Tensor.SobolevScale.FiniteSpectralPairing
warning: DifferentialGeometry/Analysis/Spectral/Tensor/SobolevScale/FiniteSpectralPairing.lean:182:18: `if_neg` has been deprecated: Use `ite_eq_right` instead
warning: DifferentialGeometry/Analysis/Spectral/Tensor/SobolevScale/FiniteSpectralPairing.lean:197:22: `if_pos` has been deprecated: Use `ite_eq_left` instead
⚠ [11256/11310] Replayed DifferentialGeometry.Geometry.Flow.RicciFlow.ShortTime.LowRegularity.Uniform.GalerkinSobolevFourPairingBounds
warning: DifferentialGeometry/Geometry/Flow/RicciFlow/ShortTime/LowRegularity/Uniform/GalerkinSobolevFourPairingBounds.lean:313:44: `if_pos` has been deprecated: Use `ite_eq_left` instead
⚠ [11262/11310] Replayed DifferentialGeometry.Geometry.Flow.RicciFlow.ShortTime.LowRegularity.Uniform.GalerkinSobolevThreePairingBounds
warning: DifferentialGeometry/Geometry/Flow/RicciFlow/ShortTime/LowRegularity/Uniform/GalerkinSobolevThreePairingBounds.lean:277:44: `if_pos` has been deprecated: Use `ite_eq_left` instead
⚠ [11263/11310] Replayed DifferentialGeometry.Geometry.Flow.RicciFlow.ShortTime.LowRegularity.Uniform.FatouLimitBounds
warning: DifferentialGeometry/Geometry/Flow/RicciFlow/ShortTime/LowRegularity/Uniform/FatouLimitBounds.lean:359:33: `if_pos` has been deprecated: Use `ite_eq_left` instead
⚠ [11264/11310] Replayed DifferentialGeometry.Geometry.Flow.RicciFlow.ShortTime.LowRegularity.Uniform.FourthOrderDissipationLimit
warning: DifferentialGeometry/Geometry/Flow/RicciFlow/ShortTime/LowRegularity/Uniform/FourthOrderDissipationLimit.lean:285:33: `if_pos` has been deprecated: Use `ite_eq_left` instead
⚠ [11265/11310] Replayed DifferentialGeometry.Geometry.Flow.RicciFlow.ShortTime.LowRegularity.Uniform.HigherOrderAffineBounds
warning: DifferentialGeometry/Geometry/Flow/RicciFlow/ShortTime/LowRegularity/Uniform/HigherOrderAffineBounds.lean:230:8: `if_pos` has been deprecated: Use `ite_eq_left` instead
⚠ [11275/11310] Replayed DifferentialGeometry.Geometry.Flow.RicciFlow.Extension.ShiInputs
warning: DifferentialGeometry/Geometry/Flow/RicciFlow/Extension/ShiInputs.lean:300:23: `if_true` has been deprecated: Use `ite_true` instead
⚠ [11282/11310] Replayed DifferentialGeometry.Geometry.Flow.RicciFlow.Extension.MaximalFlow
warning: DifferentialGeometry/Geometry/Flow/RicciFlow/Extension/MaximalFlow.lean:219:21: `dif_pos` has been deprecated: Use `dite_eq_left` instead
warning: DifferentialGeometry/Geometry/Flow/RicciFlow/Extension/MaximalFlow.lean:224:21: `dif_pos` has been deprecated: Use `dite_eq_left` instead
⚠ [11295/11310] Replayed DifferentialGeometry.Geometry.Connection.Laplacian.RankZero
warning: DifferentialGeometry/Geometry/Connection/Laplacian/RankZero.lean:153:17: `if_pos` has been deprecated: Use `ite_eq_left` instead
warning: DifferentialGeometry/Geometry/Connection/Laplacian/RankZero.lean:157:17: `if_neg` has been deprecated: Use `ite_eq_right` instead
⚠ [11302/11477] Replayed DifferentialGeometry.Geometry.Flow.RicciFlow.DimensionThree.PositiveRicci.Flow
warning: DifferentialGeometry/Geometry/Flow/RicciFlow/DimensionThree/PositiveRicci/Flow.lean:479:6: `dif_pos` has been deprecated: Use `dite_eq_left` instead
⚠ [11330/11477] Replayed DifferentialGeometry.Analysis.Spectral.Intrinsic.Garding.ScalarLapDiffCore
warning: DifferentialGeometry/Analysis/Spectral/Intrinsic/Garding/ScalarLapDiffCore.lean:114:8: `if_pos` has been deprecated: Use `ite_eq_left` instead
warning: DifferentialGeometry/Analysis/Spectral/Intrinsic/Garding/ScalarLapDiffCore.lean:119:8: `if_neg` has been deprecated: Use `ite_eq_right` instead
⚠ [11331/11477] Replayed DifferentialGeometry.Geometry.Flow.RicciFlow.Entropy.ConjugateHeat.Galerkin.Basic
warning: DifferentialGeometry/Geometry/Flow/RicciFlow/Entropy/ConjugateHeat/Galerkin/Basic.lean:50:8: `if_neg` has been deprecated: Use `ite_eq_right` instead
warning: DifferentialGeometry/Geometry/Flow/RicciFlow/Entropy/ConjugateHeat/Galerkin/Basic.lean:80:28: `if_neg` has been deprecated: Use `ite_eq_right` instead
warning: DifferentialGeometry/Geometry/Flow/RicciFlow/Entropy/ConjugateHeat/Galerkin/Basic.lean:138:17: `if_pos` has been deprecated: Use `ite_eq_left` instead
warning: DifferentialGeometry/Geometry/Flow/RicciFlow/Entropy/ConjugateHeat/Galerkin/Basic.lean:138:28: `dif_pos` has been deprecated: Use `dite_eq_left` instead
warning: DifferentialGeometry/Geometry/Flow/RicciFlow/Entropy/ConjugateHeat/Galerkin/Basic.lean:139:17: `if_neg` has been deprecated: Use `ite_eq_right` instead
warning: DifferentialGeometry/Geometry/Flow/RicciFlow/Entropy/ConjugateHeat/Galerkin/Basic.lean:145:17: `if_pos` has been deprecated: Use `ite_eq_left` instead
warning: DifferentialGeometry/Geometry/Flow/RicciFlow/Entropy/ConjugateHeat/Galerkin/Basic.lean:145:28: `dif_pos` has been deprecated: Use `dite_eq_left` instead
warning: DifferentialGeometry/Geometry/Flow/RicciFlow/Entropy/ConjugateHeat/Galerkin/Basic.lean:147:17: `if_neg` has been deprecated: Use `ite_eq_right` instead
warning: DifferentialGeometry/Geometry/Flow/RicciFlow/Entropy/ConjugateHeat/Galerkin/Basic.lean:195:15: `if_pos` has been deprecated: Use `ite_eq_left` instead
warning: DifferentialGeometry/Geometry/Flow/RicciFlow/Entropy/ConjugateHeat/Galerkin/Basic.lean:195:26: `dif_pos` has been deprecated: Use `dite_eq_left` instead
warning: DifferentialGeometry/Geometry/Flow/RicciFlow/Entropy/ConjugateHeat/Galerkin/Basic.lean:201:15: `if_neg` has been deprecated: Use `ite_eq_right` instead
warning: DifferentialGeometry/Geometry/Flow/RicciFlow/Entropy/ConjugateHeat/Galerkin/Basic.lean:201:26: `dif_neg` has been deprecated: Use `dite_eq_right` instead
warning: DifferentialGeometry/Geometry/Flow/RicciFlow/Entropy/ConjugateHeat/Galerkin/Basic.lean:443:36: `dif_pos` has been deprecated: Use `dite_eq_left` instead
warning: DifferentialGeometry/Geometry/Flow/RicciFlow/Entropy/ConjugateHeat/Galerkin/Basic.lean:453:36: `dif_neg` has been deprecated: Use `dite_eq_right` instead
warning: DifferentialGeometry/Geometry/Flow/RicciFlow/Entropy/ConjugateHeat/Galerkin/Basic.lean:641:19: `dif_pos` has been deprecated: Use `dite_eq_left` instead
warning: DifferentialGeometry/Geometry/Flow/RicciFlow/Entropy/ConjugateHeat/Galerkin/Basic.lean:641:31: `if_pos` has been deprecated: Use `ite_eq_left` instead
warning: DifferentialGeometry/Geometry/Flow/RicciFlow/Entropy/ConjugateHeat/Galerkin/Basic.lean:642:19: `dif_neg` has been deprecated: Use `dite_eq_right` instead
warning: DifferentialGeometry/Geometry/Flow/RicciFlow/Entropy/ConjugateHeat/Galerkin/Basic.lean:642:31: `if_neg` has been deprecated: Use `ite_eq_right` instead
⚠ [11332/11477] Replayed DifferentialGeometry.Geometry.Flow.RicciFlow.Entropy.ConjugateHeat.Galerkin.Energy
warning: DifferentialGeometry/Geometry/Flow/RicciFlow/Entropy/ConjugateHeat/Galerkin/Energy.lean:43:28: `if_neg` has been deprecated: Use `ite_eq_right` instead
warning: DifferentialGeometry/Geometry/Flow/RicciFlow/Entropy/ConjugateHeat/Galerkin/Energy.lean:46:26: `if_pos` has been deprecated: Use `ite_eq_left` instead
warning: DifferentialGeometry/Geometry/Flow/RicciFlow/Entropy/ConjugateHeat/Galerkin/Energy.lean:83:28: `if_pos` has been deprecated: Use `ite_eq_left` instead
warning: DifferentialGeometry/Geometry/Flow/RicciFlow/Entropy/ConjugateHeat/Galerkin/Energy.lean:92:56: `if_pos` has been deprecated: Use `ite_eq_left` instead
warning: DifferentialGeometry/Geometry/Flow/RicciFlow/Entropy/ConjugateHeat/Galerkin/Energy.lean:101:28: `if_pos` has been deprecated: Use `ite_eq_left` instead
⚠ [11333/11477] Replayed DifferentialGeometry.Geometry.Flow.RicciFlow.Entropy.ConjugateHeat.Galerkin.Limit
warning: DifferentialGeometry/Geometry/Flow/RicciFlow/Entropy/ConjugateHeat/Galerkin/Limit.lean:170:22: `if_pos` has been deprecated: Use `ite_eq_left` instead
warning: DifferentialGeometry/Geometry/Flow/RicciFlow/Entropy/ConjugateHeat/Galerkin/Limit.lean:175:22: `if_neg` has been deprecated: Use `ite_eq_right` instead
warning: DifferentialGeometry/Geometry/Flow/RicciFlow/Entropy/ConjugateHeat/Galerkin/Limit.lean:179:22: `if_pos` has been deprecated: Use `ite_eq_left` instead
warning: DifferentialGeometry/Geometry/Flow/RicciFlow/Entropy/ConjugateHeat/Galerkin/Limit.lean:180:21: `if_neg` has been deprecated: Use `ite_eq_right` instead
warning: DifferentialGeometry/Geometry/Flow/RicciFlow/Entropy/ConjugateHeat/Galerkin/Limit.lean:630:36: `if_pos` has been deprecated: Use `ite_eq_left` instead
⚠ [11340/11477] Replayed DifferentialGeometry.Analysis.Spectral.Intrinsic.MetricRealization.TensorSuperCriticalReconstruct
warning: DifferentialGeometry/Analysis/Spectral/Intrinsic/MetricRealization/TensorSuperCriticalReconstruct.lean:412:15: `if_pos` has been deprecated: Use `ite_eq_left` instead
warning: DifferentialGeometry/Analysis/Spectral/Intrinsic/MetricRealization/TensorSuperCriticalReconstruct.lean:413:15: `if_neg` has been deprecated: Use `ite_eq_right` instead
warning: DifferentialGeometry/Analysis/Spectral/Intrinsic/MetricRealization/TensorSuperCriticalReconstruct.lean:486:8: `if_pos` has been deprecated: Use `ite_eq_left` instead
warning: DifferentialGeometry/Analysis/Spectral/Intrinsic/MetricRealization/TensorSuperCriticalReconstruct.lean:491:8: `if_neg` has been deprecated: Use `ite_eq_right` instead
warning: DifferentialGeometry/Analysis/Spectral/Intrinsic/MetricRealization/TensorSuperCriticalReconstruct.lean:800:20: `if_pos` has been deprecated: Use `ite_eq_left` instead
warning: DifferentialGeometry/Analysis/Spectral/Intrinsic/MetricRealization/TensorSuperCriticalReconstruct.lean:867:22: `if_neg` has been deprecated: Use `ite_eq_right` instead
warning: DifferentialGeometry/Analysis/Spectral/Intrinsic/MetricRealization/TensorSuperCriticalReconstruct.lean:988:8: `if_pos` has been deprecated: Use `ite_eq_left` instead
warning: DifferentialGeometry/Analysis/Spectral/Intrinsic/MetricRealization/TensorSuperCriticalReconstruct.lean:989:8: `if_neg` has been deprecated: Use `ite_eq_right` instead
warning: DifferentialGeometry/Analysis/Spectral/Intrinsic/MetricRealization/TensorSuperCriticalReconstruct.lean:1089:10: `if_pos` has been deprecated: Use `ite_eq_left` instead
⚠ [11345/11477] Replayed DifferentialGeometry.Analysis.Spectral.Tensor.SobolevScale.ScalarWeyl
warning: DifferentialGeometry/Analysis/Spectral/Tensor/SobolevScale/ScalarWeyl.lean:90:16: `if_neg` has been deprecated: Use `ite_eq_right` instead
warning: DifferentialGeometry/Analysis/Spectral/Tensor/SobolevScale/ScalarWeyl.lean:110:43: `if_pos` has been deprecated: Use `ite_eq_left` instead
warning: DifferentialGeometry/Analysis/Spectral/Tensor/SobolevScale/ScalarWeyl.lean:116:43: `if_neg` has been deprecated: Use `ite_eq_right` instead
⚠ [11373/11477] Replayed DifferentialGeometry.Analysis.Integration.EntropyJensen
warning: DifferentialGeometry/Analysis/Integration/EntropyJensen.lean:169:65: `if_pos` has been deprecated: Use `ite_eq_left` instead
warning: DifferentialGeometry/Analysis/Integration/EntropyJensen.lean:172:50: `if_neg` has been deprecated: Use `ite_eq_right` instead
warning: DifferentialGeometry/Analysis/Integration/EntropyJensen.lean:182:48: `if_neg` has been deprecated: Use `ite_eq_right` instead
warning: DifferentialGeometry/Analysis/Integration/EntropyJensen.lean:194:63: `if_pos` has been deprecated: Use `ite_eq_left` instead
warning: DifferentialGeometry/Analysis/Integration/EntropyJensen.lean:196:48: `if_neg` has been deprecated: Use `ite_eq_right` instead
warning: DifferentialGeometry/Analysis/Integration/EntropyJensen.lean:215:67: `if_pos` has been deprecated: Use `ite_eq_left` instead
warning: DifferentialGeometry/Analysis/Integration/EntropyJensen.lean:221:52: `if_neg` has been deprecated: Use `ite_eq_right` instead
⚠ [11379/11477] Replayed DifferentialGeometry.Geometry.Metric.DistanceTent
warning: DifferentialGeometry/Geometry/Metric/DistanceTent.lean:163:36: `Isometry.lipschitz` has been deprecated: Use `Isometry.lipschitzWith` instead
⚠ [11408/11477] Replayed DifferentialGeometry.Geometry.Compactness.CheegerGromov.Covering.GoodCoveringOrdered
warning: DifferentialGeometry/Geometry/Compactness/CheegerGromov/Covering/GoodCoveringOrdered.lean:98:15: `dif_pos` has been deprecated: Use `dite_eq_left` instead
warning: DifferentialGeometry/Geometry/Compactness/CheegerGromov/Covering/GoodCoveringOrdered.lean:120:36: `dif_neg` has been deprecated: Use `dite_eq_right` instead
warning: DifferentialGeometry/Geometry/Compactness/CheegerGromov/Covering/GoodCoveringOrdered.lean:128:15: `dif_neg` has been deprecated: Use `dite_eq_right` instead
⚠ [11428/11477] Replayed DifferentialGeometry.Geometry.Compactness.CheegerGromov.CenterOfMass.Convergence
warning: DifferentialGeometry/Geometry/Compactness/CheegerGromov/CenterOfMass/Convergence.lean:367:23: `dif_pos` has been deprecated: Use `dite_eq_left` instead
⚠ [11433/11477] Replayed DifferentialGeometry.Geometry.Compactness.CheegerGromov.ApproximateIsometry.MetricApproximationConstruction
warning: DifferentialGeometry/Geometry/Compactness/CheegerGromov/ApproximateIsometry/MetricApproximationConstruction.lean:919:40: `if_true` has been deprecated: Use `ite_true` instead
warning: DifferentialGeometry/Geometry/Compactness/CheegerGromov/ApproximateIsometry/MetricApproximationConstruction.lean:1160:17: `if_pos` has been deprecated: Use `ite_eq_left` instead
⚠ [11438/11477] Replayed DifferentialGeometry.Geometry.Compactness.CheegerGromov.Gluing.NormalBump
warning: DifferentialGeometry/Geometry/Compactness/CheegerGromov/Gluing/NormalBump.lean:309:17: `if_pos` has been deprecated: Use `ite_eq_left` instead
warning: DifferentialGeometry/Geometry/Compactness/CheegerGromov/Gluing/NormalBump.lean:319:17: `if_neg` has been deprecated: Use `ite_eq_right` instead
warning: DifferentialGeometry/Geometry/Compactness/CheegerGromov/Gluing/NormalBump.lean:342:27: `if_pos` has been deprecated: Use `ite_eq_left` instead
warning: DifferentialGeometry/Geometry/Compactness/CheegerGromov/Gluing/NormalBump.lean:343:19: `if_neg` has been deprecated: Use `ite_eq_right` instead
warning: DifferentialGeometry/Geometry/Compactness/CheegerGromov/Gluing/NormalBump.lean:380:19: `if_pos` has been deprecated: Use `ite_eq_left` instead
warning: DifferentialGeometry/Geometry/Compactness/CheegerGromov/Gluing/NormalBump.lean:380:31: `if_pos` has been deprecated: Use `ite_eq_left` instead
warning: DifferentialGeometry/Geometry/Compactness/CheegerGromov/Gluing/NormalBump.lean:382:19: `if_neg` has been deprecated: Use `ite_eq_right` instead
warning: DifferentialGeometry/Geometry/Compactness/CheegerGromov/Gluing/NormalBump.lean:382:30: `if_neg` has been deprecated: Use `ite_eq_right` instead
⚠ [11439/11477] Replayed DifferentialGeometry.Geometry.Compactness.CheegerGromov.CenterOfMass.Weights
warning: DifferentialGeometry/Geometry/Compactness/CheegerGromov/CenterOfMass/Weights.lean:24:14: `if_pos` has been deprecated: Use `ite_eq_left` instead
warning: DifferentialGeometry/Geometry/Compactness/CheegerGromov/CenterOfMass/Weights.lean:29:14: `if_neg` has been deprecated: Use `ite_eq_right` instead
⚠ [11460/11477] Replayed DifferentialGeometry.Geometry.Compactness.CheegerGromov.Gluing.AtomPackage
warning: DifferentialGeometry/Geometry/Compactness/CheegerGromov/Gluing/AtomPackage.lean:576:6: `dif_pos` has been deprecated: Use `dite_eq_left` instead
warning: DifferentialGeometry/Geometry/Compactness/CheegerGromov/Gluing/AtomPackage.lean:631:25: `dif_pos` has been deprecated: Use `dite_eq_left` instead
⚠ [11466/11477] Replayed DifferentialGeometry.Geometry.Compactness.CheegerGromov.Gluing.CenterMapConstruction
warning: DifferentialGeometry/Geometry/Compactness/CheegerGromov/Gluing/CenterMapConstruction.lean:1396:29: `dif_pos` has been deprecated: Use `dite_eq_left` instead
warning: DifferentialGeometry/Geometry/Compactness/CheegerGromov/Gluing/CenterMapConstruction.lean:1404:30: `dif_neg` has been deprecated: Use `dite_eq_right` instead
warning: DifferentialGeometry/Geometry/Compactness/CheegerGromov/Gluing/CenterMapConstruction.lean:1432:32: `dif_neg` has been deprecated: Use `dite_eq_right` instead
warning: DifferentialGeometry/Geometry/Compactness/CheegerGromov/Gluing/CenterMapConstruction.lean:1446:23: `dif_neg` has been deprecated: Use `dite_eq_right` instead
warning: DifferentialGeometry/Geometry/Compactness/CheegerGromov/Gluing/CenterMapConstruction.lean:1469:25: `dif_pos` has been deprecated: Use `dite_eq_left` instead
warning: DifferentialGeometry/Geometry/Compactness/CheegerGromov/Gluing/CenterMapConstruction.lean:1470:26: `dif_neg` has been deprecated: Use `dite_eq_right` instead
warning: DifferentialGeometry/Geometry/Compactness/CheegerGromov/Gluing/CenterMapConstruction.lean:1542:23: `dif_neg` has been deprecated: Use `dite_eq_right` instead
⚠ [11472/11584] Replayed DifferentialGeometry.Tensor.Multilinear.Polarization
warning: DifferentialGeometry/Tensor/Multilinear/Polarization.lean:153:8: `if_pos` has been deprecated: Use `ite_eq_left` instead
warning: DifferentialGeometry/Tensor/Multilinear/Polarization.lean:159:8: `if_pos` has been deprecated: Use `ite_eq_left` instead
warning: DifferentialGeometry/Tensor/Multilinear/Polarization.lean:160:8: `if_neg` has been deprecated: Use `ite_eq_right` instead
warning: DifferentialGeometry/Tensor/Multilinear/Polarization.lean:212:16: `if_pos` has been deprecated: Use `ite_eq_left` instead
warning: DifferentialGeometry/Tensor/Multilinear/Polarization.lean:212:27: `if_pos` has been deprecated: Use `ite_eq_left` instead
warning: DifferentialGeometry/Tensor/Multilinear/Polarization.lean:214:16: `if_neg` has been deprecated: Use `ite_eq_right` instead
warning: DifferentialGeometry/Tensor/Multilinear/Polarization.lean:214:27: `if_neg` has been deprecated: Use `ite_eq_right` instead
⚠ [11476/11584] Replayed DifferentialGeometry.Geometry.Curvature.CurvatureOperator.CovariantDerivativeTower
warning: DifferentialGeometry/Geometry/Curvature/CurvatureOperator/CovariantDerivativeTower.lean:1660:23: `if_pos` has been deprecated: Use `ite_eq_left` instead
warning: DifferentialGeometry/Geometry/Curvature/CurvatureOperator/CovariantDerivativeTower.lean:1661:23: `if_neg` has been deprecated: Use `ite_eq_right` instead
warning: DifferentialGeometry/Geometry/Curvature/CurvatureOperator/CovariantDerivativeTower.lean:1673:26: `if_neg` has been deprecated: Use `ite_eq_right` instead
warning: DifferentialGeometry/Geometry/Curvature/CurvatureOperator/CovariantDerivativeTower.lean:1692:23: `if_true` has been deprecated: Use `ite_true` instead
warning: DifferentialGeometry/Geometry/Curvature/CurvatureOperator/CovariantDerivativeTower.lean:1700:37: `if_true` has been deprecated: Use `ite_true` instead
⚠ [11484/11584] Replayed DifferentialGeometry.Geometry.Exponential.NormalBallGeodesic
warning: DifferentialGeometry/Geometry/Exponential/NormalBallGeodesic.lean:291:23: `dif_pos` has been deprecated: Use `dite_eq_left` instead
⚠ [11486/11584] Replayed DifferentialGeometry.Geometry.Compactness.CheegerGromov.NormalCoordinates.NormalMetricLocal
warning: DifferentialGeometry/Geometry/Compactness/CheegerGromov/NormalCoordinates/NormalMetricLocal.lean:461:23: `dif_pos` has been deprecated: Use `dite_eq_left` instead
⚠ [11490/11584] Replayed DifferentialGeometry.Analysis.ODE.PhaseFlowExistence
warning: DifferentialGeometry/Analysis/ODE/PhaseFlowExistence.lean:107:32: `ContinuousLinearMap.lipschitz` has been deprecated: Use `ContinuousLinearMap.lipschitzWith` instead
warning: DifferentialGeometry/Analysis/ODE/PhaseFlowExistence.lean:110:39: `ContinuousLinearMap.lipschitz` has been deprecated: Use `ContinuousLinearMap.lipschitzWith` instead
warning: DifferentialGeometry/Analysis/ODE/PhaseFlowExistence.lean:188:18: `dif_pos` has been deprecated: Use `dite_eq_left` instead
warning: DifferentialGeometry/Analysis/ODE/PhaseFlowExistence.lean:192:18: `dif_pos` has been deprecated: Use `dite_eq_left` instead
warning: DifferentialGeometry/Analysis/ODE/PhaseFlowExistence.lean:201:18: `dif_pos` has been deprecated: Use `dite_eq_left` instead
⚠ [11507/11584] Replayed DifferentialGeometry.Geometry.Compactness.CheegerGromov.NormalCoordinates.NormalInvVelConv
warning: DifferentialGeometry/Geometry/Compactness/CheegerGromov/NormalCoordinates/NormalInvVelConv.lean:252:21: `if_pos` has been deprecated: Use `ite_eq_left` instead
warning: DifferentialGeometry/Geometry/Compactness/CheegerGromov/NormalCoordinates/NormalInvVelConv.lean:259:23: `if_pos` has been deprecated: Use `ite_eq_left` instead
warning: DifferentialGeometry/Geometry/Compactness/CheegerGromov/NormalCoordinates/NormalInvVelConv.lean:266:23: `if_pos` has been deprecated: Use `ite_eq_left` instead
warning: DifferentialGeometry/Geometry/Compactness/CheegerGromov/NormalCoordinates/NormalInvVelConv.lean:273:22: `if_pos` has been deprecated: Use `ite_eq_left` instead
warning: DifferentialGeometry/Geometry/Compactness/CheegerGromov/NormalCoordinates/NormalInvVelConv.lean:274:22: `if_neg` has been deprecated: Use `ite_eq_right` instead
warning: DifferentialGeometry/Geometry/Compactness/CheegerGromov/NormalCoordinates/NormalInvVelConv.lean:278:24: `if_pos` has been deprecated: Use `ite_eq_left` instead
warning: DifferentialGeometry/Geometry/Compactness/CheegerGromov/NormalCoordinates/NormalInvVelConv.lean:279:24: `if_neg` has been deprecated: Use `ite_eq_right` instead
warning: DifferentialGeometry/Geometry/Compactness/CheegerGromov/NormalCoordinates/NormalInvVelConv.lean:283:24: `if_pos` has been deprecated: Use `ite_eq_left` instead
warning: DifferentialGeometry/Geometry/Compactness/CheegerGromov/NormalCoordinates/NormalInvVelConv.lean:284:24: `if_neg` has been deprecated: Use `ite_eq_right` instead
warning: DifferentialGeometry/Geometry/Compactness/CheegerGromov/NormalCoordinates/NormalInvVelConv.lean:289:30: `if_pos` has been deprecated: Use `ite_eq_left` instead
warning: DifferentialGeometry/Geometry/Compactness/CheegerGromov/NormalCoordinates/NormalInvVelConv.lean:290:30: `if_neg` has been deprecated: Use `ite_eq_right` instead
warning: DifferentialGeometry/Geometry/Compactness/CheegerGromov/NormalCoordinates/NormalInvVelConv.lean:296:31: `if_pos` has been deprecated: Use `ite_eq_left` instead
⚠ [11542/11584] Replayed DifferentialGeometry.Geometry.Compactness.CheegerGromov.ApproximateIsometry.MetricBridge
warning: DifferentialGeometry/Geometry/Compactness/CheegerGromov/ApproximateIsometry/MetricBridge.lean:639:21: `if_pos` has been deprecated: Use `ite_eq_left` instead
warning: DifferentialGeometry/Geometry/Compactness/CheegerGromov/ApproximateIsometry/MetricBridge.lean:648:21: `if_pos` has been deprecated: Use `ite_eq_left` instead
warning: DifferentialGeometry/Geometry/Compactness/CheegerGromov/ApproximateIsometry/MetricBridge.lean:653:22: `if_pos` has been deprecated: Use `ite_eq_left` instead
warning: DifferentialGeometry/Geometry/Compactness/CheegerGromov/ApproximateIsometry/MetricBridge.lean:654:22: `if_neg` has been deprecated: Use `ite_eq_right` instead
warning: DifferentialGeometry/Geometry/Compactness/CheegerGromov/ApproximateIsometry/MetricBridge.lean:659:22: `if_pos` has been deprecated: Use `ite_eq_left` instead
warning: DifferentialGeometry/Geometry/Compactness/CheegerGromov/ApproximateIsometry/MetricBridge.lean:660:22: `if_neg` has been deprecated: Use `ite_eq_right` instead
warning: DifferentialGeometry/Geometry/Compactness/CheegerGromov/ApproximateIsometry/MetricBridge.lean:664:22: `if_pos` has been deprecated: Use `ite_eq_left` instead
warning: DifferentialGeometry/Geometry/Compactness/CheegerGromov/ApproximateIsometry/MetricBridge.lean:665:21: `if_neg` has been deprecated: Use `ite_eq_right` instead
warning: DifferentialGeometry/Geometry/Compactness/CheegerGromov/ApproximateIsometry/MetricBridge.lean:676:23: `if_pos` has been deprecated: Use `ite_eq_left` instead
⚠ [11544/11584] Replayed DifferentialGeometry.Geometry.Compactness.CheegerGromov.ApproximateIsometry.Inverse
warning: DifferentialGeometry/Geometry/Compactness/CheegerGromov/ApproximateIsometry/Inverse.lean:69:20: `dif_pos` has been deprecated: Use `dite_eq_left` instead
warning: DifferentialGeometry/Geometry/Compactness/CheegerGromov/ApproximateIsometry/Inverse.lean:73:20: `dif_neg` has been deprecated: Use `dite_eq_right` instead
warning: DifferentialGeometry/Geometry/Compactness/CheegerGromov/ApproximateIsometry/Inverse.lean:90:21: `dif_neg` has been deprecated: Use `dite_eq_right` instead
⚠ [11547/11584] Replayed DifferentialGeometry.Geometry.Compactness.CheegerGromov.ApproximateIsometry.MetricReverse
warning: DifferentialGeometry/Geometry/Compactness/CheegerGromov/ApproximateIsometry/MetricReverse.lean:401:23: `if_pos` has been deprecated: Use `ite_eq_left` instead
warning: DifferentialGeometry/Geometry/Compactness/CheegerGromov/ApproximateIsometry/MetricReverse.lean:406:24: `if_pos` has been deprecated: Use `ite_eq_left` instead
warning: DifferentialGeometry/Geometry/Compactness/CheegerGromov/ApproximateIsometry/MetricReverse.lean:407:24: `if_neg` has been deprecated: Use `ite_eq_right` instead
warning: DifferentialGeometry/Geometry/Compactness/CheegerGromov/ApproximateIsometry/MetricReverse.lean:412:24: `if_pos` has been deprecated: Use `ite_eq_left` instead
warning: DifferentialGeometry/Geometry/Compactness/CheegerGromov/ApproximateIsometry/MetricReverse.lean:413:23: `if_neg` has been deprecated: Use `ite_eq_right` instead
warning: DifferentialGeometry/Geometry/Compactness/CheegerGromov/ApproximateIsometry/MetricReverse.lean:578:26: `if_pos` has been deprecated: Use `ite_eq_left` instead
⚠ [11549/11584] Replayed DifferentialGeometry.Geometry.Compactness.CheegerGromov.ApproximateIsometry.MetricIntrinsic
warning: DifferentialGeometry/Geometry/Compactness/CheegerGromov/ApproximateIsometry/MetricIntrinsic.lean:1156:23: `if_pos` has been deprecated: Use `ite_eq_left` instead
warning: DifferentialGeometry/Geometry/Compactness/CheegerGromov/ApproximateIsometry/MetricIntrinsic.lean:1161:24: `if_pos` has been deprecated: Use `ite_eq_left` instead
warning: DifferentialGeometry/Geometry/Compactness/CheegerGromov/ApproximateIsometry/MetricIntrinsic.lean:1162:24: `if_neg` has been deprecated: Use `ite_eq_right` instead
warning: DifferentialGeometry/Geometry/Compactness/CheegerGromov/ApproximateIsometry/MetricIntrinsic.lean:1210:22: `if_pos` has been deprecated: Use `ite_eq_left` instead
⚠ [11551/11584] Replayed DifferentialGeometry.Geometry.Compactness.CheegerGromov.ApproximateIsometry.MetricBridgeHigherRegularity
warning: DifferentialGeometry/Geometry/Compactness/CheegerGromov/ApproximateIsometry/MetricBridgeHigherRegularity.lean:272:21: `if_pos` has been deprecated: Use `ite_eq_left` instead
warning: DifferentialGeometry/Geometry/Compactness/CheegerGromov/ApproximateIsometry/MetricBridgeHigherRegularity.lean:282:21: `if_pos` has been deprecated: Use `ite_eq_left` instead
warning: DifferentialGeometry/Geometry/Compactness/CheegerGromov/ApproximateIsometry/MetricBridgeHigherRegularity.lean:287:22: `if_pos` has been deprecated: Use `ite_eq_left` instead
warning: DifferentialGeometry/Geometry/Compactness/CheegerGromov/ApproximateIsometry/MetricBridgeHigherRegularity.lean:288:22: `if_neg` has been deprecated: Use `ite_eq_right` instead
warning: DifferentialGeometry/Geometry/Compactness/CheegerGromov/ApproximateIsometry/MetricBridgeHigherRegularity.lean:293:22: `if_pos` has been deprecated: Use `ite_eq_left` instead
warning: DifferentialGeometry/Geometry/Compactness/CheegerGromov/ApproximateIsometry/MetricBridgeHigherRegularity.lean:294:22: `if_neg` has been deprecated: Use `ite_eq_right` instead
warning: DifferentialGeometry/Geometry/Compactness/CheegerGromov/ApproximateIsometry/MetricBridgeHigherRegularity.lean:298:22: `if_pos` has been deprecated: Use `ite_eq_left` instead
warning: DifferentialGeometry/Geometry/Compactness/CheegerGromov/ApproximateIsometry/MetricBridgeHigherRegularity.lean:300:22: `if_neg` has been deprecated: Use `ite_eq_right` instead
warning: DifferentialGeometry/Geometry/Compactness/CheegerGromov/ApproximateIsometry/MetricBridgeHigherRegularity.lean:309:23: `if_pos` has been deprecated: Use `ite_eq_left` instead
⚠ [11554/11584] Replayed DifferentialGeometry.Geometry.Compactness.CheegerGromov.ApproximateIsometry.MetricReverseHigherRegularity
warning: DifferentialGeometry/Geometry/Compactness/CheegerGromov/ApproximateIsometry/MetricReverseHigherRegularity.lean:414:23: `if_pos` has been deprecated: Use `ite_eq_left` instead
warning: DifferentialGeometry/Geometry/Compactness/CheegerGromov/ApproximateIsometry/MetricReverseHigherRegularity.lean:419:24: `if_pos` has been deprecated: Use `ite_eq_left` instead
warning: DifferentialGeometry/Geometry/Compactness/CheegerGromov/ApproximateIsometry/MetricReverseHigherRegularity.lean:420:24: `if_neg` has been deprecated: Use `ite_eq_right` instead
warning: DifferentialGeometry/Geometry/Compactness/CheegerGromov/ApproximateIsometry/MetricReverseHigherRegularity.lean:426:24: `if_pos` has been deprecated: Use `ite_eq_left` instead
warning: DifferentialGeometry/Geometry/Compactness/CheegerGromov/ApproximateIsometry/MetricReverseHigherRegularity.lean:427:23: `if_neg` has been deprecated: Use `ite_eq_right` instead
warning: DifferentialGeometry/Geometry/Compactness/CheegerGromov/ApproximateIsometry/MetricReverseHigherRegularity.lean:613:26: `if_pos` has been deprecated: Use `ite_eq_left` instead
⚠ [11555/11584] Replayed DifferentialGeometry.Geometry.Compactness.CheegerGromov.ApproximateIsometry.MetricIntrinsicHigherRegularity
warning: DifferentialGeometry/Geometry/Compactness/CheegerGromov/ApproximateIsometry/MetricIntrinsicHigherRegularity.lean:436:23: `if_pos` has been deprecated: Use `ite_eq_left` instead
warning: DifferentialGeometry/Geometry/Compactness/CheegerGromov/ApproximateIsometry/MetricIntrinsicHigherRegularity.lean:441:24: `if_pos` has been deprecated: Use `ite_eq_left` instead
warning: DifferentialGeometry/Geometry/Compactness/CheegerGromov/ApproximateIsometry/MetricIntrinsicHigherRegularity.lean:442:24: `if_neg` has been deprecated: Use `ite_eq_right` instead
warning: DifferentialGeometry/Geometry/Compactness/CheegerGromov/ApproximateIsometry/MetricIntrinsicHigherRegularity.lean:492:22: `if_pos` has been deprecated: Use `ite_eq_left` instead
⚠ [11558/11584] Replayed DifferentialGeometry.Geometry.Compactness.CheegerGromov.Gluing.CenterMapHigherRegularity
warning: DifferentialGeometry/Geometry/Compactness/CheegerGromov/Gluing/CenterMapHigherRegularity.lean:1493:26: `dif_pos` has been deprecated: Use `dite_eq_left` instead
warning: DifferentialGeometry/Geometry/Compactness/CheegerGromov/Gluing/CenterMapHigherRegularity.lean:1499:30: `dif_neg` has been deprecated: Use `dite_eq_right` instead
warning: DifferentialGeometry/Geometry/Compactness/CheegerGromov/Gluing/CenterMapHigherRegularity.lean:1526:32: `dif_neg` has been deprecated: Use `dite_eq_right` instead
warning: DifferentialGeometry/Geometry/Compactness/CheegerGromov/Gluing/CenterMapHigherRegularity.lean:1540:23: `dif_neg` has been deprecated: Use `dite_eq_right` instead
warning: DifferentialGeometry/Geometry/Compactness/CheegerGromov/Gluing/CenterMapHigherRegularity.lean:1623:26: `dif_pos` has been deprecated: Use `dite_eq_left` instead
warning: DifferentialGeometry/Geometry/Compactness/CheegerGromov/Gluing/CenterMapHigherRegularity.lean:1627:26: `dif_neg` has been deprecated: Use `dite_eq_right` instead
⚠ [11570/11584] Built DifferentialGeometry.Analysis.Sobolev.Manifold.Lipschitz (9.7s)
warning: DifferentialGeometry/Analysis/Sobolev/Manifold/Lipschitz.lean:216:12: `if_pos` has been deprecated: Use `ite_eq_left` instead
warning: DifferentialGeometry/Analysis/Sobolev/Manifold/Lipschitz.lean:250:12: `if_pos` has been deprecated: Use `ite_eq_left` instead
✔ [11571/11584] Built DifferentialGeometry.Analysis.Sobolev.Intrinsic.Lipschitz (7.7s)
⚠ [11572/11584] Built DifferentialGeometry.Analysis.Sobolev.Intrinsic.LipschitzApprox (9.9s)
warning: DifferentialGeometry/Analysis/Sobolev/Intrinsic/LipschitzApprox.lean:251:8: `dif_pos` has been deprecated: Use `dite_eq_left` instead
warning: DifferentialGeometry/Analysis/Sobolev/Intrinsic/LipschitzApprox.lean:262:8: `dif_neg` has been deprecated: Use `dite_eq_right` instead
warning: DifferentialGeometry/Analysis/Sobolev/Intrinsic/LipschitzApprox.lean:276:6: `dif_pos` has been deprecated: Use `dite_eq_left` instead
warning: DifferentialGeometry/Analysis/Sobolev/Intrinsic/LipschitzApprox.lean:403:33: `if_neg` has been deprecated: Use `ite_eq_right` instead
warning: DifferentialGeometry/Analysis/Sobolev/Intrinsic/LipschitzApprox.lean:428:20: `if_pos` has been deprecated: Use `ite_eq_left` instead
warning: DifferentialGeometry/Analysis/Sobolev/Intrinsic/LipschitzApprox.lean:439:20: `if_neg` has been deprecated: Use `ite_eq_right` instead
warning: DifferentialGeometry/Analysis/Sobolev/Intrinsic/LipschitzApprox.lean:480:12: `if_pos` has been deprecated: Use `ite_eq_left` instead
warning: DifferentialGeometry/Analysis/Sobolev/Intrinsic/LipschitzApprox.lean:491:12: `if_neg` has been deprecated: Use `ite_eq_right` instead
✔ [11573/11584] Built DifferentialGeometry.Geometry.Flow.RicciFlow.Perelman.Noncollapsing.CutoffEnergy (7.2s)
✔ [11574/11584] Built DifferentialGeometry.Geometry.Flow.RicciFlow.Perelman.Noncollapsing.CutoffFunctional (6.4s)
✔ [11575/11584] Built DifferentialGeometry.Geometry.Flow.RicciFlow.Perelman.Noncollapsing.FlowBallFunctional (8.1s)
✔ [11576/11584] Built DifferentialGeometry.Geometry.Flow.RicciFlow.Perelman.Noncollapsing.TimeSpan (8.1s)
✔ [11577/11584] Built DifferentialGeometry.Geometry.Flow.RicciFlow.Perelman.Noncollapsing.Persistence (6.2s)
✔ [11578/11584] Built DifferentialGeometry.Geometry.Flow.RicciFlow.Perelman.Noncollapsing.EarlyTime (6.4s)
✔ [11579/11584] Built DifferentialGeometry.Geometry.Flow.RicciFlow.DimensionThree.PositiveRicci.Compactness.FlowUpgrade (22s)
✔ [11580/11584] Built DifferentialGeometry.Geometry.Flow.RicciFlow.DimensionThree.PositiveRicci.Compactness.Limit (7.3s)
✔ [11581/11584] Built DifferentialGeometry.Geometry.Flow.RicciFlow.DimensionThree.PositiveRicci.Classification (5.4s)
✔ [11582/11584] Built DifferentialGeometry.Geometry.Flow.RicciFlow.DimensionThree.PositiveRicci.Hamilton (4.7s)
✔ [11583/11584] Built Solution (4.2s)
Build completed successfully (11584 jobs).
WARNING: THIS IS NOT REAL LANDRUN! UNSAFELY RUNNING exec /home/runner/work/differential-geometry/differential-geometry/.lake/comparator-tools/v4.34.0-rc2/.lake/packages/lean4export/.lake/build/bin/lean4export Solution -- Nat String String.mk Char Quot Quot.mk Quot.lift Quot.ind HamiltonPointwise.hamilton_positive_ricci propext Quot.sound Classical.choice Nat.add Nat.sub Nat.mul Nat.pow Nat.gcd Nat.div Nat.mod Nat.beq Nat.ble Nat.land Nat.lor Nat.xor Nat.shiftLeft Nat.shiftRight String.ofList Char.ofNat List eagerReduce
Exporting #[Nat, String, String.mk, Char, Quot, Quot.mk, Quot.lift, Quot.ind, HamiltonPointwise.hamilton_positive_ricci, propext, Quot.sound, Classical.choice, Nat.add, Nat.sub, Nat.mul, Nat.pow, Nat.gcd, Nat.div, Nat.mod, Nat.beq, Nat.ble, Nat.land, Nat.lor, Nat.xor, Nat.shiftLeft, Nat.shiftRight, String.ofList, Char.ofNat, List, eagerReduce] from Solution
Running Lean default kernel on solution.
Lean default kernel accepts the solution
Your solution is okay!
